cruise;station;D;day;pres;Depth;;Temperature;Salinity;Fluorescence;Turbidity;PAR;Oxygen;surfacePAR
ENV1;S3;D;0;-4;4;;13.1823;33.7474;1.7076;1.3874;42.818;2.4458;172.14
ENV1;S3;D;0;-5;5;;13.1898;33.7599;1.6898;1.5626;38.649;2.4456;182.94
ENV1;S3;D;0;-6;6;;13.2005;33.7738;1.7427;1.6281;30.9;2.4447;183.55
ENV1;S3;D;0;-7;7;;13.538;34.3054;1.7078;1.5907;24.387;2.4446;183.54
ENV1;S3;D;0;-8;8;;13.8305;34.7801;1.5072;1.5331;18.084;2.4536;183.54
ENV1;S3;D;0;-9;9;;13.7711;34.919;1.3764;1.218;13.278;2.4584;184.04
ENV1;S3;D;0;-10;10;;13.7507;35.0159;1.3785;1.1573;11.186;2.4469;183.42
ENV1;S3;D;0;-11;11;;13.7432;35.0553;1.291;1.1322;9.57;2.4427;183.54
ENV1;S3;D;0;-12;12;;13.724;35.1107;1.2943;1.1638;8.4289;2.4402;183.54
ENV1;S3;D;0;-13;13;;13.7055;35.1533;1.2403;1.1482;7.2052;2.4379;185.16
ENV1;S3;D;0;-14;14;;13.7345;35.257;1.1411;1.2423;6.1293;2.4352;186.42
ENV1;S3;D;0;-15;15;;13.784;35.3926;0.9084;1.3426;5.0178;2.432;187.48
ENV1;S3;D;0;-16;16;;13.8223;35.4706;0.6587;1.1695;3.9894;2.4181;187.53
ENV1;S3;D;0;-17;17;;13.8417;35.5324;0.5406;1.0269;3.6237;2.3995;187.53
ENV1;S3;D;0;-18;18;;13.8386;35.5512;0.5154;1.1441;3.3229;2.3932;187.53
ENV1;S3;D;0;-19;19;;13.8189;35.5572;0.505;1.1467;3.021;2.3879;187.53
ENV1;S3;D;0;-20;20;;13.8142;35.5615;0.5078;1.1928;2.7352;2.3824;187.6
ENV1;S3;D;0;-21;21;;13.8019;35.5658;0.502;1.2415;2.3485;2.3789;189.01
ENV1;S3;D;0;-22;22;;13.7872;35.5755;0.4477;1.178;1.8983;2.3751;189.47
ENV1;S3;D;0;-23;23;;13.7719;35.599;0.4006;1.0413;1.6896;2.3707;189.53
ENV1;S3;D;0;-24;24;;13.7482;35.6205;0.3919;1.2029;1.5768;2.3681;190.39
ENV1;S3;D;0;-25;25;;13.7386;35.6498;0.3691;1.2968;1.4437;2.3648;191.55
ENV1;S3;D;0;-26;26;;13.7429;35.6823;0.3461;1.4417;1.2973;2.3606;191.52
ENV1;S3;D;0;-27;27;;13.7339;35.6891;0.3258;1.5669;1.1341;2.356;191.52
ENV1;S3;D;0;-28;28;;13.7298;35.695;0.275;1.6114;0.96088;2.3474;193.35
ENV1;S3;D;0;-29;29;;13.7286;35.7024;0.2596;1.5854;0.81347;2.3384;193.52
ENV1;S3;D;0;-30;30;;13.7283;35.7106;0.2582;1.6874;0.74105;2.3334;193.45
ENV1;S3;D;0;-31;31;;13.7218;35.7138;0.2482;1.9078;0.64603;2.3318;193.52
ENV1;S3;D;0;-32;32;;13.698;35.7155;0.2464;2.0164;0.56422;2.3292;193.52
ENV1;S3;D;0;-33;33;;13.6865;35.7148;0.2357;1.9184;0.48162;2.3251;193.95
ENV1;S3;D;0;-34;34;;13.6829;35.7147;0.2173;1.8342;0.39772;2.3209;195.39
ENV1;S3;D;0;-35;35;;13.6815;35.7148;0.211;1.8979;0.33122;2.3191;195.51
ENV1;S3;D;0;-36;36;;13.6761;35.7158;0.2156;1.9134;0.2887;2.3177;195.51
ENV1;S3;D;0;-37;37;;13.6638;35.719;0.2238;2.0307;0.24698;2.3162;196.26
ENV1;S3;D;0;-38;38;;13.6596;35.7207;0.2325;2.1634;0.20452;2.3148;197.49
ENV1;S3;D;0;-39;39;;13.6527;35.7212;0.2352;2.2556;0.16878;2.3131;197.65
ENV1;S3;D;0;-40;40;;13.6393;35.7211;0.2111;2.2397;0.1312;2.3097;199.42
ENV1;S3;D;0;-41;41;;13.6242;35.7207;0.1903;1.9224;0.097828;2.3057;198.66
ENV1;S3;D;0;-42;42;;13.6164;35.7213;0.1984;1.9502;0.072592;2.3023;197.4
ENV1;S3;D;0;-43;43;;13.5896;35.7227;0.1939;2.1795;0.058108;2.3009;198.83
ENV1;S3;D;0;-44;44;;13.5512;35.7246;0.188;2.2503;0.04274;2.2997;199.51
ENV1;S3;D;0;-45;45;;13.5155;35.7256;0.1834;2.4125;0.03033;2.2972;201.22
ENV1;S3;D;0;-46;46;;13.4949;35.7244;0.155;2.4243;0.018762;2.2926;201.91
ENV1;S3;D;0;-47;47;;13.4548;35.7255;0.1412;2.1124;0.0047793;2.2832;203.5
ENV1;S3;D;0;-48;48;;13.4004;35.7289;0.1234;2.2105;-0.00007225;2.2757;203.49
ENV1;S3;D;0;-49;49;;13.3933;35.7285;0.1131;2.3474;1.32E-06;2.2701;203.49
ENV1;S3;D;0;-50;50;;13.3807;35.7285;0.1069;2.0917;1.00E-12;2.2616;203.33
ENV1;S3;D;0;-51;51;;13.3634;35.7298;0.1008;2.0399;1.00E-12;2.2551;203.43
ENV1;S3;D;0;-52;52;;13.3588;35.7305;0.1127;2.3132;1.00E-12;2.2531;203.49
ENV1;S3;D;0;-53;53;;13.3554;35.7305;0.1137;2.5038;1.00E-12;2.251;203.62
ENV1;S3;D;0;-54;54;;13.3492;35.7302;0.1086;2.3221;1.00E-12;2.2484;205.84
ENV1;S3;D;0;-55;55;;13.3456;35.7301;0.0969;2.2403;1.00E-12;2.2464;207.54
ENV1;S3;D;0;-56;56;;13.3291;35.73;0.1114;2.5144;1.00E-12;2.2453;207.48
ENV1;S3;D;0;-57;57;;13.0598;35.7279;0.1136;2.7216;1.00E-12;2.243;207.95
ENV1;S3;D;0;-58;58;;12.8884;35.7261;0.0735;2.6741;1.00E-12;2.231;208.45
ENV1;S3;D;0;-59;59;;12.8094;35.7225;0.0643;2.5573;1.00E-12;2.2139;207.53
ENV1;S3;D;0;-60;60;;12.7066;35.7206;0.0697;2.6513;1.00E-12;2.1989;207.54
ENV1;S3;D;0;-61;61;;12.6158;35.7188;0.0387;2.2591;1.00E-12;2.1805;208.14
ENV1;S3;D;0;-62;62;;12.4278;35.716;0.052;2.3146;1.00E-12;2.1632;209.5
ENV1;S3;D;0;-63;62;;12.2219;35.7099;0.0139;2.1757;1.00E-12;2.1475;210.15
ENV1;S3;D;0;-64;63;;12.1149;35.7075;0.0106;2.3965;1.00E-12;2.1324;211.42
ENV1;S3;D;0;-65;64;;12.0107;35.7031;0.0066;2.4726;1.00E-12;2.1161;211.47
ENV1;S3;D;0;-66;65;;11.873;35.7006;-0.0091;2.5232;1.00E-12;2.1014;212.64
ENV1;S3;D;0;-67;66;;11.8317;35.6984;-0.0343;2.6298;1.00E-12;2.0887;213.47
ENV1;S3;D;0;-68;67;;11.8237;35.696;-0.0193;2.7139;1.00E-12;2.0767;213.84
ENV1;S3;D;0;-69;68;;11.8163;35.6934;-0.0175;2.5407;1.00E-12;2.0612;214.81
ENV1;S3;D;0;-70;69;;11.8146;35.6911;-0.0196;2.3319;1.00E-12;2.0477;213.97
ENV1;S3;D;0;-71;70;;11.8065;35.6889;-0.0288;2.5468;1.00E-12;2.0437;217.69
ENV1;S3;D;0;-72;71;;11.8048;35.6879;-0.014;2.5142;1.00E-12;2.0418;219.42
ENV1;S3;D;0;-73;72;;11.8015;35.6859;-0.0189;2.5498;1.00E-12;2.039;225.93
ENV1;S3;D;0;-74;73;;11.7979;35.6851;-0.012;2.6513;1.00E-12;2.0375;233.84
ENV1;S3;D;0;-75;74;;11.7978;35.6852;-0.023;2.7325;1.00E-12;2.0373;235.67
ENV1;S3;D;0;-76;75;;11.7935;35.6851;-0.0179;3.1041;1.00E-12;2.0371;240.34
ENV1;S3;D;0;-77;76;;11.7915;35.6848;-0.0095;2.7999;1.00E-12;2.0361;242.66
ENV1;S3;D;0;-78;77;;11.7849;35.6849;-0.0097;3.3086;1.00E-12;2.0345;245.42
ENV1;S3;D;0;-79;78;;11.7816;35.6847;-0.0148;2.9922;1.00E-12;2.0341;247.25
ENV1;S3;D;0;-80;79;;11.7762;35.685;-0.0186;3.2108;1.00E-12;2.0334;249.02
ENV1;S3;D;0;-81;80;;11.7768;35.6846;-0.0157;2.9271;1.00E-12;2.0316;264.59
ENV1;S6;D;1;-5;5;;13.9761;30.1973;1.3246;0.3041;45.045;2.3225;1482.8
ENV1;S3;D;1;-6;5;;13.5472;34.4786;1.511;1.3421;1.9286;2.4006;21.486
ENV1;S3;D;1;-7;7;;13.4777;35.1648;1.5322;1.1282;1.3528;2.4361;22.118
ENV1;S6;D;1;-7;7;;14.1391;35.7571;1.3772;0.3407;33.573;2.4342;1457.5
ENV1;S3;D;1;-8;8;;13.5155;35.2366;1.5743;1.219;1.1582;2.425;21.945
ENV1;S6;D;1;-8;8;;14.1446;35.7575;1.3676;0.338;29.927;2.4333;1467.5
ENV1;S3;D;1;-9;9;;13.5203;35.2512;1.6078;1.1934;0.8976;2.4256;21.563
ENV1;S6;D;1;-9;9;;14.1439;35.7573;1.4329;0.3332;27.817;2.4325;1477.3
ENV1;S3;D;1;-10;10;;13.5235;35.2535;1.6478;1.1322;0.72114;2.424;20.613
ENV1;S6;D;1;-10;10;;14.1433;35.7572;1.5475;0.335;26.195;2.4325;1494.4
ENV1;S3;D;1;-11;11;;13.5251;35.2584;1.6101;1.0888;0.608;2.4224;21.839
ENV1;S6;D;1;-11;11;;14.1443;35.7573;1.4177;0.3377;23.796;2.4334;1506.1
ENV1;S3;D;1;-12;12;;13.5112;35.2627;1.5212;1.154;0.53772;2.421;22.395
ENV1;S6;D;1;-12;12;;14.1414;35.7571;1.4294;0.3261;21.689;2.4339;1502.1
ENV1;S3;D;1;-13;13;;13.5157;35.2742;1.5206;1.1306;0.45986;2.4207;21.939
ENV1;S6;D;1;-13;13;;14.1421;35.7573;1.4013;0.3256;21.177;2.4344;1481.8
ENV1;S3;D;1;-14;14;;13.5234;35.2833;1.4965;1.1391;0.36884;2.4202;21.945
ENV1;S6;D;1;-14;14;;14.1388;35.7568;1.4042;0.3727;22.489;2.4342;1465.6
ENV1;S3;D;1;-15;15;;13.5275;35.2882;1.436;1.1403;0.29132;2.4194;22.061
ENV1;S6;D;1;-15;15;;14.1359;35.7565;1.4443;0.3484;19.943;2.4336;1461.8
ENV1;S3;D;1;-16;16;;13.5347;35.3103;1.3347;1.0446;0.25129;2.4179;21.927
ENV1;S6;D;1;-16;16;;14.1356;35.7563;1.4448;0.3449;23.064;2.4323;1463.7
ENV1;S3;D;1;-17;17;;13.5939;35.403;1.2954;1.1017;0.23109;2.417;22.016
ENV1;S6;D;1;-17;17;;14.1359;35.7563;1.4557;0.3373;22.262;2.4315;1466.3
ENV1;S3;D;1;-18;18;;13.6624;35.463;1.1139;1.1112;0.19416;2.4181;21.949
ENV1;S6;D;1;-18;18;;14.1354;35.7564;1.4839;0.3425;24.068;2.4317;1465.5
ENV1;S3;D;1;-19;19;;13.69;35.508;0.9285;1.1104;0.16053;2.4149;21.945
ENV1;S6;D;1;-19;19;;14.1257;35.7552;1.4692;0.38;26.533;2.4318;1467.5
ENV1;S3;D;1;-20;20;;13.6902;35.5312;0.8914;1.0757;0.13559;2.4076;21.945
ENV1;S6;D;1;-20;20;;14.1172;35.7549;1.4229;0.3478;22.245;2.4317;1478.4
ENV1;S3;D;1;-21;21;;13.6954;35.5407;0.8163;1.0359;0.1149;2.404;21.945
ENV1;S6;D;1;-21;21;;14.1144;35.7546;1.4202;0.3348;20.453;2.4306;1498.8
ENV1;S3;D;1;-22;22;;13.7065;35.5523;0.7396;1.0459;0.099014;2.4013;22.049
ENV1;S6;D;1;-22;22;;14.1149;35.7544;1.4788;0.3181;19.17;2.4291;1508.7
ENV1;S3;D;1;-23;23;;13.7079;35.5589;0.6468;0.9876;0.087481;2.3976;23.914
ENV1;S6;D;1;-23;23;;14.1137;35.7546;1.5097;0.3296;17.743;2.4288;1469.8
ENV1;S3;D;1;-24;24;;13.7171;35.5644;0.7477;0.8666;0.069976;2.3941;21.917
ENV1;S6;D;1;-24;24;;14.1129;35.7546;1.4694;0.3392;15.944;2.4285;1457.3
ENV1;S3;D;1;-25;25;;13.7162;35.57;0.6301;0.9762;0.058402;2.393;21.945
ENV1;S6;D;1;-25;25;;14.1123;35.7547;1.4277;0.3458;14.82;2.4282;1447.8
ENV1;S3;D;1;-26;26;;13.7159;35.5782;0.5799;0.9391;0.047512;2.3906;23.164
ENV1;S6;D;1;-26;26;;14.1117;35.7547;1.4181;0.3436;13.721;2.4263;1446.8
ENV1;S3;D;1;-27;27;;13.7165;35.5826;0.5519;1.0654;0.038905;2.3898;23.897
ENV1;S6;D;1;-27;27;;14.1111;35.7546;1.4595;0.3311;12.324;2.4249;1459.5
ENV1;S3;D;1;-28;28;;13.7204;35.5918;0.5019;1.0984;0.033307;2.389;21.708
ENV1;S6;D;1;-28;28;;14.1101;35.7544;1.4144;0.3266;12.716;2.4247;1484.3
ENV1;S3;D;1;-29;29;;13.7212;35.606;0.498;1.112;0.02596;2.3874;23.06
ENV1;S6;D;1;-29;29;;14.1085;35.7542;1.3878;0.3372;12.228;2.4247;1510.2
ENV1;S3;D;1;-30;30;;13.7153;35.6161;0.4771;1.0846;0.018289;2.3845;23.924
ENV1;S6;D;1;-30;30;;14.1038;35.7538;1.6897;0.3415;11.295;2.4246;1523.2
ENV1;S3;D;1;-31;31;;13.6728;35.6293;0.4011;1.1001;0.011305;2.3799;22.679
ENV1;S6;D;1;-31;31;;14.1023;35.7538;1.3541;0.3506;10.462;2.4234;1506.2
ENV1;S3;D;1;-32;32;;13.6078;35.6427;0.3366;1.315;0.0051348;2.3715;23.193
ENV1;S6;D;1;-32;32;;14.1009;35.7536;1.2904;0.3467;9.4601;2.4223;1486
ENV1;S3;D;1;-33;33;;13.5137;35.6742;0.3042;1.2388;0.00038715;2.3422;23.637
ENV1;S6;D;1;-33;33;;14.0997;35.7533;1.3346;0.3478;8.5328;2.4211;1476.3
ENV1;S3;D;1;-34;34;;13.4615;35.6831;0.4122;0.9333;-2.06E-07;2.3144;21.839
ENV1;S6;D;1;-34;34;;14.0985;35.7532;1.2894;0.3369;7.5988;2.4198;1474.5
ENV1;S3;D;1;-35;35;;13.455;35.6822;0.261;1.3981;1.00E-12;2.3105;21.945
ENV1;S6;D;1;-35;35;;14.098;35.753;1.2493;0.3477;6.941;2.4193;1468.2
ENV1;S3;D;1;-36;36;;13.4426;35.6813;0.2485;1.4407;1.00E-12;2.3066;21.945
ENV1;S6;D;1;-36;36;;14.0977;35.7531;1.2401;0.3323;6.7867;2.418;1460.6
ENV1;S3;D;1;-37;37;;13.4313;35.6815;0.2362;1.4781;1.00E-12;2.303;22.451
ENV1;S6;D;1;-37;37;;14.0963;35.7531;1.2495;0.3259;6.0968;2.4178;1451.8
ENV1;S3;D;1;-38;38;;13.3953;35.6859;0.2187;1.4267;1.00E-12;2.2993;23.898
ENV1;S6;D;1;-38;38;;14.0958;35.7531;1.2797;0.3653;5.2991;2.417;1449.3
ENV1;S3;D;1;-39;39;;13.2531;35.6932;0.1946;1.4041;1.00E-12;2.2929;23.974
ENV1;S6;D;1;-39;39;;14.0953;35.7531;1.2775;0.3664;4.7114;2.4163;1453.4
ENV1;S3;D;1;-40;40;;13.184;35.6968;0.1867;1.2275;1.00E-12;2.2811;23.939
ENV1;S6;D;1;-40;40;;14.0952;35.7529;1.2866;0.3462;4.6986;2.4145;1477.5
ENV1;S3;D;1;-41;41;;13.1677;35.7017;0.1696;1.5154;1.00E-12;2.2703;23.94
ENV1;S6;D;1;-41;41;;14.0952;35.7527;1.3661;0.3161;4.6464;2.4149;1503.4
ENV1;S3;D;1;-42;42;;13.1681;35.7034;0.1257;1.5426;1.00E-12;2.2588;23.94
ENV1;S6;D;1;-42;42;;14.0928;35.7527;1.3344;0.3365;4.2314;2.415;1466.9
ENV1;S3;D;1;-43;43;;13.1738;35.7052;0.1317;1.5701;1.00E-12;2.2491;23.94
ENV1;S6;D;1;-43;43;;14.0905;35.7526;1.2924;0.3431;3.7607;2.4142;1456.1
ENV1;S3;D;1;-44;44;;13.177;35.7075;0.1158;1.6205;1.00E-12;2.2445;23.94
ENV1;S6;D;1;-44;44;;14.0894;35.7525;1.3061;0.3472;3.3832;2.4138;1458
ENV1;S3;D;1;-45;45;;13.1347;35.7152;0.0896;1.8112;1.00E-12;2.2405;23.988
ENV1;S6;D;1;-45;45;;14.085;35.752;1.258;0.3795;3.1632;2.413;1463.1
ENV1;S3;D;1;-46;46;;13.0746;35.7177;0.0823;1.9441;1.00E-12;2.2342;23.939
ENV1;S6;D;1;-46;46;;14.0824;35.7515;1.2697;0.3879;2.9415;2.4119;1459.9
ENV1;S3;D;1;-47;47;;13.0036;35.7175;0.0911;2.0518;1.00E-12;2.2283;22.737
ENV1;S6;D;1;-47;47;;14.0816;35.7514;1.2131;0.3621;2.724;2.4113;1466.2
ENV1;S3;D;2;-4;4;;13.0669;32.4809;1.1145;3.0666;1.155;2.2997;12.559
ENV1;S3;D;2;-5;5;;13.2171;34.2653;1.1051;3.5928;0.80663;2.4735;13.852
ENV1;S3;D;2;-6;6;;13.2459;34.2299;1.0897;3.6168;0.53143;2.4682;13.075
ENV1;S3;D;2;-7;7;;13.2555;34.2337;1.1267;3.3126;0.41457;2.4683;11.961
ENV1;S3;D;2;-8;8;;13.3219;34.2582;1.4259;3.0649;0.30838;2.469;11.97
ENV1;S3;D;2;-9;9;;13.3979;34.3159;1.6358;3.0529;0.21819;2.4687;11.97
ENV1;S3;D;2;-10;10;;13.4195;34.4174;1.6514;2.9947;0.15802;2.468;11.97
ENV1;S3;D;2;-11;11;;13.5451;34.7421;1.8561;2.4881;0.11032;2.4661;12.557
ENV1;S3;D;2;-12;12;;13.6561;34.7955;1.6519;1.7682;0.071639;2.4576;14.034
ENV1;S3;D;2;-13;13;;13.9091;35.0889;1.2189;2.207;0.030244;2.4496;13.731
ENV1;S3;D;2;-14;14;;13.911;35.2091;1.0112;2.029;0.017874;2.4377;12.098
ENV1;S3;D;2;-15;15;;13.9099;35.2706;1.0736;1.8801;0.016474;2.4261;11.976
ENV1;S3;D;2;-16;16;;13.9209;35.3074;1.107;1.6681;0.0089361;2.4191;11.97
ENV1;S3;D;2;-17;17;;13.9433;35.3387;1.1397;1.5343;0.0011446;2.4175;11.97
ENV1;S3;D;2;-18;18;;14.05;35.4233;0.9762;1.5515;0.00013012;2.4171;13.37
ENV1;S3;D;2;-19;19;;14.2095;35.5904;0.7472;1.7672;3.78E-06;2.4161;13.946
ENV1;S3;D;2;-20;20;;14.2329;35.675;0.5342;3.0863;1.00E-12;2.3602;13.965
ENV1;S3;D;2;-21;21;;13.8902;35.6054;0.5713;3.3272;1.00E-12;2.3179;13.965
ENV1;S3;D;2;-22;22;;13.8454;35.6154;0.5152;2.1574;1.00E-12;2.3054;13.965
ENV1;S3;D;2;-23;23;;13.9693;35.65;0.5315;2.8938;1.00E-12;2.3221;12.043
ENV1;S3;D;2;-24;24;;14.2227;35.7526;0.4792;4.3927;1.00E-12;2.3266;12.579
ENV1;S3;D;2;-25;25;;14.3714;35.7964;0.4751;5.148;1.00E-12;2.2991;14.1
ENV1;S3;D;2;-26;26;;14.3475;35.7959;0.498;6.1752;1.00E-12;2.2787;13.965
ENV1;S3;D;2;-27;27;;14.2918;35.7946;0.5066;6.4823;1.00E-12;2.2571;13.965
ENV1;S3;D;2;-28;28;;14.2708;35.7928;0.4486;4.6635;1.00E-12;2.2193;13.965
ENV1;S3;D;2;-29;29;;14.2142;35.7833;0.4611;5.0909;1.00E-12;2.2181;13.691
ENV1;S3;D;2;-30;30;;14.0086;35.7384;0.4507;4.1496;1.00E-12;2.223;11.838
ENV1;S3;D;2;-31;31;;13.7314;35.6945;0.4494;3.713;1.00E-12;2.2225;13.715
ENV1;S3;D;2;-32;32;;13.6888;35.6877;0.3979;2.5134;1.00E-12;2.2379;13.942
ENV1;S3;D;2;-33;33;;13.7734;35.7153;0.3299;2.0851;1.00E-12;2.2775;13.965
ENV1;S3;D;2;-34;34;;13.712;35.7089;0.3898;3.1444;1.00E-12;2.2877;13.965
ENV1;S3;D;2;-35;35;;13.6021;35.6994;0.3535;2.6909;1.00E-12;2.2817;13.965
ENV1;S3;D;2;-36;36;;13.5419;35.6984;0.2908;1.8274;1.00E-12;2.283;13.965
ENV1;S3;D;2;-37;37;;13.4993;35.7064;0.2748;1.8558;1.00E-12;2.2829;13.965
ENV1;S3;D;2;-38;38;;13.4918;35.7073;0.2326;1.7561;1.00E-12;2.2778;13.965
ENV1;S3;D;2;-39;39;;13.4807;35.7087;0.2524;2.0102;1.00E-12;2.2755;13.965
ENV1;S3;D;2;-40;40;;13.4594;35.7108;0.2651;2.0817;1.00E-12;2.273;13.965
ENV1;S3;D;2;-41;41;;13.4503;35.7112;0.243;2.1464;1.00E-12;2.2691;13.965
ENV1;S3;D;2;-42;42;;13.4492;35.7111;0.2821;2.1805;1.00E-12;2.2668;13.965
ENV1;S3;D;2;-43;43;;13.4344;35.7124;0.2618;2.3016;1.00E-12;2.2646;13.965
ENV1;S3;D;2;-44;44;;13.4034;35.7167;0.2136;1.892;1.00E-12;2.2587;13.965
ENV1;S3;D;2;-45;45;;13.388;35.7195;0.2236;2.2263;1.00E-12;2.2538;13.965
ENV1;S3;D;2;-46;46;;13.3554;35.7244;0.2518;2.6981;1.00E-12;2.251;13.965
ENV1;S3;D;2;-47;47;;13.301;35.7377;0.2591;3.2048;1.00E-12;2.2396;14.199
ENV1;S3;D;2;-48;48;;13.2158;35.7457;0.2609;3.4346;1.00E-12;2.2105;15.47
ENV1;S3;D;2;-49;49;;13.1344;35.7417;0.286;3.9844;1.00E-12;2.1967;15.1
ENV1;S3;D;2;-50;50;;13.0913;35.7372;0.2892;4.1496;1.00E-12;2.1858;14.795
ENV1;S3;D;2;-51;51;;13.0512;35.7319;0.2739;3.8142;1.00E-12;2.1749;14.166
ENV1;S3;D;2;-52;52;;12.9115;35.7243;0.2364;3.0085;1.00E-12;2.1678;13.96
ENV1;S3;D;2;-53;53;;12.828;35.7252;0.2527;3.2647;1.00E-12;2.1597;14.844
ENV1;S3;D;2;-54;54;;12.7847;35.7231;0.2728;3.1016;1.00E-12;2.1435;16.095
ENV1;S3;D;2;-55;55;;12.6839;35.7188;0.2602;3.8864;1.00E-12;2.1417;15.96
ENV1;S3;D;2;-56;56;;12.5413;35.718;0.2573;3.982;1.00E-12;2.1382;15.96
ENV1;S3;D;2;-57;57;;12.4973;35.7152;0.2337;3.7586;1.00E-12;2.1335;15.96
ENV1;S3;D;2;-58;58;;12.4491;35.7128;0.1929;3.0985;1.00E-12;2.1237;14.185
ENV1;S3;D;2;-59;59;;12.2889;35.7063;0.2054;2.9689;1.00E-12;2.1158;13.962
ENV1;S3;D;2;-60;60;;12.1797;35.7024;0.2326;4.0147;1.00E-12;2.1088;15.395
ENV1;S3;D;2;-61;61;;12.1159;35.6967;0.2214;3.8099;1.00E-12;2.0902;15.974
ENV1;S3;D;2;-62;62;;12.098;35.6953;0.2812;5.2568;1.00E-12;2.0726;15.96
ENV1;S3;D;2;-63;62;;12.069;35.6946;0.329;5.9625;1.00E-12;2.0662;15.96
ENV1;S3;D;2;-64;63;;12.0318;35.6945;0.3374;6.2159;1.00E-12;2.0625;15.318
ENV1;S3;D;2;-65;64;;12.0103;35.6939;0.3139;5.7741;1.00E-12;2.0561;14.212
ENV1;S3;D;2;-66;65;;11.9989;35.6927;0.2894;4.0716;1.00E-12;2.0473;15.435
ENV1;S3;D;2;-67;66;;11.9554;35.6939;0.3161;6.668;1.00E-12;2.0462;15.946
ENV1;S3;D;2;-68;67;;11.9386;35.6936;0.3517;8.2181;1.00E-12;2.0414;15.96
ENV1;S3;D;2;-69;68;;11.9365;35.6932;0.368;8.857;1.00E-12;2.0354;15.96
ENV1;S3;D;2;-70;69;;11.9309;35.6931;0.3668;9.1562;1.00E-12;2.0313;15.96
ENV1;S3;D;2;-71;70;;11.9094;35.6929;0.3803;9.2844;1.00E-12;2.0287;15.96
ENV1;S3;D;2;-72;71;;11.9273;35.6916;0.378;7.1774;1.00E-12;2.0243;14.598
ENV1;S3;D;2;-73;72;;11.8825;35.6922;0.3503;8.5274;1.00E-12;2.0254;16.279
ENV1;S3;D;2;-74;73;;11.8734;35.6924;0.3211;9.0879;1.00E-12;2.0251;16.049
ENV1;S3;D;2;-75;74;;11.8668;35.6919;0.3241;8.9743;1.00E-12;2.0229;15.964
ENV1;S3;D;2;-76;75;;11.8852;35.6911;0.3651;8.0669;1.00E-12;2.0195;15.96
ENV1;S3;D;2;-77;76;;11.8861;35.6903;0.3566;8.3185;1.00E-12;2.0194;16.677
ENV1;S3;D;2;-78;77;;11.8688;35.6902;0.3681;9.1269;1.00E-12;2.0164;16.173
ENV1;S3;D;2;-79;78;;11.863;35.6903;0.3679;8.2389;1.00E-12;2.0154;18.387
ENV1;S3;D;2;-80;79;;11.8483;35.6901;0.3613;9.1529;1.00E-12;2.0148;17.955
ENV1;S3;D;2;-81;80;;11.8371;35.6901;0.3417;9.5569;1.00E-12;2.014;17.955
ENV1;S3;D;2;-82;81;;11.8308;35.6899;0.3016;8.6193;1.00E-12;2.0133;16.701
ENV1;S3;D;2;-83;82;;11.8017;35.6906;0.2362;7.1053;1.00E-12;2.0126;16.022
ENV1;S3;D;2;-84;83;;11.7909;35.6906;0.1403;4.2697;1.00E-12;2.0119;15.96
ENV1;S3;D;3;-4;4;;12.9751;33.9624;2.1335;1.3488;1.3956;2.3097;8.1753
ENV1;S3;D;3;-5;5;;13.0739;34.1016;2.1062;1.5162;1.3008;2.5013;10.268
ENV1;S3;D;3;-6;6;;13.0749;34.0873;2.0806;1.685;0.94063;2.4738;9.9751
ENV1;S3;D;3;-7;7;;13.6195;34.415;2.2321;1.7205;0.71747;2.4802;9.9751
ENV1;S3;D;3;-8;8;;13.8941;34.6599;2.0617;1.5083;0.59645;2.4968;9.9751
ENV1;S3;D;3;-9;9;;13.9249;34.7576;1.9218;1.6097;0.47044;2.4895;9.9751
ENV1;S3;D;3;-10;10;;13.9125;34.8961;1.8187;1.5604;0.36183;2.4801;9.9751
ENV1;S3;D;3;-11;11;;13.9123;34.9788;1.8098;1.4819;0.28719;2.4611;9.9751
ENV1;S3;D;3;-12;12;;14.0182;35.1061;1.7419;1.533;0.23597;2.4477;9.9751
ENV1;S3;D;3;-13;13;;14.0226;35.15;1.6042;1.532;0.20711;2.4356;9.9751
ENV1;S3;D;3;-14;14;;14.0018;35.1931;1.409;1.2952;0.14689;2.419;9.9751
ENV1;S3;D;3;-15;15;;14.0926;35.2867;1.3594;1.5012;0.09409;2.4169;9.9751
ENV1;S3;D;3;-16;16;;13.98;35.3224;1.2409;1.501;0.075871;2.4153;9.9751
ENV1;S3;D;3;-17;17;;13.8921;35.356;1.1622;1.3453;0.067022;2.4029;9.9751
ENV1;S3;D;3;-18;18;;13.9128;35.3805;0.9284;1.1651;0.062389;2.4005;9.9751
ENV1;S3;D;3;-19;19;;13.9258;35.3897;0.8444;1.0763;0.048739;2.3996;9.9751
ENV1;S3;D;3;-20;20;;14.0242;35.4506;0.8385;1.1;0.029047;2.3998;9.9751
ENV1;S3;D;3;-21;21;;14.0886;35.4982;0.7897;1.0898;0.012503;2.4022;9.9751
ENV1;S3;D;3;-22;22;;14.0738;35.5152;0.7785;1.0385;0.0054127;2.3954;9.9751
ENV1;S3;D;3;-23;23;;14.0486;35.5351;0.6386;0.9802;0.0014216;2.3863;9.9751
ENV1;S3;D;3;-24;24;;14.0227;35.5386;0.6194;1.0229;0.00026915;2.3808;9.9751
ENV1;S3;D;3;-25;25;;13.9709;35.549;0.6107;1.1286;0.000019536;2.3763;9.9751
ENV1;S3;D;3;-26;26;;13.9331;35.5567;0.5054;0.9881;1.00E-12;2.3715;9.9751
ENV1;S3;D;3;-27;27;;13.9367;35.5769;0.4848;1.1164;1.00E-12;2.3689;9.9751
ENV1;S3;D;3;-28;28;;13.9837;35.5997;0.4761;1.1705;1.00E-12;2.366;9.9751
ENV1;S3;D;3;-29;29;;14.0014;35.6133;0.4424;1.1603;1.00E-12;2.3604;9.9751
ENV1;S3;D;3;-30;30;;14.025;35.6506;0.3942;1.2499;1.00E-12;2.3551;9.9751
ENV1;S3;D;3;-31;31;;13.9463;35.6427;0.3475;1.2769;1.00E-12;2.3437;9.9751
ENV1;S3;D;3;-32;32;;13.8593;35.6269;0.3551;1.2813;1.00E-12;2.336;9.9751
ENV1;S3;D;3;-33;33;;13.8053;35.6252;0.3449;1.3005;1.00E-12;2.3348;9.9751
ENV1;S3;D;3;-34;34;;13.7436;35.6244;0.3235;1.4153;1.00E-12;2.3336;9.9751
ENV1;S3;D;3;-35;35;;13.723;35.6345;0.3269;1.3967;1.00E-12;2.333;9.9751
ENV1;S3;D;3;-36;36;;13.7062;35.6468;0.2722;1.2457;1.00E-12;2.3288;9.9751
ENV1;S3;D;3;-37;37;;13.6981;35.655;0.2674;1.4066;1.00E-12;2.3245;9.9751
ENV1;S3;D;3;-38;38;;13.696;35.6609;0.2509;1.5851;1.00E-12;2.3217;9.9751
ENV1;S3;D;3;-39;39;;13.6569;35.6658;0.2712;1.6335;1.00E-12;2.3185;9.9751
ENV1;S3;D;3;-40;40;;13.6077;35.6796;0.2297;1.5345;1.00E-12;2.3127;9.9751
ENV1;S3;D;3;-41;41;;13.5946;35.6824;0.2203;1.4338;1.00E-12;2.3054;10.01
ENV1;S3;D;3;-42;42;;13.5723;35.6903;0.1749;1.4455;1.00E-12;2.2989;10.005
ENV1;S3;D;3;-43;43;;13.5712;35.7016;0.1612;1.4894;1.00E-12;2.2934;9.9732
ENV1;S3;D;3;-44;44;;13.5565;35.7158;0.1772;2.0035;1.00E-12;2.2908;9.9751
ENV1;S3;D;3;-45;45;;13.5298;35.7217;0.1715;2.3539;1.00E-12;2.2783;10.004
ENV1;S3;D;3;-46;46;;13.5184;35.7224;0.1628;1.9952;1.00E-12;2.2552;10.106
ENV1;S3;D;3;-47;47;;13.5044;35.7218;0.1534;2.4017;1.00E-12;2.2497;9.9757
ENV1;S3;D;3;-48;48;;13.4505;35.7208;0.1688;2.5448;1.00E-12;2.2453;10.038
ENV1;S3;D;3;-49;49;;13.3509;35.7192;0.1462;2.5356;1.00E-12;2.2405;9.9782
ENV1;S3;D;3;-50;50;;13.2937;35.7179;0.1058;1.7275;1.00E-12;2.2366;9.9751
ENV1;S3;D;3;-51;51;;13.1858;35.72;0.1121;1.9925;1.00E-12;2.2341;9.9751
ENV1;S3;D;3;-52;52;;13.1421;35.7191;0.1059;2.2103;1.00E-12;2.2259;10.047
ENV1;S3;D;3;-53;53;;13.0832;35.7193;0.1035;2.2137;1.00E-12;2.217;10.508
ENV1;S3;D;3;-54;54;;13.0027;35.7181;0.1031;2.5278;1.00E-12;2.2098;11.379
ENV1;S3;D;3;-55;55;;12.9108;35.7166;0.101;2.539;1.00E-12;2.2016;11.437
ENV1;S3;D;3;-56;56;;12.8045;35.7147;0.0917;2.2131;1.00E-12;2.188;11.552
ENV1;S3;D;3;-57;57;;12.673;35.7103;0.0972;1.9148;1.00E-12;2.1644;11.631
ENV1;S3;D;3;-58;58;;12.6067;35.7105;0.0785;2.4029;1.00E-12;2.155;11.441
ENV1;S3;D;3;-59;59;;12.5482;35.7093;0.0798;2.3776;1.00E-12;2.1426;11.766
ENV1;S3;D;3;-60;60;;12.5053;35.7088;0.0794;2.4579;1.00E-12;2.1329;11.974
ENV1;S3;D;3;-61;61;;12.3963;35.7089;0.0857;2.6821;1.00E-12;2.1264;11.97
ENV1;S3;D;3;-62;62;;12.2837;35.7075;0.0557;2.4849;1.00E-12;2.1204;11.97
ENV1;S3;D;3;-63;62;;12.2192;35.707;0.0671;2.4976;1.00E-12;2.1135;11.97
ENV1;S3;D;3;-64;63;;12.2821;35.7046;0.0427;1.8385;1.00E-12;2.0926;11.97
ENV1;S3;D;3;-65;64;;12.1547;35.7034;0.0385;2.1631;1.00E-12;2.089;11.97
ENV1;S3;D;3;-66;65;;12.0806;35.7022;0.0563;2.2825;1.00E-12;2.0835;11.97
ENV1;S3;D;3;-67;66;;12.0484;35.7009;0.0492;2.2951;1.00E-12;2.0769;11.97
ENV1;S3;D;3;-68;67;;11.9894;35.7006;0.0393;2.3249;1.00E-12;2.0698;11.97
ENV1;S3;D;3;-69;68;;11.9532;35.6995;0.0505;2.2301;1.00E-12;2.0611;11.97
ENV1;S3;D;3;-70;69;;12.0049;35.6968;0.022;1.576;1.00E-12;2.044;11.97
ENV1;S3;D;3;-71;70;;11.9321;35.6967;0.0353;2.0958;1.00E-12;2.0437;11.97
ENV1;S3;D;3;-72;71;;11.9065;35.6952;0.0348;1.7827;1.00E-12;2.0323;11.97
ENV1;S3;D;3;-73;72;;11.8773;35.694;0.0282;1.8957;1.00E-12;2.0265;11.97
ENV1;S3;D;3;-74;73;;11.8508;35.6942;0.0157;2.5447;1.00E-12;2.0277;11.97
ENV1;S3;D;3;-75;74;;11.8597;35.6933;0.0525;2.2992;1.00E-12;2.0209;11.97
ENV1;S3;D;3;-76;75;;11.8398;35.6927;0.0577;2.4833;1.00E-12;2.0192;11.97
ENV1;S3;D;3;-77;76;;11.7989;35.6916;0.0585;3.1017;1.00E-12;2.0187;11.97
ENV1;S3;D;3;-78;77;;11.7886;35.691;0.0628;3.8195;1.00E-12;2.0169;11.97
ENV1;S3;D;3;-79;78;;11.7801;35.6896;0.0783;4.4054;1.00E-12;2.0139;11.97
ENV1;S3;D;3;-80;79;;11.7707;35.6879;0.1021;5.5665;1.00E-12;2.009;11.97
ENV1;S3;D;3;-81;80;;11.8163;35.6897;0.1444;5.4902;1.00E-12;2.0032;11.97
ENV1;S3;D;3;-82;81;;11.76;35.6861;0.1361;7.1469;1.00E-12;2.0051;11.97
ENV1;S3;D;3;-83;82;;11.772;35.6862;0.1534;6.0856;1.00E-12;2.0005;11.978
ENV1;S3;D;4;-3;3;;13.5274;34.4022;2.9093;1.2329;0.3649;2.4853;3.99
ENV1;S3;D;4;-4;4;;13.6082;34.5055;3.1304;1.3187;0.30523;2.4861;3.99
ENV1;S3;D;4;-5;5;;13.6104;34.5046;2.9112;1.3632;0.24326;2.4869;3.99
ENV1;S3;D;4;-6;6;;13.6098;34.5034;2.9604;1.3979;0.16918;2.4867;3.99
ENV1;S3;D;4;-7;7;;13.6945;34.6253;2.7305;1.3164;0.11358;2.4867;3.99
ENV1;S3;D;4;-8;8;;13.933;35;2.3327;1.4059;0.074596;2.4879;3.99
ENV1;S3;D;4;-9;9;;13.8635;35.1377;2.3464;1.3589;0.050894;2.4819;3.99
ENV1;S3;D;4;-10;10;;13.7868;35.174;2.4267;1.1338;0.037824;2.4657;3.99
ENV1;S3;D;4;-11;11;;13.6987;35.1705;2.4882;1.2084;0.020471;2.4614;3.99
ENV1;S3;D;4;-12;12;;13.5703;35.1715;2.7413;1.205;0.0040202;2.4578;3.99
ENV1;S3;D;4;-13;13;;13.4623;35.2522;2.897;1.2028;-0.00004412;2.4546;3.99
ENV1;S3;D;4;-14;14;;13.5575;35.3578;2.4322;1.22;1.00E-12;2.4532;3.99
ENV1;S3;D;4;-15;15;;13.525;35.4061;1.5404;0.992;1.00E-12;2.4302;3.99
ENV1;S3;D;4;-16;16;;13.5327;35.4244;1.4929;1.0801;1.00E-12;2.4186;3.99
ENV1;S3;D;4;-17;17;;13.5973;35.455;1.36;1.0963;1.00E-12;2.4129;3.99
ENV1;S3;D;4;-18;18;;13.8018;35.5232;1.1167;1.0773;1.00E-12;2.411;3.99
ENV1;S3;D;4;-19;19;;13.7663;35.5263;0.9321;1.1131;1.00E-12;2.4046;3.99
ENV1;S3;D;4;-20;20;;13.7176;35.5312;0.8956;1.103;1.00E-12;2.3922;3.99
ENV1;S3;D;4;-21;21;;13.6258;35.5294;0.8267;1.1646;1.00E-12;2.3859;3.99
ENV1;S3;D;4;-22;22;;13.6964;35.5781;0.6626;1.1977;1.00E-12;2.3819;3.99
ENV1;S3;D;4;-23;23;;13.8642;35.6484;0.4654;1.4138;1.00E-12;2.3737;3.99
ENV1;S3;D;4;-24;24;;13.8932;35.6657;0.3397;1.5411;1.00E-12;2.3614;3.99
ENV1;S3;D;4;-25;25;;13.7707;35.6414;0.3496;1.771;1.00E-12;2.3529;3.99
ENV1;S3;D;4;-26;26;;13.5416;35.6115;0.4244;1.6367;1.00E-12;2.3428;3.99
ENV1;S3;D;4;-27;27;;13.4918;35.61;0.4867;0.9897;1.00E-12;2.3389;3.99
ENV1;S3;D;4;-28;28;;13.4952;35.6196;0.4259;0.8532;1.00E-12;2.3518;3.99
ENV1;S3;D;4;-29;29;;13.4951;35.6248;0.4034;0.8766;1.00E-12;2.3545;3.99
ENV1;S3;D;4;-30;30;;13.482;35.6392;0.3839;0.9901;1.00E-12;2.3544;3.99
ENV1;S3;D;4;-31;31;;13.4722;35.646;0.362;1.0818;1.00E-12;2.353;3.99
ENV1;S3;D;4;-32;32;;13.4661;35.6525;0.3394;1.014;1.00E-12;2.3489;3.99
ENV1;S3;D;4;-33;33;;13.4581;35.6639;0.3189;0.937;1.00E-12;2.3453;3.99
ENV1;S3;D;4;-34;34;;13.4138;35.6734;0.2556;0.8593;1.00E-12;2.3414;3.99
ENV1;S3;D;4;-35;35;;13.3673;35.6808;0.2083;0.9009;1.00E-12;2.3359;3.99
ENV1;S3;D;4;-36;36;;13.3455;35.6847;0.1865;0.9255;1.00E-12;2.3263;3.99
ENV1;S3;D;4;-37;37;;13.3168;35.6842;0.1689;0.8313;1.00E-12;2.3153;3.99
ENV1;S3;D;4;-38;38;;13.2959;35.6826;0.1909;0.7846;1.00E-12;2.305;4.1245
ENV1;S3;D;4;-39;39;;13.2684;35.6843;0.1644;0.9758;1.00E-12;2.3032;3.9883
ENV1;S3;D;4;-40;40;;13.2467;35.6865;0.1463;1.1294;1.00E-12;2.3001;3.99
ENV1;S3;D;4;-41;41;;13.2433;35.6855;0.1568;1.0457;1.00E-12;2.2896;3.99
ENV1;S3;D;4;-42;42;;13.2359;35.6863;0.1556;0.8443;1.00E-12;2.2818;3.99
ENV1;S3;D;4;-43;43;;13.1733;35.6895;0.1584;0.9368;1.00E-12;2.2833;3.99
ENV1;S3;D;4;-44;44;;13.1244;35.6913;0.127;1.1454;1.00E-12;2.282;3.99
ENV1;S3;D;4;-45;45;;13.0566;35.6905;0.1008;1.2554;1.00E-12;2.2734;4.1004
ENV1;S3;D;4;-46;46;;12.9612;35.6917;0.1108;1.2651;1.00E-12;2.2612;3.9939
ENV1;S3;D;4;-47;47;;12.8813;35.6916;0.0924;1.0365;1.00E-12;2.242;4.0778
ENV1;S3;D;4;-48;48;;12.8502;35.6903;0.0867;1.0894;1.00E-12;2.2291;3.9898
ENV1;S3;D;4;-49;49;;12.8032;35.6933;0.0803;1.3327;1.00E-12;2.2225;3.99
ENV1;S3;D;4;-50;50;;12.7906;35.6991;0.0694;1.4196;1.00E-12;2.2049;4.1232
ENV1;S3;D;4;-51;51;;12.7117;35.6975;0.0532;1.9623;1.00E-12;2.1961;4.4777
ENV1;S3;D;4;-52;52;;12.6283;35.6952;0.0618;1.7205;1.00E-12;2.1875;4.0615
ENV1;S3;D;4;-53;53;;12.5055;35.6947;0.0594;1.6797;1.00E-12;2.1801;4.1363
ENV1;S3;D;4;-54;54;;12.4008;35.6898;0.0436;1.1433;1.00E-12;2.1528;4.3334
ENV1;S3;D;4;-55;55;;12.3407;35.6907;0.0399;1.7128;1.00E-12;2.1486;4.3224
ENV1;S3;D;4;-56;56;;12.2461;35.6877;0.0177;1.8564;1.00E-12;2.144;4.3844
ENV1;S3;D;4;-57;57;;12.1045;35.6815;-0.0031;1.5192;1.00E-12;2.1294;4.6212
ENV1;S3;D;4;-58;58;;12.0875;35.68;-0.0191;1.6352;1.00E-12;2.1194;4.7754
ENV1;S3;D;4;-59;59;;12.0611;35.6776;-0.0436;1.8138;1.00E-12;2.1134;5.2162
ENV1;S3;D;4;-60;60;;12.0512;35.6758;-0.0453;1.6299;1.00E-12;2.1079;5.3372
ENV1;S3;D;4;-61;61;;12.0533;35.6753;-0.0502;1.8939;1.00E-12;2.105;5.4164
ENV1;S3;D;4;-62;62;;12.0483;35.6743;-0.0485;1.6774;1.00E-12;2.1029;5.3682
ENV1;S3;D;4;-63;62;;12.0481;35.6741;-0.057;1.9767;1.00E-12;2.1021;5.5884
ENV1;S3;D;4;-64;63;;12.0453;35.6739;-0.0462;2.2462;1.00E-12;2.1017;5.6879
ENV1;S3;D;4;-65;64;;12.0439;35.6732;-0.0389;2.1449;1.00E-12;2.1004;5.4628
ENV1;S3;D;4;-66;65;;12.0428;35.6726;-0.0532;1.8028;1.00E-12;2.1001;5.709
ENV1;S3;D;4;-67;66;;12.0407;35.6723;-0.0512;1.7949;1.00E-12;2.0999;5.9535
ENV1;S3;D;4;-68;67;;12.0411;35.6722;-0.0576;2.1327;1.00E-12;2.0998;5.9868
ENV1;S3;D;4;-69;68;;12.0425;35.6722;-0.0416;2.3552;1.00E-12;2.0994;5.9118
ENV1;S3;D;4;-70;69;;12.0418;35.672;-0.0559;2.3427;1.00E-12;2.0989;5.9163
ENV1;S3;D;4;-71;70;;12.0413;35.6717;-0.0464;2.1514;1.00E-12;2.0982;5.7953
ENV1;S3;D;4;-72;71;;12.0418;35.6715;-0.0466;1.7337;1.00E-12;2.0977;5.9911
ENV1;S3;D;4;-73;72;;12.0423;35.6715;-0.0553;1.8766;1.00E-12;2.0975;5.9851
ENV1;S3;D;4;-74;73;;12.0432;35.6716;-0.0427;2.2013;1.00E-12;2.0967;5.9851
ENV1;S3;D;4;-75;74;;12.0418;35.6714;-0.0528;2.1779;1.00E-12;2.0967;5.9851
ENV1;S3;D;4;-76;75;;12.0409;35.671;-0.0458;2.0561;1.00E-12;2.0962;5.9851
ENV1;S3;D;4;-77;76;;12.0418;35.6708;-0.045;1.9131;1.00E-12;2.0952;5.9851
ENV1;S3;D;4;-78;77;;12.0405;35.6707;-0.0405;2.0455;1.00E-12;2.0951;5.9851
ENV1;S3;D;4;-79;78;;12.0405;35.6706;-0.0483;1.8444;1.00E-12;2.0949;5.9851
ENV1;S3;D;4;-80;79;;12.0404;35.6708;-0.043;2.093;1.00E-12;2.0949;5.9851
ENV1;S3;D;4;-81;80;;12.042;35.6707;-0.0456;2.2814;1.00E-12;2.0943;5.9851
ENV1;S3;D;5;-3;3;;13.3441;28.885;5.2307;1.1592;0.24472;2.1561;1.9663
ENV1;S3;D;5;-4;4;;13.3382;33.5062;5.0175;1.4882;0.20903;2.5245;2.5289
ENV1;S3;D;5;-5;5;;13.4323;34.2082;5.31;1.424;0.15092;2.5825;3.3024
ENV1;S3;D;5;-6;6;;13.4505;34.3385;5.7677;1.5701;0.10449;2.5758;3.2551
ENV1;S3;D;5;-7;7;;13.465;34.4725;6.2703;1.5397;0.062089;2.5762;3.5602
ENV1;S3;D;5;-8;8;;13.4662;34.544;6.2164;1.4965;0.040449;2.5765;3.2855
ENV1;S3;D;5;-9;9;;13.4587;34.5941;6.2882;1.535;0.017483;2.5756;3.1576
ENV1;S3;D;5;-10;10;;13.4485;34.6615;6.375;1.414;0.00057797;2.5718;3.5448
ENV1;S3;D;5;-11;11;;13.428;34.8014;6.2801;1.4192;0.000049756;2.5684;3.7275
ENV1;S3;D;5;-12;12;;13.4002;34.9759;6.1877;1.3295;1.00E-12;2.5634;3.603
ENV1;S3;D;5;-13;13;;13.3854;35.2612;5.4924;1.4001;1.00E-12;2.5593;3.8034
ENV1;S3;D;5;-14;14;;13.39;35.3157;4.7972;1.3379;1.00E-12;2.5512;3.7494
ENV1;S3;D;5;-15;15;;13.4198;35.3772;3.7443;1.2599;1.00E-12;2.5267;3.7451
ENV1;S3;D;5;-16;16;;13.4213;35.4111;2.8769;1.1088;1.00E-12;2.4901;3.8393
ENV1;S3;D;5;-17;17;;13.4414;35.4331;2.5601;1.0655;1.00E-12;2.4571;3.7754
ENV1;S3;D;5;-18;18;;13.4303;35.4881;1.9132;1.1445;1.00E-12;2.4425;3.9477
ENV1;S3;D;5;-19;19;;13.4255;35.5065;1.5306;1.151;1.00E-12;2.4272;3.9013
ENV1;S3;D;5;-20;20;;13.4285;35.5184;1.3977;1.1202;1.00E-12;2.4144;3.8846
ENV1;S3;D;5;-21;21;;13.4595;35.5371;1.1587;1.1325;1.00E-12;2.4079;3.8763
ENV1;S3;D;5;-22;22;;13.5115;35.5581;0.8552;1.2118;1.00E-12;2.3998;3.8848
ENV1;S3;D;5;-23;23;;13.5073;35.6023;0.5781;1.1175;1.00E-12;2.3825;3.9082
ENV1;S3;D;5;-24;24;;13.4705;35.6215;0.4708;1.0301;1.00E-12;2.3655;3.9222
ENV1;S3;D;5;-25;25;;13.4961;35.645;0.4466;1.1445;1.00E-12;2.3613;3.9921
ENV1;S3;D;5;-26;26;;13.4917;35.6346;0.3672;0.9462;1.00E-12;2.3502;3.9754
ENV1;S3;D;5;-27;27;;13.4956;35.6528;0.3147;0.8465;1.00E-12;2.3427;3.945
ENV1;S3;D;5;-28;28;;13.4774;35.6593;0.306;0.9714;1.00E-12;2.3394;3.9914
ENV1;S3;D;5;-29;29;;13.4588;35.6643;0.2704;1.0241;1.00E-12;2.3353;3.99
ENV1;S3;D;5;-30;30;;13.4444;35.6676;0.2449;1.0555;1.00E-12;2.332;3.99
ENV1;S3;D;5;-31;31;;13.4406;35.668;0.2253;1.0455;1.00E-12;2.3282;3.99
ENV1;S3;D;5;-32;32;;13.448;35.6645;0.2459;0.934;1.00E-12;2.3214;3.9807
ENV1;S3;D;5;-33;33;;13.4137;35.6722;0.2267;0.9473;1.00E-12;2.3196;3.9909
ENV1;S3;D;5;-34;34;;13.3832;35.679;0.2354;1.0872;1.00E-12;2.3188;3.99
ENV1;S3;D;5;-35;35;;13.3635;35.6829;0.1908;1.1062;1.00E-12;2.3176;3.99
ENV1;S3;D;5;-36;36;;13.3546;35.6828;0.152;1.1164;1.00E-12;2.3157;3.99
ENV1;S3;D;5;-37;37;;13.3368;35.6827;0.1466;1.0637;1.00E-12;2.3126;3.99
ENV1;S3;D;5;-38;38;;13.3371;35.6815;0.1387;0.8042;1.00E-12;2.301;3.99
ENV1;S3;D;5;-39;39;;13.2698;35.6851;0.1109;0.8326;1.00E-12;2.2951;3.99
ENV1;S3;D;5;-40;40;;13.2336;35.6852;0.1018;0.7206;1.00E-12;2.2847;3.99
ENV1;S3;D;5;-41;41;;13.1945;35.6844;0.1118;0.8316;1.00E-12;2.2799;3.9127
ENV1;S3;D;5;-42;42;;13.1324;35.6877;0.0948;0.9454;1.00E-12;2.2778;3.9896
ENV1;S3;D;5;-43;43;;13.0936;35.6914;0.0836;1.0136;1.00E-12;2.2748;3.99
ENV1;S3;D;5;-44;44;;13.0822;35.6931;0.0805;1.1305;1.00E-12;2.2702;3.99
ENV1;S3;D;5;-45;45;;13.0746;35.6955;0.0863;1.3721;1.00E-12;2.2597;3.99
ENV1;S3;D;5;-46;46;;13.0364;35.6981;0.0644;1.4203;1.00E-12;2.2452;3.99
ENV1;S3;D;5;-47;47;;12.997;35.697;0.0706;1.2046;1.00E-12;2.2188;3.99
ENV1;S3;D;5;-48;48;;12.9099;35.6951;0.0706;1.3685;1.00E-12;2.2161;3.99
ENV1;S3;D;5;-49;49;;12.8208;35.6945;0.0347;1.0188;1.00E-12;2.2108;3.99
ENV1;S3;D;5;-50;50;;12.7384;35.6942;0.0194;0.8873;1.00E-12;2.2104;3.99
ENV1;S3;D;5;-51;51;;12.7099;35.6942;-0.007;0.9136;1.00E-12;2.2088;3.99
ENV1;S3;D;5;-52;52;;12.6646;35.6942;0.0024;0.9055;1.00E-12;2.206;3.99
ENV1;S3;D;5;-53;53;;12.6442;35.6937;-0.0213;0.7316;1.00E-12;2.197;3.99
ENV1;S3;D;5;-54;54;;12.5888;35.6931;-0.0132;0.7522;1.00E-12;2.1915;3.99
ENV1;S3;D;5;-55;55;;12.5481;35.694;-0.0212;0.8023;1.00E-12;2.1867;3.99
ENV1;S3;D;5;-56;56;;12.5292;35.6929;-0.0314;0.7641;1.00E-12;2.1795;3.99
ENV1;S3;D;5;-57;57;;12.5072;35.6922;-0.0207;0.8326;1.00E-12;2.1742;3.99
ENV1;S3;D;5;-58;58;;12.4862;35.6919;-0.0373;0.9213;1.00E-12;2.1712;3.99
ENV1;S3;D;5;-59;59;;12.4771;35.6915;-0.0498;0.9979;1.00E-12;2.1686;3.99
ENV1;S3;D;5;-60;60;;12.4697;35.6913;-0.0263;0.9985;1.00E-12;2.1653;3.99
ENV1;S3;D;5;-61;61;;12.4524;35.6907;-0.0397;0.9561;1.00E-12;2.1625;3.99
ENV1;S3;D;5;-62;62;;12.4022;35.6907;-0.0423;0.9887;1.00E-12;2.1609;3.99
ENV1;S3;D;5;-63;62;;12.4149;35.6899;-0.043;0.8309;1.00E-12;2.1542;3.99
ENV1;S3;D;5;-64;63;;12.3718;35.6899;-0.0362;0.9735;1.00E-12;2.1512;3.99
ENV1;S3;D;5;-65;64;;12.3367;35.6882;-0.0458;1.098;1.00E-12;2.1486;3.99
ENV1;S3;D;5;-66;65;;12.2702;35.6874;-0.0445;1.3089;1.00E-12;2.1461;3.99
ENV1;S3;D;5;-67;66;;12.2266;35.6855;-0.0421;1.3066;1.00E-12;2.1428;3.99
ENV1;S3;D;5;-68;67;;12.1992;35.6845;-0.0499;1.3159;1.00E-12;2.1386;3.99
ENV1;S3;D;5;-69;68;;12.1852;35.6836;-0.0654;1.3152;1.00E-12;2.1325;3.99
ENV1;S3;D;5;-70;69;;12.2348;35.6834;-0.0683;1.1546;1.00E-12;2.1221;3.99
ENV1;S3;D;5;-71;70;;12.1865;35.6825;-0.0511;1.4343;1.00E-12;2.1212;3.99
ENV1;S3;D;5;-72;71;;12.1971;35.6825;-0.065;1.5228;1.00E-12;2.1197;3.99
ENV1;S3;D;5;-73;72;;12.1808;35.6817;-0.0677;1.5317;1.00E-12;2.1189;3.99
ENV1;S3;D;5;-74;73;;12.1807;35.6814;-0.0674;1.5093;1.00E-12;2.1178;3.99
ENV1;S3;D;5;-75;74;;12.1834;35.6807;-0.0602;1.3706;1.00E-12;2.1167;3.99
ENV1;S3;D;5;-76;75;;12.1828;35.6803;-0.0606;1.3195;1.00E-12;2.1147;3.99
ENV1;S3;D;5;-77;76;;12.1809;35.68;-0.0697;1.2387;1.00E-12;2.1143;3.99
ENV1;S3;D;5;-78;77;;12.1812;35.6798;-0.0553;1.525;1.00E-12;2.114;3.99
ENV1;S3;D;5;-79;78;;12.1811;35.68;-0.0591;1.6;1.00E-12;2.1135;3.99
ENV1;S3;D;5;-80;79;;12.1813;35.68;-0.0614;1.8333;1.00E-12;2.1133;3.99
ENV1;S3;D;5;-81;80;;12.1814;35.6799;-0.0453;1.9743;1.00E-12;2.1123;3.99
ENV1;S3;D;5;-82;81;;12.1813;35.68;-0.0545;2.0376;1.00E-12;2.1121;3.99
ENV1;S3;D;5;-83;82;;12.1809;35.6798;-0.0622;2.1074;1.00E-12;2.1115;3.99
ENV1;S3;D;5;-84;83;;12.1813;35.6796;-0.041;2.1584;1.00E-12;2.1109;3.99
ENV1;S3;D;6;-3;3;;13.3441;28.885;5.2307;1.1592;0.24472;2.1561;1.9663
ENV1;S3;D;6;-4;4;;13.3382;33.5062;5.0175;1.4882;0.20903;2.5245;2.5289
ENV1;S3;D;6;-5;5;;13.4323;34.2082;5.31;1.424;0.15092;2.5825;3.3024
ENV1;S3;D;6;-6;6;;13.4505;34.3385;5.7677;1.5701;0.10449;2.5758;3.2551
ENV1;S3;D;6;-7;7;;13.465;34.4725;6.2703;1.5397;0.062089;2.5762;3.5602
ENV1;S3;D;6;-8;8;;13.4662;34.544;6.2164;1.4965;0.040449;2.5765;3.2855
ENV1;S3;D;6;-9;9;;13.4587;34.5941;6.2882;1.535;0.017483;2.5756;3.1576
ENV1;S3;D;6;-10;10;;13.4485;34.6615;6.375;1.414;0.00057797;2.5718;3.5448
ENV1;S3;D;6;-11;11;;13.428;34.8014;6.2801;1.4192;0.000049756;2.5684;3.7275
ENV1;S3;D;6;-12;12;;13.4002;34.9759;6.1877;1.3295;1.00E-12;2.5634;3.603
ENV1;S3;D;6;-13;13;;13.3854;35.2612;5.4924;1.4001;1.00E-12;2.5593;3.8034
ENV1;S3;D;6;-14;14;;13.39;35.3157;4.7972;1.3379;1.00E-12;2.5512;3.7494
ENV1;S3;D;6;-15;15;;13.4198;35.3772;3.7443;1.2599;1.00E-12;2.5267;3.7451
ENV1;S3;D;6;-16;16;;13.4213;35.4111;2.8769;1.1088;1.00E-12;2.4901;3.8393
ENV1;S3;D;6;-17;17;;13.4414;35.4331;2.5601;1.0655;1.00E-12;2.4571;3.7754
ENV1;S3;D;6;-18;18;;13.4303;35.4881;1.9132;1.1445;1.00E-12;2.4425;3.9477
ENV1;S3;D;6;-19;19;;13.4255;35.5065;1.5306;1.151;1.00E-12;2.4272;3.9013
ENV1;S3;D;6;-20;20;;13.4285;35.5184;1.3977;1.1202;1.00E-12;2.4144;3.8846
ENV1;S3;D;6;-21;21;;13.4595;35.5371;1.1587;1.1325;1.00E-12;2.4079;3.8763
ENV1;S3;D;6;-22;22;;13.5115;35.5581;0.8552;1.2118;1.00E-12;2.3998;3.8848
ENV1;S3;D;6;-23;23;;13.5073;35.6023;0.5781;1.1175;1.00E-12;2.3825;3.9082
ENV1;S3;D;6;-24;24;;13.4705;35.6215;0.4708;1.0301;1.00E-12;2.3655;3.9222
ENV1;S3;D;6;-25;25;;13.4961;35.645;0.4466;1.1445;1.00E-12;2.3613;3.9921
ENV1;S3;D;6;-26;26;;13.4917;35.6346;0.3672;0.9462;1.00E-12;2.3502;3.9754
ENV1;S3;D;6;-27;27;;13.4956;35.6528;0.3147;0.8465;1.00E-12;2.3427;3.945
ENV1;S3;D;6;-28;28;;13.4774;35.6593;0.306;0.9714;1.00E-12;2.3394;3.9914
ENV1;S3;D;6;-29;29;;13.4588;35.6643;0.2704;1.0241;1.00E-12;2.3353;3.99
ENV1;S3;D;6;-30;30;;13.4444;35.6676;0.2449;1.0555;1.00E-12;2.332;3.99
ENV1;S3;D;6;-31;31;;13.4406;35.668;0.2253;1.0455;1.00E-12;2.3282;3.99
ENV1;S3;D;6;-32;32;;13.448;35.6645;0.2459;0.934;1.00E-12;2.3214;3.9807
ENV1;S3;D;6;-33;33;;13.4137;35.6722;0.2267;0.9473;1.00E-12;2.3196;3.9909
ENV1;S3;D;6;-34;34;;13.3832;35.679;0.2354;1.0872;1.00E-12;2.3188;3.99
ENV1;S3;D;6;-35;35;;13.3635;35.6829;0.1908;1.1062;1.00E-12;2.3176;3.99
ENV1;S3;D;6;-36;36;;13.3546;35.6828;0.152;1.1164;1.00E-12;2.3157;3.99
ENV1;S3;D;6;-37;37;;13.3368;35.6827;0.1466;1.0637;1.00E-12;2.3126;3.99
ENV1;S3;D;6;-38;38;;13.3371;35.6815;0.1387;0.8042;1.00E-12;2.301;3.99
ENV1;S3;D;6;-39;39;;13.2698;35.6851;0.1109;0.8326;1.00E-12;2.2951;3.99
ENV1;S3;D;6;-40;40;;13.2336;35.6852;0.1018;0.7206;1.00E-12;2.2847;3.99
ENV1;S3;D;6;-41;41;;13.1945;35.6844;0.1118;0.8316;1.00E-12;2.2799;3.9127
ENV1;S3;D;6;-42;42;;13.1324;35.6877;0.0948;0.9454;1.00E-12;2.2778;3.9896
ENV1;S3;D;6;-43;43;;13.0936;35.6914;0.0836;1.0136;1.00E-12;2.2748;3.99
ENV1;S3;D;6;-44;44;;13.0822;35.6931;0.0805;1.1305;1.00E-12;2.2702;3.99
ENV1;S3;D;6;-45;45;;13.0746;35.6955;0.0863;1.3721;1.00E-12;2.2597;3.99
ENV1;S3;D;6;-46;46;;13.0364;35.6981;0.0644;1.4203;1.00E-12;2.2452;3.99
ENV1;S3;D;6;-47;47;;12.997;35.697;0.0706;1.2046;1.00E-12;2.2188;3.99
ENV1;S3;D;6;-48;48;;12.9099;35.6951;0.0706;1.3685;1.00E-12;2.2161;3.99
ENV1;S3;D;6;-49;49;;12.8208;35.6945;0.0347;1.0188;1.00E-12;2.2108;3.99
ENV1;S3;D;6;-50;50;;12.7384;35.6942;0.0194;0.8873;1.00E-12;2.2104;3.99
ENV1;S3;D;6;-51;51;;12.7099;35.6942;-0.007;0.9136;1.00E-12;2.2088;3.99
ENV1;S3;D;6;-52;52;;12.6646;35.6942;0.0024;0.9055;1.00E-12;2.206;3.99
ENV1;S3;D;6;-53;53;;12.6442;35.6937;-0.0213;0.7316;1.00E-12;2.197;3.99
ENV1;S3;D;6;-54;54;;12.5888;35.6931;-0.0132;0.7522;1.00E-12;2.1915;3.99
ENV1;S3;D;6;-55;55;;12.5481;35.694;-0.0212;0.8023;1.00E-12;2.1867;3.99
ENV1;S3;D;6;-56;56;;12.5292;35.6929;-0.0314;0.7641;1.00E-12;2.1795;3.99
ENV1;S3;D;6;-57;57;;12.5072;35.6922;-0.0207;0.8326;1.00E-12;2.1742;3.99
ENV1;S3;D;6;-58;58;;12.4862;35.6919;-0.0373;0.9213;1.00E-12;2.1712;3.99
ENV1;S3;D;6;-59;59;;12.4771;35.6915;-0.0498;0.9979;1.00E-12;2.1686;3.99
ENV1;S3;D;6;-60;60;;12.4697;35.6913;-0.0263;0.9985;1.00E-12;2.1653;3.99
ENV1;S3;D;6;-61;61;;12.4524;35.6907;-0.0397;0.9561;1.00E-12;2.1625;3.99
ENV1;S3;D;6;-62;62;;12.4022;35.6907;-0.0423;0.9887;1.00E-12;2.1609;3.99
ENV1;S3;D;6;-63;62;;12.4149;35.6899;-0.043;0.8309;1.00E-12;2.1542;3.99
ENV1;S3;D;6;-64;63;;12.3718;35.6899;-0.0362;0.9735;1.00E-12;2.1512;3.99
ENV1;S3;D;6;-65;64;;12.3367;35.6882;-0.0458;1.098;1.00E-12;2.1486;3.99
ENV1;S3;D;6;-66;65;;12.2702;35.6874;-0.0445;1.3089;1.00E-12;2.1461;3.99
ENV1;S3;D;6;-67;66;;12.2266;35.6855;-0.0421;1.3066;1.00E-12;2.1428;3.99
ENV1;S3;D;6;-68;67;;12.1992;35.6845;-0.0499;1.3159;1.00E-12;2.1386;3.99
ENV1;S3;D;6;-69;68;;12.1852;35.6836;-0.0654;1.3152;1.00E-12;2.1325;3.99
ENV1;S3;D;6;-70;69;;12.2348;35.6834;-0.0683;1.1546;1.00E-12;2.1221;3.99
ENV1;S3;D;6;-71;70;;12.1865;35.6825;-0.0511;1.4343;1.00E-12;2.1212;3.99
ENV1;S3;D;6;-72;71;;12.1971;35.6825;-0.065;1.5228;1.00E-12;2.1197;3.99
ENV1;S3;D;6;-73;72;;12.1808;35.6817;-0.0677;1.5317;1.00E-12;2.1189;3.99
ENV1;S3;D;6;-74;73;;12.1807;35.6814;-0.0674;1.5093;1.00E-12;2.1178;3.99
ENV1;S3;D;6;-75;74;;12.1834;35.6807;-0.0602;1.3706;1.00E-12;2.1167;3.99
ENV1;S3;D;6;-76;75;;12.1828;35.6803;-0.0606;1.3195;1.00E-12;2.1147;3.99
ENV1;S3;D;6;-77;76;;12.1809;35.68;-0.0697;1.2387;1.00E-12;2.1143;3.99
ENV1;S3;D;6;-78;77;;12.1812;35.6798;-0.0553;1.525;1.00E-12;2.114;3.99
ENV1;S3;D;6;-79;78;;12.1811;35.68;-0.0591;1.6;1.00E-12;2.1135;3.99
ENV1;S3;D;6;-80;79;;12.1813;35.68;-0.0614;1.8333;1.00E-12;2.1133;3.99
ENV1;S3;D;6;-81;80;;12.1814;35.6799;-0.0453;1.9743;1.00E-12;2.1123;3.99
ENV1;S3;D;6;-82;81;;12.1813;35.68;-0.0545;2.0376;1.00E-12;2.1121;3.99
ENV1;S3;D;6;-83;82;;12.1809;35.6798;-0.0622;2.1074;1.00E-12;2.1115;3.99
ENV1;S3;D;6;-84;83;;12.1813;35.6796;-0.041;2.1584;1.00E-12;2.1109;3.99
ENV1;S3;D;7;-4;4;;13.0803;31.0655;3.9535;2.8415;0.74299;2.3987;11.97
ENV1;S3;D;7;-5;5;;13.101;32.1766;3.7299;2.978;0.9033;2.5293;11.97
ENV1;S3;D;7;-6;6;;13.1227;32.2813;3.8175;2.8979;0.61326;2.531;11.97
ENV1;S3;D;7;-7;7;;13.1271;32.3022;3.9482;2.9209;0.46153;2.5328;11.97
ENV1;S3;D;7;-8;8;;13.1306;32.3221;3.9543;2.9448;0.30708;2.5339;11.97
ENV1;S3;D;7;-9;9;;13.1719;32.6512;4.0748;2.9888;0.20306;2.5355;11.97
ENV1;S3;D;7;-10;10;;13.1927;32.846;4.8101;3.0172;0.1113;2.538;11.97
ENV1;S3;D;7;-11;11;;13.2619;33.4982;5.7573;2.9492;0.06161;2.5422;11.97
ENV1;S3;D;7;-12;12;;13.2818;33.7058;6.5426;2.6291;0.034645;2.5495;11.97
ENV1;S3;D;7;-13;13;;13.2823;33.7428;6.739;2.5049;0.014021;2.5543;12.034
ENV1;S3;D;7;-14;14;;13.2827;33.7671;6.6927;2.4293;0.0017233;2.5568;11.968
ENV1;S3;D;7;-15;15;;13.2804;33.7607;7.0978;2.5775;-0.00005759;2.5583;11.97
ENV1;S3;D;7;-16;16;;13.3397;33.9927;7.1298;2.6432;1.00E-12;2.5597;11.97
ENV1;S3;D;7;-17;17;;13.3635;34.0518;6.7096;2.0812;1.00E-12;2.5548;12.057
ENV1;S3;D;7;-18;18;;13.4271;34.2903;7.0374;2.0491;1.00E-12;2.545;11.969
ENV1;S3;D;7;-19;19;;13.5618;34.7861;6.562;2.3444;1.00E-12;2.5442;11.97
ENV1;S3;D;7;-20;20;;13.6595;34.945;5.7657;2.0994;1.00E-12;2.5445;11.97
ENV1;S3;D;7;-21;21;;13.7091;35.0175;4.4039;1.8251;1.00E-12;2.5375;12.396
ENV1;S3;D;7;-22;22;;13.7435;35.0805;3.5779;1.7921;1.00E-12;2.5097;12.526
ENV1;S3;D;7;-23;23;;13.7315;35.1864;3.2334;1.7929;1.00E-12;2.4789;13.435
ENV1;S3;D;7;-24;24;;13.7348;35.2373;2.5739;2.0046;1.00E-12;2.4505;13.886
ENV1;S3;D;7;-25;25;;13.7433;35.2596;2.1598;2.2835;1.00E-12;2.3998;13.616
ENV1;S3;D;7;-26;26;;13.7775;35.3192;1.7014;2.2417;1.00E-12;2.3557;12.906
ENV1;S3;D;7;-27;27;;13.8453;35.4527;1.2669;2.4968;1.00E-12;2.3438;13.063
ENV1;S3;D;7;-28;28;;13.8171;35.5278;1.1391;2.7257;1.00E-12;2.3315;13.801
ENV1;S3;D;7;-29;29;;13.8045;35.5685;0.9882;2.9419;1.00E-12;2.3166;13.967
ENV1;S3;D;7;-30;30;;13.7208;35.5737;0.8324;3.0116;1.00E-12;2.3008;13.965
ENV1;S3;D;7;-31;31;;13.5983;35.5895;0.7245;3.0988;1.00E-12;2.2839;13.965
ENV1;S3;D;7;-32;32;;13.5493;35.6248;0.7354;2.4721;1.00E-12;2.2679;13.965
ENV1;S3;D;7;-33;33;;13.5024;35.6315;0.7637;1.8701;1.00E-12;2.2633;13.965
ENV1;S3;D;7;-34;34;;13.4491;35.6347;0.7361;1.4854;1.00E-12;2.285;13.965
ENV1;S3;D;7;-35;35;;13.3751;35.6824;0.5913;1.7104;1.00E-12;2.2798;13.965
ENV1;S3;D;7;-36;36;;13.3325;35.685;0.4149;1.7954;1.00E-12;2.2728;13.965
ENV1;S3;D;7;-37;37;;13.2896;35.6865;0.3769;1.7461;1.00E-12;2.2627;13.965
ENV1;S3;D;7;-38;38;;13.2665;35.6891;0.3409;1.7725;1.00E-12;2.2573;13.965
ENV1;S3;D;7;-39;39;;13.2194;35.6846;0.2894;1.9101;1.00E-12;2.2537;13.965
ENV1;S3;D;7;-40;40;;13.1876;35.6823;0.2705;1.9814;1.00E-12;2.2501;13.965
ENV1;S3;D;7;-41;41;;13.1602;35.6827;0.2595;2.2297;1.00E-12;2.2462;13.965
ENV1;S3;D;7;-42;42;;13.1581;35.6805;0.2413;1.7748;1.00E-12;2.2266;13.965
ENV1;S3;D;7;-43;43;;13.1163;35.6808;0.2205;1.7003;1.00E-12;2.2159;13.965
ENV1;S3;D;7;-44;44;;13.1104;35.6805;0.2263;1.992;1.00E-12;2.214;13.965
ENV1;S3;D;7;-45;45;;13.0085;35.6955;0.1831;2.0993;1.00E-12;2.2116;13.965
ENV1;S3;D;7;-46;46;;12.9621;35.6979;0.1621;2.1698;1.00E-12;2.2087;13.965
ENV1;S3;D;7;-47;47;;12.9304;35.6958;0.1317;2.2858;1.00E-12;2.2039;13.965
ENV1;S3;D;7;-48;48;;12.8092;35.6957;0.1324;2.3577;1.00E-12;2.1939;13.965
ENV1;S3;D;7;-49;49;;12.7347;35.6997;0.145;2.5698;1.00E-12;2.1858;13.965
ENV1;S3;D;7;-50;50;;12.7185;35.6975;0.1402;2.8706;1.00E-12;2.1686;13.965
ENV1;S3;D;7;-51;51;;12.7121;35.6969;0.1389;2.8878;1.00E-12;2.1467;13.965
ENV1;S3;D;7;-52;52;;12.7107;35.697;0.1522;3.4086;1.00E-12;2.1385;13.965
ENV1;S3;D;7;-53;53;;12.7102;35.6972;0.1519;3.5375;1.00E-12;2.1319;13.965
ENV1;S3;D;7;-54;54;;12.7097;35.6978;0.1466;3.7577;1.00E-12;2.1302;13.965
ENV1;S3;D;7;-55;55;;12.6926;35.6983;0.1421;3.8949;1.00E-12;2.128;13.965
ENV1;S3;D;7;-56;56;;12.6679;35.7014;0.1539;4.0949;1.00E-12;2.1263;13.965
ENV1;S3;D;7;-57;57;;12.6397;35.7006;0.1331;4.263;1.00E-12;2.1246;13.965
ENV1;S3;D;7;-58;58;;12.6018;35.6987;0.1222;3.3155;1.00E-12;2.1144;13.986
ENV1;S3;D;7;-59;59;;12.6265;35.6972;0.146;3.1523;1.00E-12;2.1084;13.965
ENV1;S3;D;7;-60;60;;12.5497;35.6978;0.138;4.0403;1.00E-12;2.1079;13.965
ENV1;S3;D;7;-61;61;;12.5165;35.6975;0.1464;4.4766;1.00E-12;2.1057;13.965
ENV1;S3;D;7;-62;62;;12.4528;35.6977;0.1404;4.6658;1.00E-12;2.1037;13.965
ENV1;S3;D;7;-63;62;;12.4066;35.6963;0.1454;4.8949;1.00E-12;2.0977;14.019
ENV1;S3;D;7;-64;63;;12.3897;35.6944;0.1785;4.9467;1.00E-12;2.0873;15.087
ENV1;S3;D;7;-65;64;;12.3725;35.694;0.1558;5.0682;1.00E-12;2.0823;15.416
ENV1;S3;D;7;-66;65;;12.354;35.693;0.1568;4.8486;1.00E-12;2.0756;15.871
ENV1;S3;D;7;-67;66;;12.3407;35.6922;0.1543;4.5667;1.00E-12;2.0699;15.962
ENV1;S3;D;7;-68;67;;12.3143;35.6917;0.1607;5.2978;1.00E-12;2.0672;15.96
ENV1;S3;D;7;-69;68;;12.2974;35.6908;0.1753;5.5337;1.00E-12;2.0638;15.96
ENV1;S3;D;7;-70;69;;12.287;35.6902;0.1796;5.5527;1.00E-12;2.0607;15.96
ENV1;S3;D;7;-71;70;;12.2856;35.6894;0.1885;5.1862;1.00E-12;2.0573;15.96
ENV1;S3;D;7;-72;71;;12.2822;35.6884;0.1783;4.5397;1.00E-12;2.0537;15.96
ENV1;S3;D;7;-73;72;;12.2735;35.688;0.1498;4.9232;1.00E-12;2.0532;15.96
ENV1;S3;D;7;-74;73;;12.2682;35.6874;0.1664;5.3116;1.00E-12;2.0526;15.96
ENV1;S3;D;7;-75;74;;12.2595;35.6873;0.162;5.3269;1.00E-12;2.052;15.96
ENV1;S3;D;7;-76;75;;12.2372;35.686;0.1632;5.749;1.00E-12;2.0512;15.96
ENV1;S3;D;7;-77;76;;12.1983;35.6855;0.1625;6.0524;1.00E-12;2.0504;15.96
ENV1;S3;D;7;-78;77;;12.1595;35.6835;0.1619;6.3616;1.00E-12;2.0485;15.96
ENV1;S3;D;7;-79;78;;12.1492;35.6826;0.181;5.6849;1.00E-12;2.0459;15.991
ENV1;S3;D;8;-5;5;;13.0595;31.7994;2.3001;2.7233;0.19879;2.4286;2.297
ENV1;S3;D;8;-6;6;;13.1765;32.3111;2.2827;2.647;0.1006;2.512;2.3109
ENV1;S3;D;8;-7;7;;13.4829;33.6731;3.0435;2.9936;0.073504;2.5136;2.2809
ENV1;S3;D;8;-8;8;;13.4166;33.4046;3.8328;2.578;0.033348;2.5225;2.3144
ENV1;S3;D;8;-9;9;;13.55;34.0662;4.0882;2.4296;0.0065272;2.5221;2.0591
ENV1;S3;D;8;-10;10;;13.5733;34.519;6.0806;1.8128;0.00015747;2.5263;2.1822
ENV1;S3;D;8;-11;11;;13.4785;34.7621;6.3067;2.0627;1.00E-12;2.5571;2.487
ENV1;S3;D;8;-12;12;;13.4681;34.8581;6.8864;1.9701;1.00E-12;2.5825;2.297
ENV1;S3;D;8;-13;13;;13.4688;34.9245;7.6148;2.1063;1.00E-12;2.5982;2.306
ENV1;S3;D;8;-14;14;;13.4683;34.9392;7.5157;1.8095;1.00E-12;2.6014;2.2609
ENV1;S3;D;8;-15;15;;13.467;34.968;7.6377;1.7043;1.00E-12;2.6016;3.1711
ENV1;S3;D;8;-16;16;;13.4642;35.054;7.0836;1.5375;1.00E-12;2.6011;3.1348
ENV1;S3;D;8;-17;17;;13.4522;35.1158;7.9628;1.7778;1.00E-12;2.5956;2.6603
ENV1;S3;D;8;-18;18;;13.4543;35.14;9.0378;1.3292;1.00E-12;2.5811;2.6998
ENV1;S3;D;8;-19;19;;13.4625;35.164;7.2483;1.3978;1.00E-12;2.5664;2.686
ENV1;S3;D;8;-20;20;;13.4744;35.1829;6.7425;1.2293;1.00E-12;2.5497;3.741
ENV1;S3;D;8;-21;21;;13.4845;35.1995;6.7912;1.4178;1.00E-12;2.543;2.6606
ENV1;S3;D;8;-22;22;;13.4852;35.2142;6.8759;1.5571;1.00E-12;2.5357;2.2361
ENV1;S3;D;8;-23;23;;13.5057;35.2858;8.0683;1.9248;1.00E-12;2.5223;2.8915
ENV1;S3;D;8;-24;24;;13.5364;35.3811;6.3809;1.686;1.00E-12;2.4902;2.6573
ENV1;S3;D;8;-25;25;;13.5772;35.4897;4.8671;1.7894;1.00E-12;2.4529;2.742
ENV1;S3;D;8;-26;26;;13.6118;35.5651;3.026;1.6117;1.00E-12;2.4144;2.9089
ENV1;S3;D;8;-27;27;;13.6256;35.5841;2.158;1.4951;1.00E-12;2.3779;3.126
ENV1;S3;D;8;-28;28;;13.683;35.6133;1.7049;1.4083;1.00E-12;2.3601;3.0287
ENV1;S3;D;8;-29;29;;13.7138;35.6737;1.1613;1.4695;1.00E-12;2.3512;3.0862
ENV1;S3;D;8;-30;30;;13.6136;35.6293;0.6772;2.3145;1.00E-12;2.3154;3.7202
ENV1;S3;D;8;-31;31;;13.5617;35.7018;0.8218;2.4804;1.00E-12;2.3218;3.0821
ENV1;S3;D;8;-32;32;;13.5451;35.7023;0.4366;3.4435;1.00E-12;2.3132;2.7968
ENV1;S3;D;8;-33;33;;13.5149;35.7028;0.3907;3.6341;1.00E-12;2.277;3.6991
ENV1;S3;D;8;-34;34;;13.4811;35.7011;0.3427;3.4767;1.00E-12;2.2508;3.5501
ENV1;S3;D;8;-35;35;;13.4424;35.6972;0.2964;3.5843;1.00E-12;2.2345;3.5977
ENV1;S3;D;8;-36;36;;13.4403;35.6958;0.274;3.3818;1.00E-12;2.2227;3.5898
ENV1;S3;D;8;-37;37;;13.4269;35.6948;0.3214;3.8737;1.00E-12;2.2219;3.448
ENV1;S3;D;8;-38;38;;13.4242;35.6948;0.3076;4.0519;1.00E-12;2.2203;3.47
ENV1;S3;D;8;-39;39;;13.4176;35.695;0.2979;4.1697;1.00E-12;2.2191;3.3277
ENV1;S3;D;8;-40;40;;13.4154;35.6946;0.2872;3.4096;1.00E-12;2.2158;3.8295
ENV1;S3;D;8;-41;41;;13.4065;35.6954;0.2943;3.551;1.00E-12;2.2151;3.6386
ENV1;S3;D;8;-42;42;;13.3729;35.6998;0.2863;4.0378;1.00E-12;2.2146;3.5755
ENV1;S3;D;8;-43;43;;13.36;35.7009;0.2684;3.8787;1.00E-12;2.2119;3.6164
ENV1;S3;D;8;-44;44;;13.3302;35.7033;0.2765;3.7906;1.00E-12;2.2088;3.7661
ENV1;S3;D;8;-45;45;;13.3271;35.7026;0.2223;3.1002;1.00E-12;2.2034;3.782
ENV1;S3;D;8;-46;46;;13.3243;35.7033;0.2599;3.6233;1.00E-12;2.2024;3.91
ENV1;S3;D;8;-47;47;;13.3244;35.7032;0.2658;4.0309;1.00E-12;2.202;3.9231
ENV1;S3;D;8;-48;48;;13.3247;35.7029;0.2577;3.6637;1.00E-12;2.2011;3.8923
ENV1;S3;D;8;-49;49;;13.325;35.7027;0.2423;3.467;1.00E-12;2.2008;3.8167
ENV1;S3;D;8;-50;50;;13.3255;35.7025;0.2637;3.8045;1.00E-12;2.2004;3.9025
ENV1;S3;D;8;-51;51;;13.3266;35.7024;0.2412;3.6776;1.00E-12;2.201;3.9553
ENV1;S3;D;8;-52;52;;13.3279;35.7024;0.2661;3.9584;1.00E-12;2.2012;3.9278
ENV1;S3;D;8;-53;53;;13.3274;35.7022;0.2604;4.1604;1.00E-12;2.2003;3.9879
ENV1;S3;D;8;-54;54;;13.3263;35.7023;0.2596;3.8398;1.00E-12;2.1998;3.7553
ENV1;S3;D;8;-55;55;;13.3264;35.7022;0.2333;3.5048;1.00E-12;2.2002;3.9239
ENV1;S3;D;8;-56;56;;13.3263;35.7024;0.2661;3.7839;1.00E-12;2.2003;3.9923
ENV1;S3;D;8;-57;57;;13.3058;35.7031;0.2764;3.8322;1.00E-12;2.1988;3.99
ENV1;S3;D;8;-58;58;;13.1115;35.7039;0.2944;3.8949;1.00E-12;2.1974;3.7259
ENV1;S3;D;8;-59;59;;12.9039;35.7146;0.3785;3.3276;1.00E-12;2.1931;3.9787
ENV1;S3;D;8;-60;60;;12.855;35.7128;0.2783;2.7739;1.00E-12;2.1739;3.9546
ENV1;S3;D;8;-61;61;;12.8141;35.7059;0.3189;2.8707;1.00E-12;2.1602;3.9261
ENV1;S3;D;8;-62;62;;12.7606;35.7001;0.3084;2.4504;1.00E-12;2.1586;3.9907
ENV1;S3;D;8;-63;62;;12.721;35.7013;0.2324;1.736;1.00E-12;2.1584;3.9593
ENV1;S3;D;8;-64;63;;12.6281;35.7017;0.191;1.5465;1.00E-12;2.1607;3.8575
ENV1;S3;D;8;-65;64;;12.5503;35.6992;0.1558;1.5587;1.00E-12;2.1579;3.9857
ENV1;S3;D;8;-66;65;;12.5208;35.6984;0.1584;1.5902;1.00E-12;2.1537;3.99
ENV1;S3;D;8;-67;66;;12.4945;35.6986;0.1552;1.8169;1.00E-12;2.1404;3.99
ENV1;S3;D;8;-68;67;;12.4511;35.7001;0.1726;3.2855;1.00E-12;2.1355;3.99
ENV1;S3;D;8;-69;68;;12.452;35.7;0.1531;3.9837;1.00E-12;2.1307;3.99
ENV1;S3;D;8;-70;69;;12.452;35.6998;0.1705;4.3291;1.00E-12;2.1254;3.99
ENV1;S3;D;8;-71;70;;12.4519;35.6994;0.1672;4.8089;1.00E-12;2.1194;3.99
ENV1;S3;D;8;-72;71;;12.4524;35.6987;0.1614;3.6278;1.00E-12;2.1101;3.99
ENV1;S3;D;8;-73;72;;12.4463;35.6983;0.1881;4.0914;1.00E-12;2.1088;3.9311
ENV1;S3;D;8;-74;73;;12.4392;35.6978;0.1714;4.9563;1.00E-12;2.1078;3.9881
ENV1;S3;D;8;-75;74;;12.4352;35.6971;0.1889;5.0796;1.00E-12;2.1071;3.99
ENV1;S3;D;8;-76;75;;12.4323;35.6966;0.1583;4.9218;1.00E-12;2.1062;3.99
ENV1;S3;D;8;-77;76;;12.4264;35.6966;0.1626;4.9373;1.00E-12;2.1057;3.99
ENV1;S3;D;8;-78;77;;12.4226;35.6966;0.1946;4.9931;1.00E-12;2.1051;3.99
ENV1;S3;D;8;-79;78;;12.4178;35.6963;0.1962;5.276;1.00E-12;2.1052;3.99
ENV1;S3;D;8;-80;79;;12.4083;35.6956;0.1644;4.3168;1.00E-12;2.1036;3.99
ENV1;S3;D;8;-81;80;;12.3971;35.6956;0.1928;4.4976;1.00E-12;2.1016;3.99
ENV1;S3;D;8;-82;81;;12.3953;35.6954;0.165;4.5224;1.00E-12;2.0997;3.99
ENV1;S3;D;8;-83;82;;12.3823;35.6954;0.1759;4.0915;1.00E-12;2.0955;3.7943
ENV1;S3;D;1;-48;48;;12.9441;35.7147;0.0978;2.0895;1.00E-12;2.223;21.948
ENV1;S6;D;1;-48;48;;14.0808;35.7512;1.1632;0.3293;2.5004;2.4108;1484.2
ENV1;S3;D;1;-49;49;;12.8846;35.7135;0.0769;2.0278;1.00E-12;2.218;21.945
ENV1;S6;D;1;-49;49;;14.0798;35.7511;1.1119;0.3311;2.2578;2.4104;1476.5
ENV1;S3;D;1;-50;50;;12.8286;35.7125;0.0672;2.0492;1.00E-12;2.2122;22.665
ENV1;S6;D;1;-50;50;;14.0776;35.7509;1.171;0.3647;2.0494;2.41;1480.1
ENV1;S3;D;1;-51;51;;12.9338;35.7099;0.0684;1.5102;1.00E-12;2.1953;25.493
ENV1;S6;D;1;-51;51;;14.0773;35.7508;1.2352;0.4178;1.9254;2.4093;1481.6
ENV1;S3;D;1;-52;52;;12.7836;35.7091;0.0877;1.5517;1.00E-12;2.1991;23.953
ENV1;S6;D;1;-52;52;;14.0772;35.7507;1.1198;0.3414;1.8659;2.4088;1474.8
ENV1;S3;D;1;-53;53;;12.6784;35.7097;0.0456;1.7538;1.00E-12;2.1927;23.94
ENV1;S6;D;1;-53;53;;14.0763;35.7506;1.1476;0.3519;1.7969;2.4083;1466.9
ENV1;S3;D;1;-54;54;;12.6509;35.7092;0.0272;1.9235;1.00E-12;2.1819;23.94
ENV1;S6;D;1;-54;54;;14.0754;35.7506;1.1766;0.3668;1.6859;2.4079;1469.2
ENV1;S3;D;1;-55;55;;12.603;35.7094;0.0369;2.0378;1.00E-12;2.1764;23.94
ENV1;S6;D;1;-55;55;;14.0744;35.7505;1.1725;0.3542;1.5379;2.408;1475.9
ENV1;S3;D;1;-56;56;;12.439;35.7119;0.0532;2.1095;1.00E-12;2.1723;23.94
ENV1;S6;D;1;-56;56;;14.0739;35.7503;1.1593;0.349;1.3909;2.4074;1482.5
ENV1;S3;D;1;-57;57;;12.3748;35.7159;0.0212;2.0791;1.00E-12;2.1673;23.94
ENV1;S6;D;1;-57;57;;14.0742;35.7501;1.1247;0.3544;1.2043;2.4065;1474.4
ENV1;S3;D;1;-58;58;;12.3294;35.7138;0.0112;2.1457;1.00E-12;2.1605;23.94
ENV1;S6;D;1;-58;58;;14.0743;35.7502;1.2654;0.3702;1.0312;2.4062;1457.7
ENV1;S3;D;1;-59;59;;12.3586;35.7118;0.0042;1.9161;1.00E-12;2.1395;25.446
ENV1;S6;D;1;-59;59;;14.0744;35.7502;1.203;0.365;0.96078;2.4055;1461
ENV1;S3;D;1;-60;60;;12.4955;35.7035;0.0523;1.2365;1.00E-12;2.1096;25.247
ENV1;S6;D;1;-60;60;;14.0742;35.7502;1.1549;0.3566;0.93811;2.4046;1466
ENV1;S3;D;1;-61;61;;12.1351;35.7101;0.0541;1.647;1.00E-12;2.1231;22.407
ENV1;S6;D;1;-61;61;;14.0735;35.7499;1.1662;0.3451;0.93045;2.4042;1476.5
ENV1;S3;D;1;-62;62;;12.0341;35.7096;0.0303;2.031;1.00E-12;2.1212;22.885
ENV1;S3;D;1;-63;62;;12.0009;35.7071;-0.0012;2.1121;1.00E-12;2.1137;24.28
ENV1;S6;D;1;-62;62;;14.0735;35.75;1.1933;0.3587;0.90126;2.404;1486.9
ENV1;S6;D;1;-63;62;;14.0738;35.7501;1.1644;0.3496;0.83708;2.4041;1502.3
ENV1;S3;D;1;-64;63;;12.0058;35.7046;-0.0235;1.7599;1.00E-12;2.0856;26.211
ENV1;S6;D;1;-64;63;;14.0738;35.75;1.2159;0.3789;0.76868;2.4041;1515.2
ENV1;S3;D;1;-65;64;;11.8119;35.6983;0.008;1.6484;1.00E-12;2.074;24.178
ENV1;S6;D;1;-65;64;;14.0737;35.7499;1.1001;0.3461;0.67337;2.4045;1492.1
ENV1;S3;D;1;-66;65;;11.7383;35.6964;-0.0121;1.9522;1.00E-12;2.0665;23.942
ENV1;S6;D;1;-66;65;;14.0712;35.7496;1.1452;0.3566;0.59311;2.4039;1470.2
ENV1;S3;D;1;-67;66;;11.7298;35.6941;-0.0373;1.8901;1.00E-12;2.056;24.375
ENV1;S6;D;1;-67;66;;14.0706;35.7495;1.1266;0.3899;0.53577;2.4029;1462
ENV1;S3;D;1;-68;67;;11.7262;35.6925;-0.0377;1.7818;1.00E-12;2.045;25.987
ENV1;S6;D;1;-68;67;;14.0696;35.7494;1.1266;0.3267;0.49402;2.403;1452.5
ENV1;S3;D;1;-69;68;;11.7229;35.6917;-0.0403;1.8761;1.00E-12;2.0379;25.935
ENV1;S6;D;1;-69;68;;14.0686;35.7494;1.1259;0.3513;0.45604;2.4029;1453.6
ENV1;S3;D;1;-70;69;;11.7248;35.6898;-0.0392;1.5437;1.00E-12;2.0282;25.935
ENV1;S6;D;1;-70;69;;14.0683;35.7493;1.1153;0.3559;0.42459;2.4027;1459.8
ENV1;S3;D;1;-71;70;;11.7208;35.6888;-0.0343;1.4467;1.00E-12;2.0243;25.935
ENV1;S6;D;1;-71;70;;14.0671;35.7492;1.1243;0.3706;0.40136;2.4019;1469.9
ENV1;S3;D;1;-72;71;;11.7171;35.6883;-0.0362;1.7021;1.00E-12;2.0225;25.935
ENV1;S6;D;1;-72;71;;14.0681;35.749;1.1555;0.3224;0.38815;2.4021;1517.8
ENV1;S3;D;1;-73;72;;11.7158;35.688;-0.0373;1.8641;1.00E-12;2.0218;25.856
ENV1;S6;D;1;-73;72;;14.0669;35.7491;1.1439;0.3281;0.34355;2.4024;1487.6
ENV1;S3;D;1;-74;73;;11.7138;35.6877;-0.045;1.8463;1.00E-12;2.0207;24.219
ENV1;S6;D;1;-74;73;;14.0671;35.749;1.0863;0.3544;0.3096;2.4016;1468.5
ENV1;S3;D;1;-75;74;;11.7118;35.6874;-0.0503;1.8276;1.00E-12;2.0199;23.944
ENV1;S6;D;1;-75;74;;14.0674;35.7491;1.0666;0.3748;0.2836;2.4009;1462.5
ENV1;S3;D;1;-76;75;;11.7106;35.6871;-0.0396;1.9333;1.00E-12;2.0192;25.499
ENV1;S6;D;1;-76;75;;14.0665;35.7489;1.066;0.3801;0.26049;2.4004;1464.4
ENV1;S3;D;1;-77;76;;11.7082;35.6866;-0.0338;2.0748;1.00E-12;2.0178;25.941
ENV1;S6;D;1;-77;76;;14.0658;35.7488;1.0682;0.3701;0.24603;2.3995;1468.6
ENV1;S3;D;1;-78;77;;11.7074;35.6863;-0.0346;2.1048;1.00E-12;2.0172;26.157
ENV1;S6;D;1;-78;77;;14.0656;35.7486;1.0685;0.3629;0.22113;2.3989;1474
ENV1;S3;D;1;-79;78;;11.7081;35.6855;-0.0404;1.6849;1.00E-12;2.0155;25.597
ENV1;S6;D;1;-79;78;;14.0657;35.7486;1.0148;0.3469;0.19296;2.3983;1481.7
ENV1;S3;D;1;-80;79;;11.7036;35.6852;-0.0445;1.7039;1.00E-12;2.0154;23.915
ENV1;S6;D;1;-80;79;;14.0642;35.7487;1.0171;0.3518;0.17285;2.3985;1467.5
ENV1;S3;D;1;-81;80;;11.7003;35.6848;-0.0357;2.0207;1.00E-12;2.015;23.94
ENV1;S6;D;1;-81;80;;14.062;35.7485;1.0635;0.3539;0.16217;2.3984;1469.5
ENV1;S3;D;1;-82;81;;11.6974;35.6843;-0.0262;2.2203;1.00E-12;2.0144;25.211
ENV1;S6;D;1;-82;81;;14.0616;35.7487;1.04;0.3732;0.14871;2.3986;1471.9
ENV1;S3;D;1;-83;82;;11.6982;35.6838;-0.0365;1.8544;1.00E-12;2.0134;27.323
ENV1;S6;D;1;-83;82;;14.0629;35.7489;1.0504;0.3727;0.13546;2.3981;1474
ENV1;S3;D;1;-84;83;;11.6904;35.683;-0.0257;1.7681;1.00E-12;2.0133;23.736
ENV1;S6;D;1;-84;83;;14.0632;35.7489;1.0457;0.3714;0.12266;2.3978;1476
ENV1;S3;D;1;-85;84;;11.6871;35.6827;-0.0385;2.1201;1.00E-12;2.0132;23.94
ENV1;S6;D;1;-85;84;;14.0633;35.749;0.9825;0.363;0.11266;2.3968;1480.5
ENV1;S3;D;1;-86;85;;11.6861;35.6824;-0.039;2.2362;1.00E-12;2.0125;25.523
ENV1;S6;D;1;-86;85;;14.0635;35.7488;0.983;0.3492;0.10543;2.3949;1495.4
ENV1;S3;D;1;-87;86;;11.6824;35.6818;-0.0264;2.5361;1.00E-12;2.0124;26.027
ENV1;S6;D;1;-87;86;;14.0636;35.7488;0.9445;0.3112;0.084187;2.3945;1461
ENV1;S3;D;1;-88;87;;11.6819;35.6814;-0.0215;3.073;1.00E-12;2.0117;26.748
ENV1;S6;D;1;-88;87;;14.0639;35.7495;0.8902;0.3584;0.069672;2.3946;1445.4
ENV1;S3;D;1;-89;88;;11.6794;35.6812;-0.0198;3.3349;1.00E-12;2.0123;25.378
ENV1;S6;D;1;-89;88;;14.0641;35.7497;1.0082;0.356;0.061492;2.3949;1443.4
ENV1;S6;D;1;-90;89;;14.0642;35.7498;0.9422;0.3677;0.0548;2.3944;1442.3
ENV1;S6;D;1;-91;90;;14.0632;35.75;0.9491;0.3722;0.052458;2.3932;1444
ENV1;S6;D;1;-92;91;;14.0598;35.7493;0.9915;0.3621;0.051256;2.3915;1455.3
ENV1;S6;D;1;-93;92;;14.0596;35.7493;0.9794;0.3463;0.048841;2.3909;1474.9
ENV1;S6;D;1;-94;93;;14.0595;35.7493;0.9697;0.3367;0.044027;2.3907;1490.3
ENV1;S6;D;1;-95;94;;14.0601;35.7495;0.8865;0.3229;0.035488;2.3902;1509.3
ENV1;S6;D;1;-96;95;;14.0583;35.7493;0.8488;0.3035;0.020493;2.3909;1455.2
ENV1;S6;D;1;-97;96;;14.0561;35.7497;0.8575;0.3502;0.011804;2.3901;1426
ENV1;S6;D;1;-98;97;;14.0537;35.7501;0.8585;0.3348;0.0082329;2.3897;1419
ENV1;S6;D;1;-99;98;;14.0495;35.7522;0.8499;0.3092;0.0049243;2.3893;1421.4
ENV1;S6;D;1;-100;99;;14.0481;35.7532;0.7668;0.3024;0.0032336;2.3876;1432.8
ENV1;S6;D;1;-101;100;;14.0466;35.7546;0.8158;0.2864;0.0034202;2.3867;1448.1
ENV1;S6;D;1;-102;101;;14.0463;35.7558;0.8107;0.2868;0.0018758;2.3861;1458.9
ENV1;S6;D;1;-103;102;;14.0456;35.7576;0.7622;0.2738;0.000065897;2.3856;1473.4
ENV1;S6;D;1;-104;103;;14.0462;35.7567;0.6845;0.2366;1.73E-06;2.3837;1502.1
ENV1;S6;D;1;-105;104;;14.0452;35.7581;0.6749;0.2464;9.65E-09;2.3836;1456.7
ENV1;S6;D;1;-106;105;;14.0452;35.7586;0.6383;0.2467;1.00E-12;2.3831;1449.4
ENV1;S6;D;1;-107;106;;14.0431;35.7596;0.6184;0.2522;1.00E-12;2.3822;1436.3
ENV1;S6;D;1;-108;107;;14.0402;35.7606;0.6189;0.2482;1.00E-12;2.3811;1425.6
ENV1;S6;D;1;-109;108;;14.0394;35.761;0.62;0.2629;1.00E-12;2.3806;1424
ENV1;S6;D;1;-110;109;;14.0378;35.7617;0.6187;0.2751;1.00E-12;2.3803;1427.4
ENV1;S6;D;1;-111;110;;14.0357;35.7621;0.6316;0.2675;1.00E-12;2.3798;1437.2
ENV1;S6;D;1;-112;111;;14.0389;35.7607;0.565;0.2269;1.00E-12;2.3753;1490.7
ENV1;S6;D;1;-113;112;;14.0361;35.7616;0.5452;0.2272;1.00E-12;2.3739;1459.3
ENV1;S6;D;1;-114;113;;14.0311;35.7625;0.5338;0.2426;1.00E-12;2.3727;1466.3
ENV1;S6;D;1;-115;114;;14.0309;35.7627;0.5048;0.2329;1.00E-12;2.3705;1445.3
ENV1;S6;D;1;-116;115;;14.0287;35.7635;0.514;0.2534;1.00E-12;2.3696;1433.4
ENV1;S6;D;1;-117;116;;14.0275;35.7638;0.5312;0.2597;1.00E-12;2.3694;1434.1
ENV1;S6;D;1;-118;117;;14.0251;35.7646;0.5402;0.2648;1.00E-12;2.3688;1440.7
ENV1;S6;D;1;-119;118;;14.0252;35.7646;0.5047;0.2541;1.00E-12;2.3675;1450.1
ENV1;S6;D;1;-120;119;;14.0233;35.7655;0.4984;0.2525;1.00E-12;2.3659;1466.7
ENV1;S6;D;1;-121;120;;14.0251;35.7646;0.4954;0.2339;1.00E-12;2.3626;1481.7
ENV1;S6;D;1;-122;121;;14.0227;35.7657;0.4618;0.2343;1.00E-12;2.3623;1448.1
ENV1;S6;D;1;-123;122;;14.0192;35.7674;0.4964;0.2389;1.00E-12;2.3624;1443.1
ENV1;S6;D;1;-124;123;;14.0189;35.7677;0.4852;0.2485;1.00E-12;2.3615;1443
ENV1;S6;D;1;-125;124;;14.0155;35.769;0.4679;0.2525;1.00E-12;2.3597;1447.3
ENV1;S6;D;1;-126;125;;14.0114;35.7706;0.4436;0.2523;1.00E-12;2.3579;1456.9
ENV1;S6;D;1;-127;126;;14.0117;35.7702;0.3993;0.2454;1.00E-12;2.3545;1479.8
ENV1;S6;D;1;-128;127;;14.012;35.77;0.4177;0.2241;1.00E-12;2.3488;1495.2
ENV1;S6;D;1;-129;128;;14.0041;35.7716;0.4167;0.2581;1.00E-12;2.3472;1485.3
ENV1;S6;D;1;-130;129;;13.9942;35.7731;0.3661;0.2976;1.00E-12;2.3467;1472.1
ENV1;S6;D;1;-131;130;;13.9752;35.7727;0.3305;0.3248;1.00E-12;2.3449;1459.3
ENV1;S6;D;1;-132;131;;13.8928;35.7778;0.2587;0.2334;1.00E-12;2.3432;1450.1
ENV1;S6;D;1;-133;132;;13.8858;35.7777;0.179;0.2445;1.00E-12;2.3381;1444.7
ENV1;S6;D;1;-134;133;;13.8758;35.7775;0.1511;0.2421;1.00E-12;2.3304;1445.3
ENV1;S6;D;1;-135;134;;13.846;35.7786;0.1515;0.2396;1.00E-12;2.3196;1455.7
ENV1;S6;D;1;-136;135;;13.8188;35.7792;0.1135;0.2257;1.00E-12;2.3091;1466.1
ENV1;S6;D;1;-137;136;;13.7954;35.7801;0.1087;0.227;1.00E-12;2.3026;1462.4
ENV1;S6;D;1;-138;137;;13.7723;35.7802;0.1082;0.2336;1.00E-12;2.2984;1462.7
ENV1;S6;D;1;-139;138;;13.7594;35.7802;0.0995;0.2582;1.00E-12;2.2948;1465.1
ENV1;S6;D;1;-140;139;;13.7375;35.7807;0.095;0.2622;1.00E-12;2.2911;1468.6
ENV1;S6;D;1;-141;140;;13.7153;35.7812;0.0894;0.266;1.00E-12;2.2866;1476.5
ENV1;S6;D;1;-142;141;;13.6893;35.7842;0.0779;0.295;1.00E-12;2.2807;1484.8
ENV1;S6;D;1;-143;142;;13.6705;35.7873;0.0766;0.2449;1.00E-12;2.2733;1489.9
ENV1;S6;D;1;-144;143;;13.6474;35.7864;0.0539;0.2224;1.00E-12;2.2653;1487.8
ENV1;S6;D;1;-145;144;;13.6209;35.7854;0.0452;0.2229;1.00E-12;2.2555;1465.5
ENV1;S6;D;1;-146;145;;13.5879;35.785;0.017;0.2287;1.00E-12;2.2483;1448.3
ENV1;S6;D;1;-147;146;;13.5711;35.7841;0.0036;0.234;1.00E-12;2.243;1446.4
ENV1;S6;D;1;-148;147;;13.5519;35.7838;0.0057;0.232;1.00E-12;2.2393;1446.4
ENV1;S6;D;1;-149;148;;13.5291;35.7838;0.0193;0.2225;1.00E-12;2.2353;1444.1
ENV1;S6;D;1;-150;149;;13.5026;35.7846;0.0087;0.2321;1.00E-12;2.2312;1441.6
ENV1;S6;D;1;-151;150;;13.473;35.7844;0.0038;0.2309;1.00E-12;2.2271;1441.3
ENV1;S6;D;1;-152;151;;13.4519;35.7846;0.0015;0.2293;1.00E-12;2.2231;1443.6
ENV1;S6;D;1;-153;152;;13.4422;35.7842;-0.0014;0.2347;1.00E-12;2.2182;1454.7
ENV1;S6;D;1;-154;153;;13.4312;35.7838;-0.0175;0.2428;1.00E-12;2.2131;1477.8
ENV1;S6;D;1;-155;154;;13.4146;35.7832;-0.0374;0.2334;1.00E-12;2.2078;1485.5
ENV1;S6;D;1;-156;155;;13.399;35.7834;-0.037;0.2363;1.00E-12;2.2044;1467.1
ENV1;S6;D;1;-157;156;;13.3806;35.7833;-0.0328;0.2407;1.00E-12;2.2018;1462.5
ENV1;S6;D;1;-158;157;;13.3705;35.7828;-0.027;0.2527;1.00E-12;2.2002;1464.3
ENV1;S6;D;1;-159;158;;13.3496;35.7822;-0.0367;0.2426;1.00E-12;2.1977;1473.6
ENV1;S6;D;1;-160;159;;13.3233;35.7835;-0.0479;0.2343;1.00E-12;2.1923;1470.2
ENV1;S6;D;1;-161;160;;13.3152;35.7817;-0.0433;0.2455;1.00E-12;2.1881;1439.9
ENV1;S6;D;1;-162;161;;13.2953;35.7826;-0.0531;0.2398;1.00E-12;2.1859;1432.6
ENV1;S6;D;1;-163;162;;13.2852;35.7853;-0.0621;0.2338;1.00E-12;2.1839;1432.4
ENV1;S6;D;1;-164;163;;13.2851;35.7864;-0.0597;0.228;1.00E-12;2.1823;1435.2
ENV1;S6;D;1;-165;164;;13.2856;35.7947;-0.0573;0.2259;1.00E-12;2.1808;1438.7
ENV1;S6;D;1;-166;165;;13.2592;35.8034;-0.0476;0.2217;1.00E-12;2.1793;1443.7
ENV1;S6;D;1;-167;166;;13.2649;35.8099;-0.0605;0.1847;1.00E-12;2.1769;1449.2
ENV1;S6;D;1;-168;167;;13.27;35.8125;-0.0683;0.1848;1.00E-12;2.1733;1455.3
ENV1;S6;D;1;-169;168;;13.2668;35.8142;-0.0717;0.1845;1.00E-12;2.1685;1463.7
ENV1;S6;D;1;-170;169;;13.2643;35.8142;-0.0723;0.184;1.00E-12;2.1622;1480.5
ENV1;S6;D;1;-171;170;;13.2324;35.8149;-0.0713;0.1703;1.00E-12;2.1568;1493.8
ENV1;S6;D;1;-172;171;;13.211;35.8161;-0.0672;0.1832;1.00E-12;2.1534;1470.9
ENV1;S6;D;1;-173;172;;13.2051;35.8157;-0.06;0.1787;1.00E-12;2.1511;1454.1
ENV1;S6;D;1;-174;173;;13.1999;35.8153;-0.072;0.1847;1.00E-12;2.1493;1445.3
ENV1;S6;D;1;-175;174;;13.1972;35.8149;-0.0703;0.1816;1.00E-12;2.1484;1440.7
ENV1;S6;D;1;-176;175;;13.1865;35.8143;-0.0704;0.1783;1.00E-12;2.1465;1439.5
ENV1;S6;D;1;-177;176;;13.1807;35.8131;-0.0724;0.1784;1.00E-12;2.1453;1438.7
ENV1;S6;D;1;-178;177;;13.1623;35.8113;-0.0695;0.1784;1.00E-12;2.144;1439.3
ENV1;S6;D;1;-179;178;;13.1503;35.8097;-0.0724;0.1685;1.00E-12;2.1432;1440.1
ENV1;S6;D;1;-180;179;;13.1419;35.8083;-0.0724;0.1711;1.00E-12;2.1421;1444.1
ENV1;S6;D;1;-181;179;;13.131;35.8062;-0.0886;0.1645;1.00E-12;2.1409;1452.3
ENV1;S6;D;1;-182;180;;13.0881;35.8004;-0.071;0.1639;1.00E-12;2.14;1456.8
ENV1;S6;D;1;-183;181;;13.0603;35.7967;-0.0765;0.1662;1.00E-12;2.1386;1460.1
ENV1;S6;D;1;-184;182;;13.0481;35.7948;-0.0826;0.1695;1.00E-12;2.1367;1468.5
ENV1;S6;D;1;-185;183;;13.0244;35.7908;-0.0903;0.1699;1.00E-12;2.1342;1486.1
ENV1;S6;D;1;-186;184;;13.0023;35.7868;-0.0727;0.1637;1.00E-12;2.132;1485.4
ENV1;S6;D;1;-187;185;;12.9728;35.782;-0.0719;0.1786;1.00E-12;2.131;1458.7
ENV1;S6;D;1;-188;186;;12.9498;35.7784;-0.0687;0.1725;1.00E-12;2.1299;1442.5
ENV1;S6;D;1;-189;187;;12.935;35.7758;-0.0861;0.176;1.00E-12;2.1289;1434.8
ENV1;S6;D;1;-190;188;;12.9221;35.7734;-0.0941;0.1784;1.00E-12;2.1274;1435
ENV1;S6;D;1;-191;189;;12.908;35.7711;-0.0969;0.1677;1.00E-12;2.1261;1439.9
ENV1;S6;D;1;-192;190;;12.9009;35.7698;-0.0934;0.1739;1.00E-12;2.1252;1446.3
ENV1;S6;D;1;-193;191;;12.8968;35.7687;-0.0854;0.1819;1.00E-12;2.1248;1451.3
ENV1;S6;D;1;-194;192;;12.8662;35.7644;-0.071;0.1816;1.00E-12;2.1253;1447.2
ENV1;S6;D;1;-195;193;;12.8512;35.7619;-0.0721;0.1826;1.00E-12;2.1254;1438.3
ENV1;S6;D;1;-196;194;;12.8466;35.7611;-0.071;0.1735;1.00E-12;2.1249;1433
ENV1;S6;D;1;-197;195;;12.8417;35.7601;-0.071;0.175;1.00E-12;2.1245;1434.9
ENV1;S6;D;1;-198;196;;12.8205;35.7565;-0.0786;0.1753;1.00E-12;2.1242;1444.4
ENV1;S6;D;1;-199;197;;12.7879;35.7529;-0.0902;0.1769;1.00E-12;2.1232;1461.3
ENV1;S6;D;1;-200;198;;12.789;35.7534;-0.0784;0.1636;1.00E-12;2.1215;1484.6
ENV1;S6;D;1;-201;199;;12.7695;35.7485;-0.077;0.1695;1.00E-12;2.121;1454.2
ENV1;S6;D;1;-202;200;;12.7523;35.7466;-0.0718;0.1883;1.00E-12;2.1203;1439.4
ENV1;S6;D;1;-203;201;;12.7366;35.7446;-0.0704;0.2387;1.00E-12;2.1199;1432.7
ENV1;S6;D;1;-204;202;;12.7281;35.7435;-0.0745;0.2181;1.00E-12;2.119;1428.6
ENV1;S6;D;1;-205;203;;12.7129;35.741;-0.085;0.1736;1.00E-12;2.1182;1430.1
ENV1;S6;D;1;-206;204;;12.6738;35.7365;-0.0924;0.1838;1.00E-12;2.1175;1434.3
ENV1;S6;D;1;-207;205;;12.6514;35.7345;-0.0913;0.1894;1.00E-12;2.1163;1441.2
ENV1;S6;D;1;-208;206;;12.6362;35.7323;-0.0799;0.1834;1.00E-12;2.1153;1445.6
ENV1;S6;D;1;-209;207;;12.6234;35.7308;-0.0718;0.1781;1.00E-12;2.1137;1444.6
ENV1;S6;D;1;-210;208;;12.6071;35.7285;-0.0815;0.1747;1.00E-12;2.112;1447
ENV1;S6;D;1;-211;209;;12.5951;35.7271;-0.0823;0.1847;1.00E-12;2.1111;1451.8
ENV1;S6;D;1;-212;210;;12.5859;35.7256;-0.0844;0.1799;1.00E-12;2.1103;1454.8
ENV1;S6;D;1;-213;211;;12.559;35.7227;-0.0906;0.1823;1.00E-12;2.1099;1460
ENV1;S6;D;1;-214;212;;12.547;35.7209;-0.088;0.1797;1.00E-12;2.1083;1471.2
ENV1;S6;D;1;-215;213;;12.5434;35.7198;-0.0844;0.1759;1.00E-12;2.1068;1464.8
ENV1;S6;D;1;-216;214;;12.5403;35.7194;-0.0919;0.1687;1.00E-12;2.1068;1442.8
ENV1;S6;D;1;-217;215;;12.5381;35.7189;-0.0793;0.1821;1.00E-12;2.1064;1438.8
ENV1;S6;D;1;-218;216;;12.5331;35.7182;-0.0783;0.1879;1.00E-12;2.1056;1439.5
ENV1;S6;D;1;-219;217;;12.5303;35.7179;-0.0947;0.1789;1.00E-12;2.1048;1440.4
ENV1;S6;D;1;-220;218;;12.5274;35.7172;-0.071;0.2029;1.00E-12;2.1038;1437.6
ENV1;S6;D;1;-221;219;;12.5224;35.7166;-0.0817;0.1784;1.00E-12;2.1034;1430.7
ENV1;S6;D;1;-222;220;;12.5132;35.7154;-0.0817;0.1738;1.00E-12;2.1029;1427
ENV1;S6;D;1;-223;221;;12.5059;35.7145;-0.0836;0.1743;1.00E-12;2.1025;1430.4
ENV1;S6;D;1;-224;222;;12.4996;35.7139;-0.0837;0.1756;1.00E-12;2.1019;1438.6
ENV1;S6;D;1;-225;223;;12.4942;35.7131;-0.0912;0.1747;1.00E-12;2.1018;1450
ENV1;S6;D;1;-226;224;;12.4903;35.7125;-0.0938;0.1743;1.00E-12;2.1012;1462.1
ENV1;S6;D;1;-227;225;;12.4833;35.7115;-0.0875;0.1769;1.00E-12;2.1013;1464.6
ENV1;S6;D;1;-228;226;;12.4806;35.7109;-0.0927;0.1768;1.00E-12;2.1008;1461.3
ENV1;S6;D;1;-229;227;;12.4768;35.7104;-0.083;0.1739;1.00E-12;2.1003;1462.2
ENV1;S6;D;1;-230;228;;12.4663;35.709;-0.0766;0.1635;1.00E-12;2.1;1453.8
ENV1;S6;D;1;-231;229;;12.4572;35.7079;-0.0912;0.1746;1.00E-12;2.1004;1438.6
ENV1;S6;D;1;-232;230;;12.4528;35.7075;-0.0829;0.1749;1.00E-12;2.1003;1435.1
ENV1;S6;D;1;-233;231;;12.4502;35.7071;-0.084;0.1796;1.00E-12;2.0999;1435.5
ENV1;S6;D;1;-234;232;;12.4502;35.7069;-0.0826;0.1854;1.00E-12;2.099;1434.1
ENV1;S6;D;1;-235;233;;12.4421;35.7059;-0.073;0.1802;1.00E-12;2.0986;1433.3
ENV1;S6;D;1;-236;234;;12.4116;35.7023;-0.0704;0.1797;1.00E-12;2.0981;1432.8
ENV1;S6;D;1;-237;235;;12.4026;35.7019;-0.1084;0.1757;1.00E-12;2.0969;1436.2
ENV1;S6;D;1;-238;236;;12.4024;35.7014;-0.0859;0.176;1.00E-12;2.0961;1447.2
ENV1;S6;D;1;-239;237;;12.4022;35.7009;-0.0873;0.1769;1.00E-12;2.0955;1464.7
ENV1;S6;D;1;-240;238;;12.4016;35.7006;-0.0826;0.1825;1.00E-12;2.0962;1461.5
ENV1;S6;D;1;-241;239;;12.4014;35.7003;-0.0829;0.1632;1.00E-12;2.0964;1447.6
ENV1;S6;D;1;-242;240;;12.399;35.7;-0.093;0.1652;1.00E-12;2.096;1444.4
ENV1;S6;D;1;-243;241;;12.396;35.6997;-0.0939;0.1734;1.00E-12;2.0956;1446.5
ENV1;S6;D;1;-244;242;;12.3908;35.699;-0.0901;0.1746;1.00E-12;2.0952;1446.4
ENV1;S6;D;1;-245;243;;12.3867;35.6984;-0.0826;0.1743;1.00E-12;2.0947;1446.9
ENV1;S6;D;1;-246;244;;12.3765;35.6964;-0.0922;0.178;1.00E-12;2.0946;1446.8
ENV1;S6;D;1;-247;245;;12.361;35.6946;-0.0927;0.1811;1.00E-12;2.0936;1444.5
ENV1;S6;D;1;-248;246;;12.351;35.6933;-0.0852;0.1809;1.00E-12;2.0931;1446.6
ENV1;S6;D;1;-249;247;;12.3428;35.6928;-0.0821;0.1706;1.00E-12;2.0944;1453.9
ENV1;S6;D;1;-250;248;;12.3325;35.6896;-0.0858;0.1601;1.00E-12;2.0968;1441.2
ENV1;S6;D;1;-251;249;;12.3189;35.6881;-0.0894;0.161;1.00E-12;2.0966;1431.8
ENV1;S6;D;1;-252;250;;12.3146;35.6874;-0.0852;0.1542;1.00E-12;2.0964;1452.3
ENV1;S6;D;1;-253;251;;12.3187;35.688;-0.0878;0.1647;1.00E-12;2.0947;1433.4
ENV1;S6;D;2;-4;4;;13.6645;35.7009;1.0556;0.3097;138.37;2.4416;1804.8
ENV1;S6;D;2;-5;5;;13.6517;35.7049;1.0744;0.3337;106.79;2.4611;1675.2
ENV1;S6;D;2;-6;6;;13.6482;35.7051;1.3261;0.3451;98.744;2.4565;1692.2
ENV1;S6;D;2;-7;7;;13.6407;35.7049;1.4626;0.3542;84.405;2.4564;1683.8
ENV1;S6;D;2;-8;8;;13.6351;35.7055;1.3497;0.3398;71.606;2.4564;1677.6
ENV1;S6;D;2;-9;9;;13.6256;35.7061;1.3875;0.3549;64.38;2.4554;1674.6
ENV1;S6;D;2;-10;10;;13.6236;35.7062;1.4596;0.3448;57.788;2.4545;1691.2
ENV1;S6;D;2;-11;11;;13.6192;35.7066;1.5917;0.3365;53.06;2.4535;1696.3
ENV1;S6;D;2;-12;12;;13.604;35.7054;1.6373;0.3313;47.799;2.4511;1687.2
ENV1;S6;D;2;-13;13;;13.6029;35.7053;1.6412;0.3384;46.437;2.4491;1683.6
ENV1;S6;D;2;-14;14;;13.6035;35.7053;1.6217;0.357;43.165;2.4483;1688.9
ENV1;S6;D;2;-15;15;;13.6054;35.7055;1.6267;0.3492;40.123;2.4475;1705
ENV1;S6;D;2;-16;16;;13.6056;35.7051;1.7553;0.3175;39.324;2.447;1696.6
ENV1;S6;D;2;-17;17;;13.6036;35.7052;1.7042;0.3377;36.069;2.4472;1677.1
ENV1;S6;D;2;-18;18;;13.6045;35.7052;1.6163;0.3415;34.061;2.4466;1668.8
ENV1;S6;D;2;-19;19;;13.6021;35.705;1.6594;0.3383;34.653;2.4454;1662
ENV1;S6;D;2;-20;20;;13.6003;35.7046;1.7128;0.3228;33.477;2.4446;1649.9
ENV1;S6;D;2;-21;21;;13.5965;35.7046;1.7846;0.3187;34.687;2.4444;1632.9
ENV1;S6;D;2;-22;22;;13.5968;35.7046;1.7549;0.3355;36.174;2.4429;1634.3
ENV1;S6;D;2;-23;23;;13.5969;35.7044;1.7334;0.3353;34.244;2.4421;1646.3
ENV1;S6;D;2;-24;24;;13.5975;35.7042;1.6886;0.321;32.718;2.4413;1687.7
ENV1;S6;D;2;-25;25;;13.5974;35.7044;1.689;0.3302;34.654;2.4416;1679.2
ENV1;S6;D;2;-26;26;;13.5968;35.7043;1.7103;0.3694;31.438;2.4409;1665.4
ENV1;S6;D;2;-27;27;;13.5966;35.7043;1.7782;0.3388;29.962;2.4407;1680.6
ENV1;S6;D;2;-28;28;;13.5955;35.7042;1.7132;0.3261;27.914;2.44;1698.3
ENV1;S6;D;2;-29;29;;13.5946;35.7044;1.6884;0.3242;29.782;2.4387;1707.1
ENV1;S6;D;2;-30;30;;13.5928;35.7073;1.5041;0.3012;28.477;2.4371;1721.2
ENV1;S6;D;2;-31;31;;13.5941;35.7072;1.256;0.2771;25.998;2.4269;1713.1
ENV1;S6;D;2;-32;32;;13.5938;35.7109;1.1947;0.2738;23.773;2.4257;1685.4
ENV1;S6;D;2;-33;33;;13.5941;35.7111;1.187;0.3218;22.632;2.4236;1684.5
ENV1;S6;D;2;-34;34;;13.5933;35.7126;1.1221;0.2694;21.275;2.4195;1689.4
ENV1;S6;D;2;-35;35;;13.5911;35.7141;0.9933;0.2513;21.464;2.4132;1663.9
ENV1;S6;D;2;-36;36;;13.589;35.7144;0.9629;0.2588;20.021;2.4099;1656.7
ENV1;S6;D;2;-37;37;;13.5896;35.7138;0.9607;0.2587;17.849;2.407;1652.2
ENV1;S6;D;2;-38;38;;13.5897;35.714;0.974;0.2692;16.837;2.4061;1627
ENV1;S6;D;2;-39;39;;13.5896;35.7143;0.9979;0.2727;15.902;2.4073;1619.8
ENV1;S6;D;2;-40;40;;13.5899;35.7143;0.9592;0.2619;14.859;2.4063;1622
ENV1;S6;D;2;-41;41;;13.59;35.7139;0.998;0.2437;14.556;2.4037;1638.3
ENV1;S6;D;2;-42;42;;13.5876;35.7145;0.9498;0.2414;13.768;2.404;1640
ENV1;S6;D;2;-43;43;;13.5866;35.7146;0.9301;0.2538;12.687;2.4041;1640.4
ENV1;S6;D;2;-44;44;;13.5867;35.7143;0.903;0.2493;11.809;2.4025;1646.7
ENV1;S6;D;2;-45;45;;13.5838;35.7147;0.9666;0.2301;11.013;2.4014;1634.4
ENV1;S6;D;2;-46;46;;13.5807;35.7146;0.9155;0.2416;10.416;2.4009;1626.2
ENV1;S6;D;2;-47;47;;13.5784;35.7144;0.8063;0.2535;9.7924;2.4;1627.9
ENV1;S6;D;2;-48;48;;13.5764;35.7139;0.7319;0.2569;9.2423;2.3981;1641.1
ENV1;S6;D;2;-49;49;;13.5778;35.714;0.7199;0.2213;9.3309;2.3952;1668.5
ENV1;S6;D;2;-50;50;;13.5767;35.7144;0.7925;0.223;8.6752;2.3946;1697
ENV1;S6;D;2;-51;51;;13.5773;35.7144;0.6879;0.2295;8.0952;2.393;1725.6
ENV1;S6;D;2;-52;52;;13.5775;35.7147;0.6453;0.2319;7.6051;2.3922;1703.2
ENV1;S6;D;2;-53;53;;13.5777;35.7147;0.6385;0.2449;7.107;2.3922;1703.4
ENV1;S6;D;2;-54;54;;13.5751;35.714;0.6482;0.2331;6.7817;2.3913;1706.3
ENV1;S6;D;2;-55;55;;13.5735;35.7136;0.6358;0.2349;6.6788;2.3907;1730.5
ENV1;S6;D;2;-56;56;;13.574;35.7137;0.6452;0.2246;6.2787;2.3905;1729.7
ENV1;S6;D;2;-57;57;;13.5742;35.7137;0.6659;0.2227;5.6146;2.3909;1736.1
ENV1;S6;D;2;-58;58;;13.5742;35.7137;0.6914;0.2446;5.356;2.3899;1722.4
ENV1;S6;D;2;-59;59;;13.5735;35.7136;0.6465;0.2396;5.1429;2.3897;1731.3
ENV1;S6;D;2;-60;60;;13.5738;35.7137;0.6152;0.2551;4.9818;2.3889;1746.3
ENV1;S6;D;2;-61;61;;13.5739;35.7136;0.6791;0.2379;4.8618;2.3884;1767
ENV1;S6;D;2;-62;62;;13.5743;35.7135;0.6416;0.2232;4.5313;2.3895;1779.7
ENV1;S6;D;2;-63;62;;13.5734;35.7136;0.6383;0.2243;4.0962;2.3891;1779.6
ENV1;S6;D;2;-64;63;;13.5733;35.7136;0.6916;0.2353;3.9025;2.3882;1768.7
ENV1;S6;D;2;-65;64;;13.5736;35.7136;0.6343;0.2396;3.7703;2.388;1768.2
ENV1;S6;D;2;-66;65;;13.5738;35.7135;0.6826;0.2377;3.5949;2.3871;1778.6
ENV1;S6;D;2;-67;66;;13.5741;35.7135;0.661;0.2094;3.4041;2.3878;1768.9
ENV1;S6;D;2;-68;67;;13.574;35.7136;0.6939;0.2435;3.2192;2.3876;1771.4
ENV1;S6;D;2;-69;68;;13.5746;35.7138;0.6498;0.2383;3.063;2.3867;1773
ENV1;S6;D;2;-70;69;;13.573;35.7133;0.6656;0.2357;2.8903;2.386;1782.6
ENV1;S6;D;2;-71;70;;13.5729;35.7132;0.6104;0.2124;2.6078;2.3865;1776.9
ENV1;S6;D;2;-72;71;;13.5721;35.7132;0.6343;0.2268;2.4887;2.3863;1766.3
ENV1;S6;D;2;-73;72;;13.5724;35.7132;0.6264;0.2435;2.3956;2.3856;1766.9
ENV1;S6;D;2;-74;73;;13.5721;35.7132;0.6312;0.2401;2.3173;2.3843;1768.1
ENV1;S6;D;2;-75;74;;13.5718;35.713;0.6688;0.2511;2.2355;2.3842;1785.2
ENV1;S6;D;2;-76;75;;13.5724;35.7129;0.6401;0.2237;2.0608;2.3849;1799.5
ENV1;S6;D;2;-77;76;;13.5723;35.7131;0.6126;0.2268;1.8709;2.3843;1759
ENV1;S6;D;2;-78;77;;13.5725;35.7131;0.5574;0.2268;1.7798;2.3837;1753.3
ENV1;S6;D;2;-79;78;;13.5741;35.7133;0.5408;0.2289;1.6852;2.3834;1766.7
ENV1;S6;D;2;-80;79;;13.5741;35.7133;0.551;0.2398;1.6306;2.3829;1795.7
ENV1;S6;D;2;-81;80;;13.5738;35.7132;0.6246;0.208;1.56;2.3831;1796.1
ENV1;S6;D;2;-82;81;;13.5739;35.7133;0.6279;0.2214;1.4287;2.3827;1801.8
ENV1;S6;D;2;-83;82;;13.5734;35.7131;0.6789;0.2406;1.3288;2.3823;1805.1
ENV1;S6;D;2;-84;83;;13.5738;35.7132;0.7672;0.243;1.2538;2.381;1796.3
ENV1;S6;D;2;-85;84;;13.5738;35.7133;0.67;0.2554;1.2114;2.3804;1793
ENV1;S6;D;2;-86;85;;13.5749;35.7134;0.6112;0.2342;1.1589;2.3804;1794.3
ENV1;S6;D;2;-87;86;;13.5746;35.7133;0.6461;0.2368;1.1057;2.3804;1789.9
ENV1;S6;D;2;-88;87;;13.5744;35.7131;0.7688;0.2332;1.035;2.3811;1787.9
ENV1;S6;D;2;-89;88;;13.5742;35.7131;0.7645;0.2287;0.95488;2.3802;1767.3
ENV1;S6;D;2;-90;89;;13.5739;35.7132;0.688;0.2331;0.89036;2.3792;1767.3
ENV1;S6;D;2;-91;90;;13.5741;35.7131;0.6529;0.233;0.83331;2.3788;1774.6
ENV1;S6;D;2;-92;91;;13.5741;35.713;0.7395;0.2475;0.80439;2.3789;1779
ENV1;S6;D;2;-93;92;;13.5739;35.7129;0.8153;0.2319;0.77273;2.3783;1785.9
ENV1;S6;D;2;-94;93;;13.5732;35.7129;0.8356;0.2413;0.71069;2.3779;1777.7
ENV1;S6;D;2;-95;94;;13.5734;35.7129;0.7136;0.2321;0.66427;2.3777;1765.1
ENV1;S6;D;2;-96;95;;13.5733;35.7129;0.6403;0.239;0.62523;2.3777;1768.7
ENV1;S6;D;2;-97;96;;13.5733;35.7129;0.6693;0.2516;0.59549;2.3779;1763.4
ENV1;S6;D;2;-98;97;;13.5734;35.7129;0.6903;0.2429;0.56843;2.377;1773.6
ENV1;S6;D;2;-99;98;;13.5737;35.7129;0.6978;0.236;0.54687;2.3764;1788.7
ENV1;S6;D;2;-100;99;;13.5739;35.7129;0.7445;0.2351;0.52084;2.3759;1799.2
ENV1;S6;D;2;-101;100;;13.5742;35.7129;0.7419;0.2311;0.48468;2.3762;1804
ENV1;S6;D;2;-102;101;;13.5742;35.7129;0.6352;0.2233;0.44231;2.3747;1829.4
ENV1;S6;D;2;-103;102;;13.5746;35.7131;0.6909;0.2281;0.41666;2.3742;1822.1
ENV1;S6;D;2;-104;103;;13.5745;35.713;0.6489;0.2308;0.38818;2.3741;1824.8
ENV1;S6;D;2;-105;104;;13.5744;35.7131;0.6204;0.2272;0.36569;2.3739;1823.2
ENV1;S6;D;2;-106;105;;13.5741;35.7129;0.6015;0.2429;0.34805;2.3738;1819.9
ENV1;S6;D;2;-107;106;;13.574;35.7128;0.5999;0.2375;0.34036;2.3735;1825.7
ENV1;S6;D;2;-108;107;;13.5739;35.7127;0.6969;0.2354;0.32696;2.3732;1845
ENV1;S6;D;2;-109;108;;13.5738;35.7126;0.7084;0.2327;0.30559;2.3733;1849.1
ENV1;S6;D;2;-110;109;;13.5738;35.7126;0.6609;0.2299;0.27677;2.373;1861.7
ENV1;S6;D;2;-111;110;;13.5735;35.7127;0.6374;0.244;0.25268;2.3726;1854
ENV1;S6;D;2;-112;111;;13.5737;35.7127;0.6252;0.2301;0.2363;2.3719;1850.6
ENV1;S6;D;2;-113;112;;13.5739;35.7128;0.6372;0.2439;0.22688;2.3715;1847.6
ENV1;S6;D;2;-114;113;;13.573;35.7134;0.637;0.245;0.21614;2.3713;1846.9
ENV1;S6;D;2;-115;114;;13.5725;35.7137;0.5789;0.2272;0.20864;2.3714;1831.9
ENV1;S6;D;2;-116;115;;13.5728;35.7139;0.5455;0.2372;0.19985;2.3704;1822.3
ENV1;S6;D;2;-117;116;;13.5718;35.7139;0.59;0.2437;0.18852;2.3691;1841.1
ENV1;S6;D;2;-118;117;;13.5728;35.7142;0.6431;0.2177;0.16275;2.3673;1847.4
ENV1;S6;D;2;-119;118;;13.5728;35.7162;0.6396;0.2486;0.14574;2.368;1815.8
ENV1;S6;D;2;-120;119;;13.5723;35.7168;0.5672;0.2487;0.13334;2.3678;1799.8
ENV1;S6;D;2;-121;120;;13.5723;35.7171;0.4909;0.2394;0.12433;2.3671;1785
ENV1;S6;D;2;-122;121;;13.5712;35.7174;0.5018;0.2391;0.11511;2.3662;1788.9
ENV1;S6;D;2;-123;122;;13.5671;35.719;0.5005;0.2391;0.10496;2.3646;1785.3
ENV1;S6;D;2;-124;123;;13.5608;35.7217;0.493;0.2391;0.096781;2.3633;1784
ENV1;S6;D;2;-125;124;;13.5569;35.7229;0.4424;0.2309;0.092687;2.3613;1771.1
ENV1;S6;D;2;-126;125;;13.5572;35.724;0.4455;0.2272;0.087269;2.3589;1742.4
ENV1;S6;D;2;-127;126;;13.5575;35.7256;0.469;0.2291;0.082684;2.3551;1748.4
ENV1;S6;D;2;-128;127;;13.5555;35.727;0.4423;0.2452;0.07823;2.3515;1737.9
ENV1;S6;D;2;-129;128;;13.553;35.7306;0.4193;0.2541;0.072779;2.3476;1730.1
ENV1;S6;D;2;-130;129;;13.5441;35.7349;0.412;0.2216;0.067607;2.3441;1729.8
ENV1;S6;D;2;-131;130;;13.528;35.7398;0.3587;0.2271;0.059597;2.3406;1728.9
ENV1;S6;D;2;-132;131;;13.5213;35.7429;0.3322;0.2109;0.054915;2.3348;1740.3
ENV1;S6;D;2;-133;132;;13.5221;35.7484;0.3011;0.2171;0.046351;2.3214;1775.6
ENV1;S6;D;2;-134;133;;13.525;35.7537;0.2821;0.2141;0.040289;2.3111;1774.5
ENV1;S6;D;2;-135;134;;13.5272;35.7542;0.2646;0.2158;0.036233;2.3052;1764.9
ENV1;S6;D;2;-136;135;;13.5502;35.7737;0.2718;0.2196;0.029659;2.2999;1767.5
ENV1;S6;D;2;-137;136;;13.5515;35.7823;0.1788;0.2085;0.029524;2.2969;1776.9
ENV1;S6;D;2;-138;137;;13.5486;35.7861;0.1433;0.2044;0.027343;2.2935;1781.9
ENV1;S6;D;2;-139;138;;13.5485;35.7869;0.1217;0.2078;0.025186;2.2868;1783.4
ENV1;S6;D;2;-140;139;;13.5474;35.7884;0.1136;0.2275;0.023969;2.2784;1790.4
ENV1;S6;D;2;-141;140;;13.547;35.7889;0.1083;0.2132;0.023294;2.2709;1791.3
ENV1;S6;D;2;-142;141;;13.5462;35.7913;0.1127;0.2082;0.020111;2.2653;1784
ENV1;S6;D;2;-143;142;;13.546;35.7922;0.1236;0.2078;0.013013;2.2607;1782
ENV1;S6;D;2;-144;143;;13.5453;35.7943;0.1169;0.2044;0.0091945;2.2567;1782.7
ENV1;S6;D;2;-145;144;;13.5435;35.795;0.1073;0.2052;0.010159;2.2526;1797.9
ENV1;S6;D;2;-146;145;;13.5377;35.7982;0.1147;0.202;0.0069042;2.2455;1781.4
ENV1;S6;D;2;-147;146;;13.5077;35.8141;0.0977;0.1957;-0.00002875;2.2394;1750.2
ENV1;S6;D;2;-148;147;;13.4663;35.8261;0.0532;0.1905;-0.000006607;2.2337;1725.4
ENV1;S6;D;2;-149;148;;13.4292;35.8306;0.0078;0.1926;1.00E-12;2.2274;1709.5
ENV1;S6;D;2;-150;149;;13.4169;35.83;-0.0168;0.1926;1.00E-12;2.2191;1705.7
ENV1;S6;D;2;-151;150;;13.4061;35.828;-0.0582;0.1773;1.00E-12;2.2104;1709.5
ENV1;S6;D;2;-152;151;;13.4008;35.8272;-0.0514;0.1795;1.00E-12;2.2018;1718.4
ENV1;S6;D;2;-153;152;;13.3987;35.8269;-0.0458;0.1827;1.00E-12;2.1941;1724.5
ENV1;S6;D;2;-154;153;;13.3957;35.8267;-0.0707;0.1825;1.00E-12;2.1879;1729.8
ENV1;S6;D;2;-155;154;;13.3858;35.8261;-0.0695;0.1885;1.00E-12;2.1823;1733.6
ENV1;S6;D;2;-156;155;;13.3701;35.8249;-0.0667;0.1873;1.00E-12;2.1774;1736.1
ENV1;S6;D;2;-157;156;;13.3287;35.8226;-0.0574;0.1798;1.00E-12;2.1732;1739.3
ENV1;S6;D;2;-158;157;;13.3028;35.8205;-0.0597;0.1837;1.00E-12;2.1691;1744.5
ENV1;S6;D;2;-159;158;;13.2873;35.8179;-0.0744;0.1902;1.00E-12;2.1654;1748.8
ENV1;S6;D;2;-160;159;;13.2712;35.816;-0.0747;0.1863;1.00E-12;2.1615;1752.6
ENV1;S6;D;2;-161;160;;13.2327;35.812;-0.08;0.179;1.00E-12;2.1597;1741.7
ENV1;S6;D;2;-162;161;;13.1967;35.8092;-0.0817;0.1833;1.00E-12;2.1567;1733.5
ENV1;S6;D;2;-163;162;;13.1823;35.8073;-0.0821;0.1797;1.00E-12;2.1539;1734.8
ENV1;S6;D;2;-164;163;;13.1791;35.8068;-0.0727;0.1726;1.00E-12;2.1526;1731.3
ENV1;S6;D;2;-165;164;;13.1755;35.8061;-0.0738;0.1762;1.00E-12;2.1511;1721.9
ENV1;S6;D;2;-166;165;;13.1736;35.8053;-0.0817;0.1845;1.00E-12;2.1505;1714.9
ENV1;S6;D;2;-167;166;;13.1717;35.8048;-0.0817;0.188;1.00E-12;2.1496;1707.5
ENV1;S6;D;2;-168;167;;13.1733;35.8047;-0.0804;0.1859;1.00E-12;2.1482;1704.5
ENV1;S6;D;2;-169;168;;13.171;35.8042;-0.0817;0.1786;1.00E-12;2.1477;1704.9
ENV1;S6;D;2;-170;169;;13.1675;35.8036;-0.0824;0.1718;1.00E-12;2.1467;1707.7
ENV1;S6;D;2;-171;170;;13.1662;35.8032;-0.0817;0.1708;1.00E-12;2.1463;1705.9
ENV1;S6;D;2;-172;171;;13.1676;35.8034;-0.0809;0.1716;1.00E-12;2.1458;1699.7
ENV1;S6;D;2;-173;172;;13.1681;35.8031;-0.0817;0.1796;1.00E-12;2.145;1686
ENV1;S6;D;2;-174;173;;13.1627;35.8021;-0.0892;0.1716;1.00E-12;2.1443;1669
ENV1;S6;D;2;-175;174;;13.1582;35.802;-0.081;0.1767;1.00E-12;2.1448;1649.8
ENV1;S6;D;2;-176;175;;13.1557;35.8014;-0.0817;0.1786;1.00E-12;2.1451;1633
ENV1;S6;D;2;-177;176;;13.1449;35.8008;-0.079;0.1731;1.00E-12;2.1446;1617.8
ENV1;S6;D;2;-178;177;;13.1312;35.8006;-0.0722;0.1784;1.00E-12;2.1434;1605.6
ENV1;S6;D;2;-179;178;;13.1234;35.8009;-0.0824;0.1784;1.00E-12;2.1418;1593.5
ENV1;S6;D;2;-180;179;;13.1165;35.8003;-0.0817;0.1765;1.00E-12;2.1411;1582
ENV1;S6;D;2;-181;179;;13.1105;35.8003;-0.081;0.1703;1.00E-12;2.1401;1573.6
ENV1;S6;D;2;-182;180;;13.1104;35.8002;-0.0823;0.1682;1.00E-12;2.1394;1567.9
ENV1;S6;D;2;-183;181;;13.1108;35.8002;-0.0817;0.1702;1.00E-12;2.1384;1561.5
ENV1;S6;D;2;-184;182;;13.109;35.8;-0.0864;0.1703;1.00E-12;2.1377;1549.8
ENV1;S6;D;2;-185;183;;13.0832;35.7977;-0.0925;0.1698;1.00E-12;2.1372;1538.8
ENV1;S6;D;2;-186;184;;13.0641;35.7955;-0.0823;0.1568;1.00E-12;2.1365;1534.4
ENV1;S6;D;2;-187;185;;13.0393;35.7926;-0.0801;0.1582;1.00E-12;2.1353;1538.6
ENV1;S6;D;2;-188;186;;13.0247;35.7905;-0.081;0.1584;1.00E-12;2.1341;1545.1
ENV1;S6;D;2;-189;187;;13.0077;35.7879;-0.1038;0.1775;1.00E-12;2.133;1552.4
ENV1;S6;D;2;-190;188;;12.998;35.7861;-0.096;0.174;1.00E-12;2.1315;1560.7
ENV1;S6;D;2;-191;189;;12.9725;35.7827;-0.0847;0.1704;1.00E-12;2.1308;1569
ENV1;S6;D;2;-192;190;;12.9674;35.7812;-0.086;0.1679;1.00E-12;2.1281;1591.7
ENV1;S6;D;2;-193;191;;12.9376;35.7772;-0.0829;0.1611;1.00E-12;2.1279;1600.1
ENV1;S6;D;2;-194;192;;12.8668;35.7679;-0.0816;0.1628;1.00E-12;2.1253;1589.6
ENV1;S6;D;2;-195;193;;12.8517;35.7649;-0.0885;0.1719;1.00E-12;2.1219;1585.1
ENV1;S6;D;2;-196;194;;12.8478;35.7643;-0.0868;0.1707;1.00E-12;2.1208;1572.5
ENV1;S6;D;2;-197;195;;12.8423;35.7631;-0.0839;0.163;1.00E-12;2.1196;1562.5
ENV1;S6;D;2;-198;196;;12.8355;35.7623;-0.0818;0.1567;1.00E-12;2.1192;1557.1
ENV1;S6;D;2;-199;197;;12.8314;35.7617;-0.0898;0.1604;1.00E-12;2.1186;1546
ENV1;S6;D;2;-200;198;;12.8268;35.7608;-0.0947;0.1647;1.00E-12;2.1179;1552.1
ENV1;S6;D;2;-201;199;;12.825;35.7605;-0.0939;0.1631;1.00E-12;2.1173;1586.2
ENV1;S6;D;2;-202;200;;12.8223;35.76;-0.0872;0.1608;1.00E-12;2.1163;1607.6
ENV1;S6;D;2;-203;201;;12.8204;35.7596;-0.0849;0.1595;1.00E-12;2.1158;1627.8
ENV1;S6;D;2;-204;202;;12.8208;35.7596;-0.0932;0.1652;1.00E-12;2.1149;1641.7
ENV1;S6;D;2;-205;203;;12.8205;35.7592;-0.0939;0.1483;1.00E-12;2.1141;1640.3
ENV1;S6;D;2;-206;204;;12.8197;35.7588;-0.0872;0.1503;1.00E-12;2.1138;1635.2
ENV1;S6;D;2;-207;205;;12.8156;35.7582;-0.0844;0.1511;1.00E-12;2.1135;1628.9
ENV1;S6;D;2;-208;206;;12.8209;35.7585;-0.0999;0.148;1.00E-12;2.1128;1602.9
ENV1;S6;D;2;-209;207;;12.8206;35.7582;-0.0959;0.1418;1.00E-12;2.1139;1539.3
ENV1;S6;D;2;-210;208;;12.801;35.7559;-0.107;0.154;1.00E-12;2.1137;1510.4
ENV1;S6;D;2;-211;209;;12.7928;35.755;-0.1002;0.1595;1.00E-12;2.1131;1482.9
ENV1;S6;D;2;-212;210;;12.7864;35.7541;-0.0933;0.1647;1.00E-12;2.1119;1465.6
ENV1;S6;D;2;-213;211;;12.7793;35.7531;-0.0946;0.1594;1.00E-12;2.1107;1449.9
ENV1;S6;D;2;-214;212;;12.7702;35.7516;-0.0869;0.1623;1.00E-12;2.1102;1449
ENV1;S6;D;2;-215;213;;12.7421;35.7477;-0.081;0.1646;1.00E-12;2.1098;1460.5
ENV1;S6;D;2;-216;214;;12.7152;35.745;-0.0817;0.1656;1.00E-12;2.1091;1481.5
ENV1;S6;D;2;-217;215;;12.7068;35.7436;-0.1066;0.1546;1.00E-12;2.1072;1495.7
ENV1;S6;D;2;-218;216;;12.6987;35.7421;-0.0883;0.1436;1.00E-12;2.1064;1494
ENV1;S6;D;2;-219;217;;12.6914;35.7411;-0.0816;0.1402;1.00E-12;2.1053;1485.6
ENV1;S6;D;2;-220;218;;12.6864;35.7399;-0.0832;0.1411;1.00E-12;2.1043;1477.7
ENV1;S6;D;2;-221;219;;12.6734;35.7381;-0.1068;0.1473;1.00E-12;2.1035;1469
ENV1;S6;D;2;-222;220;;12.6512;35.7362;-0.095;0.1461;1.00E-12;2.1032;1457
ENV1;S6;D;2;-223;221;;12.6651;35.7368;-0.0939;0.1445;1.00E-12;2.1017;1429.5
ENV1;S6;D;2;-224;222;;12.6616;35.7359;-0.0848;0.1453;1.00E-12;2.1004;1406.8
ENV1;S6;D;2;-225;223;;12.6101;35.7291;-0.0937;0.1459;1.00E-12;2.1008;1419.1
ENV1;S6;D;2;-226;224;;12.5752;35.7262;-0.0939;0.1711;1.00E-12;2.1;1434.7
ENV1;S6;D;2;-227;225;;12.557;35.7236;-0.0946;0.168;1.00E-12;2.0987;1448.1
ENV1;S6;D;2;-228;226;;12.5383;35.7209;-0.0939;0.1665;1.00E-12;2.0971;1452.4
ENV1;S6;D;2;-229;227;;12.5164;35.7182;-0.0939;0.1785;1.00E-12;2.0952;1456.2
ENV1;S6;D;2;-230;228;;12.5082;35.717;-0.0946;0.1654;1.00E-12;2.0934;1453.7
ENV1;S6;D;2;-231;229;;12.4875;35.7142;-0.0939;0.1579;1.00E-12;2.0924;1447
ENV1;S6;D;2;-232;230;;12.4655;35.7119;-0.0946;0.153;1.00E-12;2.0909;1443.5
ENV1;S6;D;2;-233;231;;12.4573;35.7108;-0.1083;0.1529;1.00E-12;2.09;1442.3
ENV1;S6;D;2;-234;232;;12.4543;35.7102;-0.1179;0.1547;1.00E-12;2.0891;1451.4
ENV1;S6;D;2;-235;233;;12.4525;35.7095;-0.1047;0.1592;1.00E-12;2.0881;1465.1
ENV1;S6;D;2;-236;234;;12.4494;35.709;-0.1053;0.1553;1.00E-12;2.0872;1477.9
ENV1;S6;D;2;-237;235;;12.4418;35.708;-0.1038;0.1533;1.00E-12;2.0863;1485.8
ENV1;S6;D;2;-238;236;;12.4365;35.7069;-0.0944;0.1534;1.00E-12;2.0853;1486.4
ENV1;S6;D;2;-239;237;;12.4351;35.7062;-0.0911;0.148;1.00E-12;2.0856;1469.6
ENV1;S6;D;2;-240;238;;12.4338;35.7059;-0.0893;0.1539;1.00E-12;2.0857;1452.7
ENV1;S6;D;2;-241;239;;12.4284;35.705;-0.0903;0.152;1.00E-12;2.0845;1434.5
ENV1;S6;D;2;-242;240;;12.4219;35.7042;-0.0846;0.1488;1.00E-12;2.0839;1416.9
ENV1;S6;D;2;-243;241;;12.4158;35.7036;-0.0946;0.1537;1.00E-12;2.0834;1406
ENV1;S6;D;2;-244;242;;12.413;35.7031;-0.0939;0.1589;1.00E-12;2.0829;1398.9
ENV1;S6;D;2;-245;243;;12.4041;35.7019;-0.0946;0.1507;1.00E-12;2.0827;1391.4
ENV1;S6;D;2;-246;244;;12.3957;35.701;-0.0933;0.147;1.00E-12;2.0822;1388.1
ENV1;S6;D;2;-247;245;;12.388;35.7002;-0.0947;0.1529;1.00E-12;2.0818;1390.1
ENV1;S6;D;2;-248;246;;12.3812;35.6992;-0.1102;0.157;1.00E-12;2.0811;1393.8
ENV1;S6;D;2;-249;247;;12.3764;35.6987;-0.1012;0.1612;1.00E-12;2.0799;1400.5
ENV1;S6;D;2;-250;248;;12.3848;35.6991;-0.1025;0.1501;1.00E-12;2.0793;1416.8
ENV1;S6;D;2;-251;249;;12.3836;35.6994;-0.0923;0.1431;1.00E-12;2.0793;1421.6
ENV1;S6;D;2;-252;250;;12.3732;35.6971;-0.0999;0.1432;1.00E-12;2.0783;1409.6
ENV1;S6;D;3;-7;5;;14.1623;35.8632;1.0663;0.3114;43.358;2.4806;1936.8
ENV1;S6;D;3;-8;8;;14.1517;35.7653;1.1887;0.3266;40.924;2.4763;1935.6
ENV1;S6;D;3;-9;9;;14.1439;35.7653;1.338;0.322;35.814;2.4763;1930.2
ENV1;S6;D;3;-10;10;;14.1342;35.7652;1.3624;0.3102;31.609;2.4762;1925.7
ENV1;S6;D;3;-11;11;;14.1272;35.7649;1.6527;0.3189;29.093;2.4762;1922.9
ENV1;S6;D;3;-12;12;;14.1239;35.7649;1.6607;0.3055;26.758;2.4768;1929.7
ENV1;S6;D;3;-13;13;;14.1201;35.7648;1.975;0.3238;25.188;2.4757;1939
ENV1;S6;D;3;-14;14;;14.1177;35.7646;2.0873;0.307;23.768;2.4752;1939.1
ENV1;S6;D;3;-15;15;;14.1165;35.7646;1.9056;0.32;22.435;2.4748;1936.3
ENV1;S6;D;3;-16;16;;14.1141;35.7645;2.1032;0.354;21.815;2.4743;1932.4
ENV1;S6;D;3;-17;17;;14.1115;35.7646;2.1905;0.3195;21.725;2.4732;1928.1
ENV1;S6;D;3;-18;18;;14.1089;35.7645;2.3458;0.3622;20.736;2.4717;1927.4
ENV1;S6;D;3;-19;19;;14.1074;35.7645;2.3224;0.3253;20.698;2.47;1929.1
ENV1;S6;D;3;-20;20;;14.1069;35.7644;2.2236;0.3024;21.815;2.4685;1630.9
ENV1;S6;D;3;-21;21;;14.1053;35.7643;2.4086;0.2993;21.784;2.468;1966.3
ENV1;S6;D;3;-22;22;;14.1041;35.7644;2.4777;0.3388;20.129;2.4672;1935.7
ENV1;S6;D;3;-23;23;;14.1029;35.7642;2.3936;0.3548;19.51;2.4663;1936.3
ENV1;S6;D;3;-24;24;;14.1028;35.764;2.4305;0.2968;22.468;2.4639;1738.4
ENV1;S6;D;3;-25;25;;14.102;35.7643;2.2872;0.2912;20.309;2.4627;1927.5
ENV1;S6;D;3;-26;26;;14.1019;35.7642;2.4204;0.3167;20.255;2.4613;1926.1
ENV1;S6;D;3;-27;27;;14.1009;35.764;2.4117;0.3339;19.233;2.4602;1585.2
ENV1;S6;D;3;-28;28;;14.0995;35.764;2.412;0.2976;19.162;2.4589;1604
ENV1;S6;D;3;-29;29;;14.0987;35.7638;2.5134;0.32;18.145;2.4567;1830.2
ENV1;S6;D;3;-30;30;;14.0961;35.7637;2.2977;0.3398;17.995;2.4553;1622
ENV1;S6;D;3;-31;31;;14.094;35.7633;2.454;0.3073;16.799;2.4524;1294.6
ENV1;S6;D;3;-32;32;;14.0896;35.7629;2.2495;0.2952;14.939;2.4509;1611.8
ENV1;S6;D;3;-33;33;;14.0876;35.7628;2.1043;0.3005;14.07;2.4493;788.98
ENV1;S6;D;3;-34;34;;14.0857;35.7626;2.1525;0.3058;13.711;2.4475;1404
ENV1;S6;D;3;-35;35;;14.0832;35.7626;2.3492;0.3283;13.069;2.4447;729.83
ENV1;S6;D;3;-36;36;;14.0816;35.7621;2.157;0.2839;11.824;2.4386;1912.2
ENV1;S6;D;3;-37;37;;14.0764;35.7615;2.0243;0.3203;10.883;2.4364;983.85
ENV1;S6;D;3;-38;38;;14.0734;35.7612;2.0664;0.3088;9.9669;2.4343;1946.7
ENV1;S6;D;3;-39;39;;14.0707;35.7612;2.116;0.3329;9.2311;2.433;1938.2
ENV1;S6;D;3;-40;40;;14.0689;35.7611;2.0181;0.3168;8.669;2.4323;1931.4
ENV1;S6;D;3;-41;41;;14.0676;35.7608;1.8439;0.3014;8.2356;2.4301;1758.6
ENV1;S6;D;3;-42;42;;14.067;35.7607;1.7416;0.2858;7.7648;2.4268;1796.7
ENV1;S6;D;3;-43;43;;14.0658;35.7605;1.6741;0.2696;6.6105;2.4226;1991.5
ENV1;S6;D;3;-44;44;;14.0641;35.7604;1.6895;0.3051;6.3901;2.4218;1939.9
ENV1;S6;D;3;-45;45;;14.0632;35.7603;1.4398;0.2941;6.1367;2.4201;1936.2
ENV1;S6;D;3;-46;46;;14.0627;35.7602;1.4864;0.2887;5.7945;2.4188;1935.8
ENV1;S6;D;3;-47;47;;14.0628;35.7601;1.387;0.2836;5.3995;2.4175;1932.8
ENV1;S6;D;3;-48;48;;14.0634;35.7601;1.3094;0.2609;4.757;2.4143;1929.1
ENV1;S6;D;3;-49;49;;14.0629;35.76;1.3116;0.2724;4.3666;2.414;1933.5
ENV1;S6;D;3;-50;50;;14.063;35.76;1.3877;0.2793;4.27;2.4139;1937.4
ENV1;S6;D;3;-51;51;;14.063;35.7601;1.4131;0.3033;4.0753;2.4139;1937.2
ENV1;S6;D;3;-52;52;;14.0632;35.7599;1.4054;0.2961;3.773;2.4135;1935.5
ENV1;S6;D;3;-53;53;;14.0632;35.7598;1.393;0.2643;3.3165;2.4125;1932.7
ENV1;S6;D;3;-54;54;;14.0621;35.76;1.2467;0.2738;3.0151;2.4125;1933.4
ENV1;S6;D;3;-55;55;;14.0623;35.76;1.2287;0.285;2.8531;2.4127;1934.9
ENV1;S6;D;3;-56;56;;14.0625;35.7599;1.226;0.2795;2.7187;2.4118;1937.2
ENV1;S6;D;3;-57;57;;14.0615;35.7596;1.2239;0.2788;2.5778;2.4092;1932.7
ENV1;S6;D;3;-58;58;;14.0616;35.7597;1.2246;0.2638;2.409;2.4073;1933.2
ENV1;S6;D;3;-59;59;;14.0619;35.7598;1.2164;0.2736;2.1926;2.4077;1938.8
ENV1;S6;D;3;-60;60;;14.0619;35.7597;1.1773;0.2792;1.9783;2.4073;1936.5
ENV1;S6;D;3;-61;61;;14.0614;35.7595;1.1147;0.2705;1.8672;2.4079;1929.2
ENV1;S6;D;3;-62;62;;14.0615;35.7596;1.1049;0.2802;1.8172;2.4068;1928.5
ENV1;S6;D;3;-63;62;;14.0609;35.7596;1.1148;0.2761;1.7209;2.406;1927.2
ENV1;S6;D;3;-64;63;;14.0605;35.7595;1.0901;0.2875;1.6193;2.4053;1927.1
ENV1;S6;D;3;-65;64;;14.0597;35.7594;1.0511;0.2841;1.5166;2.4043;1930.3
ENV1;S6;D;3;-66;65;;14.0596;35.7592;1.0274;0.2893;1.2814;2.4042;1935.5
ENV1;S6;D;3;-67;66;;14.0592;35.7591;0.9792;0.2913;1.2245;2.4034;1937.5
ENV1;S6;D;3;-68;67;;14.0591;35.7591;0.9686;0.2851;1.1981;2.4024;1934
ENV1;S6;D;3;-69;68;;14.0592;35.7591;0.9715;0.2943;1.1424;2.4012;1926.9
ENV1;S6;D;3;-70;69;;14.0591;35.7591;1.0047;0.297;1.0737;2.4007;1921.7
ENV1;S6;D;3;-71;70;;14.0593;35.7589;1.0416;0.2617;0.93655;2.3995;1933.8
ENV1;S6;D;3;-72;71;;14.0594;35.759;0.955;0.2688;0.85613;2.4006;1944.4
ENV1;S6;D;3;-73;72;;14.0594;35.7591;0.9705;0.2848;0.81869;2.4001;1942.1
ENV1;S6;D;3;-74;73;;14.059;35.7589;0.9501;0.2774;0.78342;2.3988;1937.4
ENV1;S6;D;3;-75;74;;14.0588;35.759;0.957;0.2775;0.7389;2.3981;1930.9
ENV1;S6;D;3;-76;75;;14.0589;35.7588;0.941;0.2736;0.67769;2.3979;1926.4
ENV1;S6;D;3;-77;76;;14.0589;35.7588;1.041;0.243;0.61835;2.3987;1932
ENV1;S6;D;3;-78;77;;14.0588;35.7587;0.9603;0.2827;0.57912;2.3992;1935.7
ENV1;S6;D;3;-79;78;;14.0585;35.7587;0.9857;0.2692;0.54766;2.3982;1939.4
ENV1;S6;D;3;-80;79;;14.0584;35.7587;0.9138;0.2722;0.51728;2.3973;1939.9
ENV1;S6;D;3;-81;80;;14.0582;35.7586;0.9586;0.264;0.4712;2.3968;1932.9
ENV1;S6;D;3;-82;81;;14.0579;35.7586;0.9984;0.2534;0.42828;2.3971;1933.4
ENV1;S6;D;3;-83;82;;14.058;35.7587;0.9885;0.2716;0.39798;2.3968;1935.5
ENV1;S6;D;3;-84;83;;14.0578;35.7586;0.9667;0.2784;0.3607;2.3963;1935.2
ENV1;S6;D;3;-85;84;;14.0575;35.7586;0.9213;0.2814;0.32252;2.3955;1936
ENV1;S6;D;3;-86;85;;14.0571;35.7585;0.9317;0.2875;0.29082;2.395;1936.5
ENV1;S6;D;3;-87;86;;14.0572;35.7583;0.9251;0.2529;0.31064;2.3936;1937.1
ENV1;S6;D;3;-88;87;;14.0565;35.7584;0.9575;0.2649;0.27192;2.3941;1944.4
ENV1;S6;D;3;-89;88;;14.056;35.7583;0.9593;0.2838;0.25761;2.3934;1942.5
ENV1;S6;D;3;-90;89;;14.0556;35.7581;0.8753;0.2839;0.24824;2.3931;1937.4
ENV1;S6;D;3;-91;90;;14.0558;35.7582;0.8922;0.2861;0.23416;2.3923;1930.8
ENV1;S6;D;3;-92;91;;14.0557;35.7581;0.9116;0.2919;0.21667;2.3918;1925.5
ENV1;S6;D;3;-93;92;;14.0558;35.7579;0.9023;0.2534;0.19313;2.3916;1935
ENV1;S6;D;3;-94;93;;14.0552;35.7579;0.8816;0.2763;0.17884;2.3919;1946.5
ENV1;S6;D;3;-95;94;;14.055;35.7578;0.8452;0.2778;0.16886;2.3914;1944.1
ENV1;S6;D;3;-96;95;;14.0549;35.758;0.8678;0.268;0.15456;2.3917;1943
ENV1;S6;D;3;-97;96;;14.0549;35.7578;0.8539;0.2783;0.1387;2.3916;1938.8
ENV1;S6;D;3;-98;97;;14.0544;35.7578;0.807;0.2823;0.12666;2.391;1933.6
ENV1;S6;D;3;-99;98;;14.0539;35.7576;0.8724;0.2599;0.11636;2.3896;1931.4
ENV1;S6;D;3;-100;99;;14.0523;35.7574;0.8525;0.2403;0.10996;2.3899;1948.6
ENV1;S6;D;3;-101;100;;14.0509;35.7574;0.8333;0.2757;0.10186;2.3906;1946.5
ENV1;S6;D;3;-102;101;;14.05;35.7573;0.802;0.2817;0.092666;2.3899;1944.4
ENV1;S6;D;3;-103;102;;14.0485;35.7571;0.8169;0.2916;0.082289;2.3893;1941.8
ENV1;S6;D;3;-104;103;;14.0476;35.7572;0.8345;0.3008;0.070294;2.3886;1937.1
ENV1;S6;D;3;-105;104;;14.0465;35.7572;0.7952;0.2519;0.065866;2.3855;1932.1
ENV1;S6;D;3;-106;105;;14.0451;35.7578;0.7885;0.2749;0.062383;2.3836;1943.3
ENV1;S6;D;3;-107;106;;14.0435;35.7589;0.7654;0.2823;0.055246;2.3832;1943.7
ENV1;S6;D;3;-108;107;;14.04;35.7597;0.7416;0.286;0.047634;2.3834;1943.3
ENV1;S6;D;3;-109;108;;14.0355;35.7604;0.6873;0.2704;0.043284;2.3827;1942.8
ENV1;S6;D;3;-110;109;;14.0315;35.7609;0.7053;0.2434;0.034186;2.374;1933.6
ENV1;S6;D;3;-111;110;;14.0269;35.7621;0.6163;0.2738;0.031646;2.3717;1939.7
ENV1;S6;D;3;-112;111;;14.0209;35.7632;0.6198;0.2867;0.027233;2.3711;1940.7
ENV1;S6;D;3;-113;112;;14.0076;35.7647;0.5834;0.2773;0.026638;2.3696;1940.9
ENV1;S6;D;3;-114;113;;13.9919;35.7671;0.4938;0.2536;0.024059;2.3656;1941.6
ENV1;S6;D;3;-115;114;;13.9863;35.7687;0.4483;0.2536;0.018318;2.3593;1941.2
ENV1;S6;D;3;-116;115;;13.98;35.7707;0.3891;0.2262;0.0071785;2.3436;1936.1
ENV1;S6;D;3;-117;116;;13.9793;35.7714;0.3945;0.2428;0.007717;2.3393;1937.6
ENV1;S6;D;3;-118;117;;13.9794;35.7719;0.3945;0.2482;0.0075413;2.3384;1943
ENV1;S6;D;3;-119;118;;13.9798;35.7725;0.3886;0.2407;0.0024287;2.3369;1943.3
ENV1;S6;D;3;-120;119;;13.9755;35.7755;0.3715;0.2443;0.00028623;2.336;1941.7
ENV1;S6;D;3;-121;120;;13.9725;35.7765;0.3129;0.2266;-9.41E-07;2.3322;1937.4
ENV1;S6;D;3;-122;121;;13.9701;35.7777;0.2879;0.2198;1.00E-12;2.3269;1938.4
ENV1;S6;D;3;-123;122;;13.9692;35.7783;0.2721;0.2066;1.00E-12;2.3209;1942
ENV1;S6;D;3;-124;123;;13.9692;35.7792;0.273;0.2293;1.00E-12;2.3205;1940.7
ENV1;S6;D;3;-125;124;;13.9678;35.7805;0.2765;0.2339;1.00E-12;2.3196;1938.5
ENV1;S6;D;3;-126;125;;13.9647;35.7826;0.2577;0.2429;1.00E-12;2.318;1937.5
ENV1;S6;D;3;-127;126;;13.9604;35.7843;0.251;0.256;1.00E-12;2.3173;1936.6
ENV1;S6;D;3;-128;127;;13.9544;35.7863;0.1864;0.2284;1.00E-12;2.3158;1936
ENV1;S6;D;3;-129;128;;13.9488;35.7869;0.1616;0.2307;1.00E-12;2.3084;1933.7
ENV1;S6;D;3;-130;129;;13.9364;35.7875;0.1476;0.2272;1.00E-12;2.3008;1943.2
ENV1;S6;D;3;-131;130;;13.9264;35.7849;0.148;0.2405;1.00E-12;2.2991;1943.1
ENV1;S6;D;3;-132;131;;13.8437;35.7837;0.1483;0.2496;1.00E-12;2.2967;1936.8
ENV1;S6;D;3;-133;132;;13.7984;35.7792;0.1535;0.2287;1.00E-12;2.2916;1926.4
ENV1;S6;D;3;-134;133;;13.7438;35.7691;0.2074;0.2088;1.00E-12;2.288;1932
ENV1;S6;D;3;-135;134;;13.7211;35.766;0.2384;0.1991;1.00E-12;2.2931;1944.3
ENV1;S6;D;3;-136;135;;13.7243;35.7662;0.2276;0.2201;1.00E-12;2.2934;1938.1
ENV1;S6;D;3;-137;136;;13.7257;35.767;0.2139;0.2252;1.00E-12;2.2925;1938.5
ENV1;S6;D;3;-138;137;;13.7131;35.7666;0.2003;0.2307;1.00E-12;2.2922;1937.4
ENV1;S6;D;3;-139;138;;13.6996;35.7672;0.2002;0.2416;1.00E-12;2.2923;1935.9
ENV1;S6;D;3;-140;139;;13.6895;35.7675;0.2541;0.2075;1.00E-12;2.2888;1932.7
ENV1;S6;D;3;-141;140;;13.681;35.7681;0.2084;0.2142;1.00E-12;2.2862;1939.1
ENV1;S6;D;3;-142;141;;13.6788;35.7683;0.2438;0.2223;1.00E-12;2.2846;1939.1
ENV1;S6;D;3;-143;142;;13.676;35.7686;0.2314;0.2274;1.00E-12;2.283;1941.9
ENV1;S6;D;3;-144;143;;13.6702;35.7691;0.2262;0.2375;1.00E-12;2.2815;1942.1
ENV1;S6;D;3;-145;144;;13.6622;35.7696;0.217;0.2315;1.00E-12;2.2793;1936.9
ENV1;S6;D;3;-146;145;;13.6565;35.7697;0.1858;0.2083;1.00E-12;2.2755;1935.1
ENV1;S6;D;3;-147;146;;13.6401;35.771;0.1756;0.2281;1.00E-12;2.2733;1938.6
ENV1;S6;D;3;-148;147;;13.6063;35.7745;0.1275;0.2164;1.00E-12;2.2703;1939.1
ENV1;S6;D;3;-149;148;;13.579;35.7816;0.0935;0.2068;1.00E-12;2.2639;1937.1
ENV1;S6;D;3;-150;149;;13.5652;35.7867;0.0826;0.2111;1.00E-12;2.257;1936.2
ENV1;S6;D;3;-151;150;;13.5501;35.7901;0.0775;0.2123;1.00E-12;2.2524;1938.2
ENV1;S6;D;3;-152;151;;13.5323;35.7943;0.0765;0.2042;1.00E-12;2.2488;1938.6
ENV1;S6;D;3;-153;152;;13.501;35.7997;0.077;0.1998;1.00E-12;2.2456;1940.2
ENV1;S6;D;3;-154;153;;13.4291;35.8057;0.0494;0.2051;1.00E-12;2.2406;1937.9
ENV1;S6;D;3;-155;154;;13.3725;35.8081;0.0069;0.2045;1.00E-12;2.2342;1936.4
ENV1;S6;D;3;-156;155;;13.3483;35.8082;-0.0333;0.184;1.00E-12;2.2247;1935
ENV1;S6;D;3;-157;156;;13.3049;35.8063;-0.0688;0.1845;1.00E-12;2.2126;1934.5
ENV1;S6;D;3;-158;157;;13.2709;35.8045;-0.0592;0.1833;1.00E-12;2.2004;1933.5
ENV1;S6;D;3;-159;158;;13.2549;35.8038;-0.0736;0.1877;1.00E-12;2.1913;1933
ENV1;S6;D;3;-160;159;;13.2344;35.8015;-0.0802;0.1898;1.00E-12;2.1845;1933.3
ENV1;S6;D;3;-161;160;;13.2234;35.8009;-0.0817;0.19;1.00E-12;2.1776;1933.4
ENV1;S6;D;3;-162;161;;13.2185;35.8004;-0.073;0.1893;1.00E-12;2.1694;1933.1
ENV1;S6;D;3;-163;162;;13.2099;35.7998;-0.0748;0.1664;1.00E-12;2.1612;1938.1
ENV1;S6;D;3;-164;163;;13.2064;35.802;-0.0583;0.1741;1.00E-12;2.1604;1940.1
ENV1;S6;D;3;-165;164;;13.1978;35.8011;-0.066;0.1797;1.00E-12;2.1585;1939.4
ENV1;S6;D;3;-166;165;;13.1811;35.8;-0.0817;0.1841;1.00E-12;2.1565;1939.9
ENV1;S6;D;3;-167;166;;13.1647;35.7974;-0.0824;0.1831;1.00E-12;2.1548;1937.2
ENV1;S6;D;3;-168;167;;13.0946;35.7884;-0.0817;0.1831;1.00E-12;2.1531;1934.4
ENV1;S6;D;3;-169;168;;13.0788;35.7858;-0.0817;0.1839;1.00E-12;2.1503;1930.9
ENV1;S6;D;3;-170;169;;13.0767;35.785;-0.071;0.1895;1.00E-12;2.1483;1927.8
ENV1;S6;D;3;-171;170;;13.0768;35.7846;-0.0683;0.1865;1.00E-12;2.1472;1926.9
ENV1;S6;D;3;-172;171;;13.076;35.7842;-0.0756;0.1854;1.00E-12;2.1463;1926.4
ENV1;S6;D;3;-173;172;;13.0729;35.7835;-0.0892;0.1877;1.00E-12;2.1452;1926.8
ENV1;S6;D;3;-174;173;;13.0726;35.7828;-0.0811;0.1746;1.00E-12;2.1433;1933
ENV1;S6;D;3;-175;174;;13.0684;35.782;-0.0811;0.173;1.00E-12;2.1429;1935.7
ENV1;S6;D;3;-176;175;;13.066;35.7818;-0.0817;0.1847;1.00E-12;2.1424;1933.8
ENV1;S6;D;3;-177;176;;13.0624;35.7813;-0.0817;0.1967;1.00E-12;2.1417;1932.7
ENV1;S6;D;3;-178;177;;13.0606;35.781;-0.071;0.1913;1.00E-12;2.1412;1932
ENV1;S6;D;3;-179;178;;13.0381;35.7794;-0.0751;0.1862;1.00E-12;2.141;1931.6
ENV1;S6;D;3;-180;179;;13.0164;35.7781;-0.0835;0.1788;1.00E-12;2.1403;1931.8
ENV1;S6;D;3;-181;179;;13.002;35.7764;-0.081;0.1777;1.00E-12;2.1394;1929.9
ENV1;S6;D;3;-182;180;;12.9859;35.7746;-0.0817;0.1766;1.00E-12;2.1387;1928.8
ENV1;S6;D;3;-183;181;;12.977;35.7736;-0.0817;0.1722;1.00E-12;2.1378;1930.1
ENV1;S6;D;3;-184;182;;12.9625;35.7726;-0.1008;0.172;1.00E-12;2.1367;1928.7
ENV1;S6;D;3;-185;183;;12.944;35.7713;-0.1057;0.1675;1.00E-12;2.1354;1927.8
ENV1;S6;D;3;-186;184;;12.9133;35.7674;-0.0932;0.1708;1.00E-12;2.1333;1934
ENV1;S6;D;3;-187;185;;12.9049;35.7683;-0.0828;0.1657;1.00E-12;2.1325;1936.4
ENV1;S6;D;3;-188;186;;12.897;35.7677;-0.0817;0.1742;1.00E-12;2.1319;1936.7
ENV1;S6;D;3;-189;187;;12.8844;35.7667;-0.0853;0.1748;1.00E-12;2.1312;1936.7
ENV1;S6;D;3;-190;188;;12.8757;35.7656;-0.0931;0.1658;1.00E-12;2.13;1938.8
ENV1;S6;D;3;-191;189;;12.8544;35.763;-0.0853;0.1741;1.00E-12;2.1283;1940.4
ENV1;S6;D;3;-192;190;;12.8368;35.7606;-0.0838;0.1781;1.00E-12;2.1261;1939.7
ENV1;S6;D;3;-193;191;;12.8181;35.7584;-0.0931;0.178;1.00E-12;2.1241;1938.2
ENV1;S6;D;3;-194;192;;12.8059;35.7562;-0.0939;0.1738;1.00E-12;2.1224;1934.4
ENV1;S6;D;3;-195;193;;12.7756;35.7524;-0.0939;0.17;1.00E-12;2.12;1930.6
ENV1;S6;D;3;-196;194;;12.7599;35.7505;-0.0939;0.1645;1.00E-12;2.1181;1930.2
ENV1;S6;D;3;-197;195;;12.7529;35.7492;-0.0933;0.1673;1.00E-12;2.1167;1927.3
ENV1;S6;D;3;-198;196;;12.7058;35.742;-0.089;0.1481;1.00E-12;2.1129;1933
ENV1;S6;D;3;-199;197;;12.6552;35.7345;-0.0886;0.1526;1.00E-12;2.1123;1935.3
ENV1;S6;D;3;-200;198;;12.6349;35.7321;-0.0889;0.1629;1.00E-12;2.1114;1935.8
ENV1;S6;D;3;-201;199;;12.6224;35.7307;-0.102;0.1849;1.00E-12;2.1102;1936.3
ENV1;S6;D;3;-202;200;;12.6177;35.7296;-0.0855;0.1738;1.00E-12;2.1101;1938.6
ENV1;S6;D;3;-203;201;;12.6114;35.7287;-0.0846;0.1691;1.00E-12;2.1098;1939.3
ENV1;S6;D;3;-204;202;;12.6083;35.7281;-0.0932;0.1654;1.00E-12;2.1096;1937.1
ENV1;S6;D;3;-205;203;;12.6044;35.7273;-0.0925;0.1655;1.00E-12;2.109;1933.4
ENV1;S6;D;3;-206;204;;12.5991;35.7263;-0.0939;0.1651;1.00E-12;2.1087;1925.7
ENV1;S6;D;3;-207;205;;12.5958;35.7257;-0.0939;0.1648;1.00E-12;2.1085;1922.6
ENV1;S6;D;3;-208;206;;12.5919;35.7247;-0.0939;0.1586;1.00E-12;2.1084;1923.2
ENV1;S6;D;3;-209;207;;12.5764;35.7224;-0.0934;0.1605;1.00E-12;2.109;1928.4
ENV1;S6;D;3;-210;208;;12.5462;35.7188;-0.0891;0.1619;1.00E-12;2.1091;1931.7
ENV1;S6;D;3;-211;209;;12.5182;35.716;-0.0836;0.1581;1.00E-12;2.1087;1932.3
ENV1;S6;D;3;-212;210;;12.511;35.7149;-0.094;0.1655;1.00E-12;2.1078;1931.8
ENV1;S6;D;3;-213;211;;12.5069;35.714;-0.0933;0.1639;1.00E-12;2.1073;1932.2
ENV1;S6;D;3;-214;212;;12.4945;35.7125;-0.086;0.1586;1.00E-12;2.107;1933.6
ENV1;S6;D;3;-215;213;;12.4871;35.7115;-0.086;0.1629;1.00E-12;2.1061;1936
ENV1;S6;D;3;-216;214;;12.4815;35.7108;-0.0927;0.1708;1.00E-12;2.1058;1934.1
ENV1;S6;D;3;-217;215;;12.4776;35.71;-0.0825;0.1698;1.00E-12;2.105;1930.5
ENV1;S6;D;3;-218;216;;12.4726;35.709;-0.0936;0.1643;1.00E-12;2.104;1926.5
ENV1;S6;D;3;-219;217;;12.4712;35.7085;-0.0935;0.1582;1.00E-12;2.1036;1927.4
ENV1;S6;D;3;-220;218;;12.4678;35.7081;-0.0818;0.164;1.00E-12;2.1034;1930.9
ENV1;S6;D;3;-221;219;;12.4581;35.7068;-0.104;0.1656;1.00E-12;2.1028;1933
ENV1;S6;D;3;-222;220;;12.4517;35.7061;-0.104;0.1609;1.00E-12;2.1022;1931.5
ENV1;S6;D;3;-223;221;;12.4456;35.705;-0.0968;0.1627;1.00E-12;2.1017;1927.6
ENV1;S6;D;3;-224;222;;12.4441;35.7047;-0.0845;0.1646;1.00E-12;2.1013;1925.7
ENV1;S6;D;3;-225;223;;12.4438;35.7047;-0.097;0.1604;1.00E-12;2.1018;1923.6
ENV1;S6;D;3;-226;224;;12.4438;35.7045;-0.1041;0.1586;1.00E-12;2.1016;1924
ENV1;S6;D;3;-227;225;;12.4431;35.7044;-0.0932;0.1574;1.00E-12;2.1019;1924
ENV1;S6;D;3;-228;226;;12.4409;35.7041;-0.0924;0.1563;1.00E-12;2.101;1927.1
ENV1;S6;D;3;-229;227;;12.4377;35.7035;-0.0947;0.1596;1.00E-12;2.1005;1929.9
ENV1;S6;D;3;-230;228;;12.4256;35.7019;-0.0939;0.1583;1.00E-12;2.1002;1931.5
ENV1;S6;D;3;-231;229;;12.4022;35.6995;-0.0917;0.1573;1.00E-12;2.0995;1932.9
ENV1;S6;D;3;-232;230;;12.3773;35.696;-0.0893;0.1507;1.00E-12;2.0989;1934.8
ENV1;S6;D;3;-233;231;;12.3647;35.6949;-0.0934;0.1456;1.00E-12;2.1002;1935.4
ENV1;S6;D;3;-234;232;;12.3577;35.6943;-0.0939;0.1472;1.00E-12;2.0992;1935.8
ENV1;S6;D;3;-235;233;;12.3502;35.6929;-0.0946;0.153;1.00E-12;2.0988;1934.1
ENV1;S6;D;3;-236;234;;12.3335;35.6914;-0.0947;0.1532;1.00E-12;2.0977;1931.2
ENV1;S6;D;3;-237;235;;12.3264;35.6905;-0.089;0.1568;1.00E-12;2.0971;1930
ENV1;S6;D;3;-238;236;;12.3096;35.6885;-0.0819;0.1642;1.00E-12;2.0966;1929.9
ENV1;S6;D;3;-239;237;;12.2963;35.6874;-0.0923;0.1694;1.00E-12;2.0951;1930.1
ENV1;S6;D;3;-240;238;;12.2918;35.6866;-0.0987;0.1679;1.00E-12;2.0942;1930.9
ENV1;S6;D;3;-241;239;;12.2875;35.6861;-0.1056;0.1641;1.00E-12;2.0933;1932.7
ENV1;S6;D;3;-242;240;;12.2852;35.6858;-0.1068;0.1653;1.00E-12;2.0928;1933
ENV1;S6;D;3;-243;241;;12.2829;35.6857;-0.0997;0.1588;1.00E-12;2.0926;1934
ENV1;S6;D;3;-244;242;;12.2868;35.6856;-0.0953;0.1431;1.00E-12;2.091;1933.3
ENV1;S6;D;3;-245;243;;12.2704;35.6846;-0.0959;0.1522;1.00E-12;2.0904;1933.8
ENV1;S6;D;3;-246;244;;12.2681;35.6848;-0.0939;0.1544;1.00E-12;2.0903;1934.1
ENV1;S6;D;3;-247;245;;12.2667;35.6846;-0.0945;0.1588;1.00E-12;2.0894;1935.3
ENV1;S6;D;3;-248;246;;12.2631;35.6842;-0.1001;0.1665;1.00E-12;2.0868;1932.8
ENV1;S6;D;3;-249;247;;12.2577;35.6834;-0.0979;0.1452;1.00E-12;2.0818;1925.5
ENV1;S6;D;3;-250;248;;12.2444;35.6822;-0.0937;0.1575;1.00E-12;2.0792;1930.8
ENV1;S6;D;4;-4;4;;14.0908;34.3634;0.5522;0.2563;108.12;2.3469;1809.3
ENV1;S6;D;4;-5;5;;14.1602;35.7294;0.5046;0.2645;94.271;2.4394;1803.4
ENV1;S6;D;4;-6;6;;14.1429;35.764;0.5875;0.278;80.987;2.4399;1812.6
ENV1;S6;D;4;-7;7;;14.1392;35.764;0.6854;0.2693;75.649;2.4402;1818.7
ENV1;S6;D;4;-8;8;;14.1226;35.7637;0.7236;0.2793;70.427;2.4402;1805.1
ENV1;S6;D;4;-9;9;;14.1153;35.7637;0.7999;0.2862;66.264;2.4393;1817.8
ENV1;S6;D;4;-10;10;;14.1109;35.7637;0.7732;0.3143;59.208;2.4393;1819.4
ENV1;S6;D;4;-11;11;;14.1059;35.7637;0.9076;0.3129;53.277;2.4395;1814.6
ENV1;S6;D;4;-12;12;;14.1036;35.7633;0.9821;0.2818;47.648;2.439;1811.5
ENV1;S6;D;4;-13;13;;14.0977;35.7632;1.0309;0.2788;44.469;2.4383;1816.3
ENV1;S6;D;4;-14;14;;14.0954;35.7632;1.0959;0.2606;40.845;2.4373;1818.6
ENV1;S6;D;4;-15;15;;14.0915;35.7632;1.1856;0.2853;38.348;2.4372;1816.2
ENV1;S6;D;4;-16;16;;14.0925;35.7632;1.1744;0.2807;36.148;2.4368;1819
ENV1;S6;D;4;-17;17;;14.091;35.7632;1.3029;0.2751;34.595;2.4365;1806.9
ENV1;S6;D;4;-18;18;;14.0906;35.7631;1.3583;0.2897;32.906;2.4355;1805.5
ENV1;S6;D;4;-19;19;;14.0893;35.763;1.2672;0.2864;31.014;2.4354;1815.3
ENV1;S6;D;4;-20;20;;14.0875;35.763;1.3126;0.2757;30.161;2.435;1819.3
ENV1;S6;D;4;-21;21;;14.0877;35.7629;1.3225;0.2659;30.119;2.4352;1819.1
ENV1;S6;D;4;-22;22;;14.0871;35.7631;1.2756;0.2866;28.027;2.4353;1813.9
ENV1;S6;D;4;-23;23;;14.0869;35.763;1.3373;0.2977;26.531;2.4342;1812.9
ENV1;S6;D;4;-24;24;;14.0873;35.763;1.435;0.2838;26.993;2.4338;1817.3
ENV1;S6;D;4;-25;25;;14.0877;35.7629;1.4081;0.284;29.031;2.4331;1817.6
ENV1;S6;D;4;-26;26;;14.088;35.7631;1.3657;0.2861;26.663;2.434;1813.8
ENV1;S6;D;4;-27;27;;14.0891;35.7629;1.3359;0.2854;26.142;2.4328;1825.4
ENV1;S6;D;4;-28;28;;14.0889;35.763;1.4763;0.2784;29.162;2.4321;1810.5
ENV1;S6;D;4;-29;29;;14.0892;35.7631;1.2858;0.3097;26.213;2.4314;1809
ENV1;S6;D;4;-30;30;;14.0881;35.763;1.378;0.3102;24.1;2.4301;1815.7
ENV1;S6;D;4;-31;31;;14.0878;35.763;1.413;0.2805;27.11;2.4292;1812
ENV1;S6;D;4;-32;32;;14.0884;35.763;1.4559;0.2883;25.562;2.4296;1813.3
ENV1;S6;D;4;-33;33;;14.088;35.7629;1.3857;0.3426;23.608;2.4295;1827
ENV1;S6;D;4;-34;34;;14.0874;35.763;1.3399;0.2789;21.621;2.4291;1816.3
ENV1;S6;D;4;-35;35;;14.0868;35.763;1.4186;0.2873;20.471;2.429;1821.8
ENV1;S6;D;4;-36;36;;14.0867;35.7631;1.3313;0.2994;20.588;2.4283;1815.5
ENV1;S6;D;4;-37;37;;14.0853;35.7631;1.3238;0.2992;19.748;2.4274;1801.3
ENV1;S6;D;4;-38;38;;14.0853;35.7631;1.3477;0.2931;18.723;2.4264;1797.5
ENV1;S6;D;4;-39;39;;14.0859;35.7629;1.4324;0.2648;17.397;2.4258;1826.1
ENV1;S6;D;4;-40;40;;14.0843;35.7632;1.4331;0.2682;15.978;2.4266;1812.3
ENV1;S6;D;4;-41;41;;14.0847;35.7631;1.4637;0.2914;15.328;2.4255;1806.2
ENV1;S6;D;4;-42;42;;14.0863;35.7629;1.5477;0.3156;14.609;2.4251;1806.6
ENV1;S6;D;4;-43;43;;14.0866;35.763;1.4941;0.3115;13.215;2.4244;1812.9
ENV1;S6;D;4;-44;44;;14.0865;35.7629;1.5663;0.3338;12.878;2.4239;1816
ENV1;S6;D;4;-45;45;;14.0862;35.7629;1.4089;0.2803;11.834;2.4238;1813.7
ENV1;S6;D;4;-46;46;;14.0856;35.763;1.3494;0.2788;10.707;2.4233;1805.7
ENV1;S6;D;4;-47;47;;14.0853;35.763;1.397;0.292;10.079;2.4228;1808.4
ENV1;S6;D;4;-48;48;;14.0853;35.763;1.3727;0.2868;9.4759;2.4226;1812.3
ENV1;S6;D;4;-49;49;;14.0852;35.763;1.5327;0.3064;8.9547;2.4222;1815.4
ENV1;S6;D;4;-50;50;;14.0856;35.7629;1.4239;0.2984;8.4475;2.4217;1819.5
ENV1;S6;D;4;-51;51;;14.0825;35.763;1.3363;0.2775;7.6369;2.4221;1798.3
ENV1;S6;D;4;-52;52;;14.0795;35.7629;1.3123;0.2791;7.083;2.4213;1803.1
ENV1;S6;D;4;-53;53;;14.0791;35.7629;1.2355;0.3046;6.5886;2.4201;1807.9
ENV1;S6;D;4;-54;54;;14.0787;35.7627;1.361;0.283;6.2171;2.4181;1812.4
ENV1;S6;D;4;-55;55;;14.0784;35.7627;1.2593;0.2526;5.7716;2.4166;1810.5
ENV1;S6;D;4;-56;56;;14.078;35.7629;1.4258;0.2941;5.2352;2.4163;1799.3
ENV1;S6;D;4;-57;57;;14.0786;35.7628;1.3518;0.2884;4.908;2.4156;1798.2
ENV1;S6;D;4;-58;58;;14.0784;35.7628;1.3184;0.2782;4.5866;2.415;1809.7
ENV1;S6;D;4;-59;59;;14.0778;35.7627;1.3373;0.2748;4.301;2.4139;1809.5
ENV1;S6;D;4;-60;60;;14.0777;35.7628;1.3268;0.2575;3.9749;2.4126;1804.8
ENV1;S6;D;4;-61;61;;14.0773;35.7629;1.2841;0.2896;3.6921;2.4124;1808.6
ENV1;S6;D;4;-62;62;;14.0775;35.7628;1.2422;0.2809;3.4414;2.4117;1805.2
ENV1;S6;D;4;-63;62;;14.0778;35.7628;1.3309;0.2821;3.2668;2.411;1802.9
ENV1;S6;D;4;-64;63;;14.0778;35.7626;1.3025;0.2592;3.0382;2.4104;1821.3
ENV1;S6;D;4;-65;64;;14.0778;35.7626;1.348;0.2889;2.7772;2.4099;1806.5
ENV1;S6;D;4;-66;65;;14.0782;35.7627;1.4799;0.2909;2.5095;2.4093;1806.8
ENV1;S6;D;4;-67;66;;14.0779;35.7625;1.3443;0.2815;2.3424;2.4092;1807.1
ENV1;S6;D;4;-68;67;;14.0779;35.7624;1.4492;0.2958;2.2262;2.409;1800.6
ENV1;S6;D;4;-69;68;;14.0785;35.7624;1.3925;0.2961;2.1121;2.408;1803.5
ENV1;S6;D;4;-70;69;;14.0785;35.7624;1.4269;0.3103;1.9885;2.4071;1818.9
ENV1;S6;D;4;-71;70;;14.079;35.7625;1.3159;0.268;1.8345;2.4073;1811.3
ENV1;S6;D;4;-72;71;;14.0792;35.7626;1.244;0.2728;1.6942;2.4078;1808.1
ENV1;S6;D;4;-73;72;;14.0791;35.7626;1.4064;0.2781;1.5404;2.4073;1817.2
ENV1;S6;D;4;-74;73;;14.0796;35.7627;1.4488;0.2809;1.4365;2.4074;1802.2
ENV1;S6;D;4;-75;74;;14.0799;35.7627;1.2747;0.275;1.3466;2.4073;1806.8
ENV1;S6;D;4;-76;75;;14.0801;35.7626;1.3452;0.2953;1.2447;2.4069;1819.6
ENV1;S6;D;4;-77;76;;14.0793;35.7624;1.2544;0.2695;1.1419;2.4067;1814
ENV1;S6;D;4;-78;77;;14.0786;35.7627;1.2066;0.2669;1.0779;2.4065;1806.7
ENV1;S6;D;4;-79;78;;14.0782;35.7626;1.2235;0.2857;1.0038;2.4056;1810.3
ENV1;S6;D;4;-80;79;;14.078;35.7627;1.2219;0.3125;0.93786;2.4036;1820.9
ENV1;S6;D;4;-81;80;;14.0781;35.7626;1.2191;0.2777;0.88248;2.4026;1819.7
ENV1;S6;D;4;-82;81;;14.0784;35.7627;1.2089;0.282;0.82681;2.4026;1813.9
ENV1;S6;D;4;-83;82;;14.0792;35.7626;1.2733;0.2743;0.75926;2.4019;1819.8
ENV1;S6;D;4;-84;83;;14.0789;35.7627;1.3194;0.2689;0.68319;2.4019;1814.9
ENV1;S6;D;4;-85;84;;14.079;35.7627;1.201;0.2715;0.63306;2.4014;1815.6
ENV1;S6;D;4;-86;85;;14.079;35.7628;1.2451;0.2769;0.5986;2.4009;1820.9
ENV1;S6;D;4;-87;86;;14.0793;35.7627;1.2397;0.2798;0.55528;2.3999;1821.8
ENV1;S6;D;4;-88;87;;14.0785;35.7626;1.2157;0.2807;0.51961;2.4;1816
ENV1;S6;D;4;-89;88;;14.0785;35.7625;1.2284;0.2788;0.48206;2.4006;1809.4
ENV1;S6;D;4;-90;89;;14.0783;35.7626;1.1712;0.2761;0.44516;2.4001;1813.3
ENV1;S6;D;4;-91;90;;14.0784;35.7625;1.1948;0.2777;0.41052;2.3991;1819.1
ENV1;S6;D;4;-92;91;;14.0784;35.7624;1.2735;0.4274;0.38706;2.3986;1817.2
ENV1;S6;D;4;-93;92;;14.0785;35.7623;1.2412;0.3157;0.36028;2.398;1811.2
ENV1;S6;D;4;-94;93;;14.0783;35.7623;1.2097;0.3153;0.33413;2.398;1814.4
ENV1;S6;D;4;-95;94;;14.0791;35.7624;1.2103;0.2607;0.30221;2.3985;1817.3
ENV1;S6;D;4;-96;95;;14.0789;35.7624;1.107;0.2659;0.27356;2.3985;1814.6
ENV1;S6;D;4;-97;96;;14.0789;35.7624;1.1246;0.2658;0.24987;2.3975;1812
ENV1;S6;D;4;-98;97;;14.079;35.7623;1.1947;0.2795;0.23266;2.3977;1812.7
ENV1;S6;D;4;-99;98;;14.0791;35.7623;1.165;0.2831;0.21599;2.3976;1808
ENV1;S6;D;4;-100;99;;14.0793;35.7624;1.2348;0.3154;0.20334;2.3969;1813
ENV1;S6;D;4;-101;100;;14.0794;35.7624;1.3069;0.2772;0.18866;2.3968;1814.3
ENV1;S6;D;4;-102;101;;14.0795;35.7626;1.3587;0.283;0.1749;2.3956;1803.6
ENV1;S6;D;4;-103;102;;14.0794;35.7626;1.2577;0.2958;0.15954;2.3949;1805
ENV1;S6;D;4;-104;103;;14.0796;35.7626;1.2662;0.2854;0.14302;2.3939;1814.1
ENV1;S6;D;4;-105;104;;14.0797;35.7624;1.2715;0.2874;0.13011;2.3934;1820.9
ENV1;S6;D;4;-106;105;;14.0797;35.7626;1.1556;0.2799;0.11765;2.3946;1817
ENV1;S6;D;4;-107;106;;14.0769;35.7625;1.101;0.2863;0.10459;2.3943;1812.3
ENV1;S6;D;4;-108;107;;14.0755;35.7625;1.0329;0.2804;0.096019;2.394;1808.2
ENV1;S6;D;4;-109;108;;14.0714;35.7622;1.0398;0.2966;0.084767;2.393;1802.9
ENV1;S6;D;4;-110;109;;14.0698;35.7621;1.0092;0.2781;0.075841;2.3911;1797.5
ENV1;S6;D;4;-111;110;;14.0694;35.7621;1.0535;0.2756;0.067118;2.3899;1797.6
ENV1;S6;D;4;-112;111;;14.0694;35.7622;1.0934;0.2769;0.061949;2.3886;1801.4
ENV1;S6;D;4;-113;112;;14.0707;35.7621;1.0923;0.2807;0.056594;2.3874;1811.1
ENV1;S6;D;4;-114;113;;14.0707;35.7619;0.9986;0.2935;0.049574;2.3868;1820.3
ENV1;S6;D;4;-115;114;;14.0704;35.7619;1.0006;0.2896;0.044447;2.3868;1814.6
ENV1;S6;D;4;-116;115;;14.0699;35.762;1.0168;0.2819;0.037451;2.386;1803.1
ENV1;S6;D;4;-117;116;;14.0686;35.7621;0.9626;0.2875;0.031547;2.3853;1801.3
ENV1;S6;D;4;-118;117;;14.0672;35.7621;0.9022;0.282;0.026726;2.3846;1805.3
ENV1;S6;D;4;-119;118;;14.0671;35.7621;1.0199;0.2986;0.023107;2.3833;1810.3
ENV1;S6;D;4;-120;119;;14.0637;35.7623;0.9177;0.2866;0.018722;2.3826;1807.5
ENV1;S6;D;4;-121;120;;14.046;35.7644;0.8625;0.2799;0.015256;2.3817;1800.8
ENV1;S6;D;4;-122;121;;14.038;35.7652;0.7535;0.2676;0.011976;2.38;1796.3
ENV1;S6;D;4;-123;122;;14.0306;35.7655;0.6542;0.2557;0.0093852;2.3778;1797.9
ENV1;S6;D;4;-124;123;;14.0279;35.7656;0.555;0.2624;0.0045746;2.3739;1803.9
ENV1;S6;D;4;-125;124;;14.0226;35.7654;0.594;0.2498;0.0013201;2.3661;1815.7
ENV1;S6;D;4;-126;125;;14.0148;35.7657;0.5616;0.2515;-0.00004368;2.361;1815.1
ENV1;S6;D;4;-127;126;;14.0048;35.7659;0.4782;0.2554;1.00E-12;2.3585;1811.7
ENV1;S6;D;4;-128;127;;13.9932;35.7657;0.4689;0.2505;1.00E-12;2.3561;1808.5
ENV1;S6;D;4;-129;128;;13.9706;35.7645;0.4269;0.2501;1.00E-12;2.354;1805.2
ENV1;S6;D;4;-130;129;;13.9549;35.7641;0.4356;0.2485;1.00E-12;2.351;1800.3
ENV1;S6;D;4;-131;130;;13.9554;35.7639;0.4658;0.2496;1.00E-12;2.3489;1795.8
ENV1;S6;D;4;-132;131;;13.9491;35.7633;0.4413;0.2433;1.00E-12;2.3476;1795.7
ENV1;S6;D;4;-133;132;;13.9319;35.7631;0.4509;0.2632;1.00E-12;2.3461;1801.7
ENV1;S6;D;4;-134;133;;13.9198;35.7639;0.4835;0.2558;1.00E-12;2.3438;1813.4
ENV1;S6;D;4;-135;134;;13.9154;35.764;0.601;0.2411;1.00E-12;2.3421;1819.2
ENV1;S6;D;4;-136;135;;13.9135;35.7643;0.594;0.2663;1.00E-12;2.342;1809.1
ENV1;S6;D;4;-137;136;;13.9084;35.7638;0.5756;0.2728;1.00E-12;2.3409;1805.4
ENV1;S6;D;4;-138;137;;13.905;35.7643;0.5967;0.2618;1.00E-12;2.3393;1804.8
ENV1;S6;D;4;-139;138;;13.9078;35.7657;0.5925;0.2585;1.00E-12;2.3379;1806.9
ENV1;S6;D;4;-140;139;;13.9073;35.7665;0.5158;0.2503;1.00E-12;2.3373;1807.5
ENV1;S6;D;4;-141;140;;13.9046;35.7674;0.4768;0.2635;1.00E-12;2.3364;1807.5
ENV1;S6;D;4;-142;141;;13.8969;35.7676;0.4556;0.2667;1.00E-12;2.3353;1810.1
ENV1;S6;D;4;-143;142;;13.8941;35.7683;0.419;0.2607;1.00E-12;2.3331;1812.2
ENV1;S6;D;4;-144;143;;13.8863;35.7691;0.357;0.2518;1.00E-12;2.3305;1814.2
ENV1;S6;D;4;-145;144;;13.8842;35.7691;0.337;0.2369;1.00E-12;2.3262;1810.2
ENV1;S6;D;4;-146;145;;13.8845;35.769;0.3423;0.2925;1.00E-12;2.3222;1803.6
ENV1;S6;D;4;-147;146;;13.8845;35.7689;0.316;0.2524;1.00E-12;2.3196;1804.6
ENV1;S6;D;4;-148;147;;13.8801;35.7695;0.3191;0.241;1.00E-12;2.3163;1810.3
ENV1;S6;D;4;-149;148;;13.8602;35.7724;0.2508;0.2378;1.00E-12;2.3139;1813.8
ENV1;S6;D;4;-150;149;;13.8397;35.7736;0.218;0.2251;1.00E-12;2.3121;1816.3
ENV1;S6;D;4;-151;150;;13.824;35.7754;0.1962;0.2335;1.00E-12;2.3084;1818.2
ENV1;S6;D;4;-152;151;;13.8164;35.7772;0.1773;0.2302;1.00E-12;2.3015;1815.1
ENV1;S6;D;4;-153;152;;13.8066;35.7786;0.1666;0.2257;1.00E-12;2.2949;1802.7
ENV1;S6;D;4;-154;153;;13.7949;35.7798;0.1484;0.2372;1.00E-12;2.2916;1794.9
ENV1;S6;D;4;-155;154;;13.7841;35.7801;0.1578;0.2398;1.00E-12;2.2883;1793.8
ENV1;S6;D;4;-156;155;;13.7594;35.7819;0.1654;0.2421;1.00E-12;2.2852;1798.8
ENV1;S6;D;4;-157;156;;13.7485;35.7834;0.1102;0.2302;1.00E-12;2.2816;1806.7
ENV1;S6;D;4;-158;157;;13.7502;35.7828;0.1048;0.2262;1.00E-12;2.2772;1814.3
ENV1;S6;D;4;-159;158;;13.7434;35.7832;0.1104;0.2166;1.00E-12;2.2729;1818.2
ENV1;S6;D;4;-160;159;;13.7315;35.7839;0.096;0.2177;1.00E-12;2.2681;1815.5
ENV1;S6;D;4;-161;160;;13.722;35.784;0.1149;0.2164;1.00E-12;2.2614;1812.6
ENV1;S6;D;4;-162;161;;13.6936;35.7839;0.0937;0.2196;1.00E-12;2.2543;1812.5
ENV1;S6;D;4;-163;162;;13.6698;35.7842;0.0816;0.2238;1.00E-12;2.2518;1809.8
ENV1;S6;D;4;-164;163;;13.6465;35.785;0.0789;0.2171;1.00E-12;2.2493;1809.4
ENV1;S6;D;4;-165;164;;13.6419;35.7849;0.0882;0.2177;1.00E-12;2.2463;1811
ENV1;S6;D;4;-166;165;;13.6394;35.7846;0.0783;0.2257;1.00E-12;2.2429;1813
ENV1;S6;D;4;-167;166;;13.6309;35.7847;0.1114;0.2458;1.00E-12;2.24;1811.5
ENV1;S6;D;4;-168;167;;13.6103;35.7851;0.1035;0.2412;1.00E-12;2.2374;1809.1
ENV1;S6;D;4;-169;168;;13.5852;35.7861;0.0716;0.2173;1.00E-12;2.2352;1805.9
ENV1;S6;D;4;-170;169;;13.4995;35.7853;0.0549;0.2175;1.00E-12;2.2329;1801.1
ENV1;S6;D;4;-171;170;;13.372;35.7904;0.0357;0.2166;1.00E-12;2.2299;1798.9
ENV1;S6;D;4;-172;171;;13.363;35.7893;-0.0464;0.2166;1.00E-12;2.2244;1799.5
ENV1;S6;D;4;-173;172;;13.3582;35.7879;-0.038;0.2135;1.00E-12;2.2158;1803.9
ENV1;S6;D;4;-174;173;;13.3471;35.7869;-0.0487;0.2026;1.00E-12;2.2018;1811.9
ENV1;S6;D;4;-175;174;;13.3384;35.7849;-0.0678;0.1852;1.00E-12;2.1805;1813.8
ENV1;S6;D;4;-176;175;;13.3017;35.7849;-0.0577;0.1983;1.00E-12;2.1784;1800.1
ENV1;S6;D;4;-177;176;;13.2791;35.7848;-0.058;0.1942;1.00E-12;2.1763;1793.6
ENV1;S6;D;4;-178;177;;13.2717;35.7846;-0.0693;0.2041;1.00E-12;2.1745;1791.5
ENV1;S6;D;4;-179;178;;13.2651;35.7839;-0.0695;0.2032;1.00E-12;2.1725;1792.5
ENV1;S6;D;4;-180;179;;13.2568;35.7834;-0.0679;0.2004;1.00E-12;2.1703;1796.2
ENV1;S6;D;4;-181;179;;13.2475;35.7829;-0.0801;0.1996;1.00E-12;2.1681;1803.9
ENV1;S6;D;4;-182;180;;13.2259;35.7814;-0.0833;0.1983;1.00E-12;2.166;1810.7
ENV1;S6;D;4;-183;181;;13.2049;35.7812;-0.0824;0.2001;1.00E-12;2.1643;1815.1
ENV1;S6;D;4;-184;182;;13.2033;35.7804;-0.0809;0.2004;1.00E-12;2.1621;1815.8
ENV1;S6;D;4;-185;183;;13.1961;35.7793;-0.0802;0.183;1.00E-12;2.1583;1809.3
ENV1;S6;D;4;-186;184;;13.1869;35.7783;-0.0555;0.1844;1.00E-12;2.156;1796.5
ENV1;S6;D;4;-187;185;;13.1751;35.7776;-0.06;0.2009;1.00E-12;2.1553;1784.5
ENV1;S6;D;4;-188;186;;13.1677;35.7771;-0.083;0.2056;1.00E-12;2.1543;1778.6
ENV1;S6;D;4;-189;187;;13.1593;35.7761;-0.0817;0.2053;1.00E-12;2.1528;1780.3
ENV1;S6;D;4;-190;188;;13.1472;35.7753;-0.0802;0.2055;1.00E-12;2.1516;1786.5
ENV1;S6;D;4;-191;189;;13.129;35.7747;-0.0825;0.2247;1.00E-12;2.1506;1795.4
ENV1;S6;D;4;-192;190;;13.1084;35.774;-0.0701;0.2143;1.00E-12;2.1498;1803.2
ENV1;S6;D;4;-193;191;;13.0878;35.7736;-0.0579;0.2005;1.00E-12;2.1486;1809.1
ENV1;S6;D;4;-194;192;;13.085;35.7725;-0.0855;0.1795;1.00E-12;2.1452;1812.8
ENV1;S6;D;4;-195;193;;13.0723;35.772;-0.073;0.1952;1.00E-12;2.1427;1800.3
ENV1;S6;D;4;-196;194;;13.0685;35.772;-0.0747;0.1935;1.00E-12;2.1418;1793.2
ENV1;S6;D;4;-197;195;;13.0672;35.7718;-0.0826;0.1873;1.00E-12;2.1415;1789.4
ENV1;S6;D;4;-198;196;;13.0659;35.7716;-0.0817;0.2014;1.00E-12;2.1411;1787.9
ENV1;S6;D;4;-199;197;;13.0598;35.7714;-0.0817;0.1949;1.00E-12;2.1399;1786.5
ENV1;S6;D;4;-200;198;;13.0564;35.771;-0.0817;0.1909;1.00E-12;2.1392;1784.6
ENV1;S6;D;4;-201;199;;13.0441;35.7705;-0.0831;0.1923;1.00E-12;2.1376;1783.5
ENV1;S6;D;4;-202;200;;13.0301;35.77;-0.0812;0.2185;1.00E-12;2.1364;1787.4
ENV1;S6;D;4;-203;201;;12.9892;35.7672;-0.0817;0.1964;1.00E-12;2.1351;1796.8
ENV1;S6;D;4;-204;202;;12.9202;35.7631;-0.074;0.1847;1.00E-12;2.1334;1805.1
ENV1;S6;D;4;-205;203;;12.8905;35.7606;-0.0776;0.1862;1.00E-12;2.1306;1810.2
ENV1;S6;D;4;-206;204;;12.8832;35.7591;-0.0819;0.1873;1.00E-12;2.1271;1804.7
ENV1;S6;D;4;-207;205;;12.8803;35.7584;-0.0985;0.1754;1.00E-12;2.1251;1796.4
ENV1;S6;D;4;-208;206;;12.8732;35.7578;-0.0894;0.18;1.00E-12;2.1241;1795.7
ENV1;S6;D;4;-209;207;;12.8702;35.7574;-0.0817;0.1802;1.00E-12;2.1227;1794.6
ENV1;S6;D;4;-210;208;;12.8609;35.7565;-0.0817;0.176;1.00E-12;2.1219;1792.7
ENV1;S6;D;4;-211;209;;12.835;35.7541;-0.0898;0.1939;1.00E-12;2.1206;1789.7
ENV1;S6;D;4;-212;210;;12.8144;35.7526;-0.0907;0.1907;1.00E-12;2.1193;1789.8
ENV1;S6;D;4;-213;211;;12.8066;35.7512;-0.0816;0.1826;1.00E-12;2.1175;1797.4
ENV1;S6;D;4;-214;212;;12.7928;35.7496;-0.0822;0.1886;1.00E-12;2.1157;1805.2
ENV1;S6;D;4;-215;213;;12.7804;35.7487;-0.0817;0.1784;1.00E-12;2.1148;1806.9
ENV1;S6;D;4;-216;214;;12.7732;35.7482;-0.0841;0.1763;1.00E-12;2.1137;1803
ENV1;S6;D;4;-217;215;;12.7587;35.7472;-0.093;0.1795;1.00E-12;2.1122;1794.8
ENV1;S6;D;4;-218;216;;12.7404;35.7452;-0.0929;0.1755;1.00E-12;2.1109;1788.3
ENV1;S6;D;4;-219;217;;12.7215;35.7428;-0.0821;0.1792;1.00E-12;2.1093;1789
ENV1;S6;D;4;-220;218;;12.6884;35.7393;-0.0822;0.1763;1.00E-12;2.1081;1796.1
ENV1;S6;D;4;-221;219;;12.6767;35.7374;-0.0821;0.179;1.00E-12;2.1071;1803.6
ENV1;S6;D;4;-222;220;;12.6478;35.7337;-0.0817;0.1738;1.00E-12;2.1066;1803.2
ENV1;S6;D;4;-223;221;;12.6197;35.7299;-0.086;0.1689;1.00E-12;2.1062;1797.2
ENV1;S6;D;4;-224;222;;12.5821;35.7254;-0.0946;0.1756;1.00E-12;2.1055;1796.1
ENV1;S6;D;4;-225;223;;12.5633;35.7234;-0.0932;0.1748;1.00E-12;2.1044;1798.6
ENV1;S6;D;4;-226;224;;12.5526;35.722;-0.0879;0.1746;1.00E-12;2.1034;1800.8
ENV1;S6;D;4;-227;225;;12.5485;35.721;-0.0812;0.1761;1.00E-12;2.1025;1803.4
ENV1;S6;D;4;-228;226;;12.5386;35.7192;-0.0823;0.1795;1.00E-12;2.102;1804.1
ENV1;S6;D;4;-229;227;;12.5172;35.716;-0.0914;0.1771;1.00E-12;2.1016;1801.2
ENV1;S6;D;4;-230;228;;12.461;35.7071;-0.0881;0.1599;1.00E-12;2.1016;1797.1
ENV1;S6;D;4;-231;229;;12.3952;35.7001;-0.0945;0.1718;1.00E-12;2.1014;1793.7
ENV1;S6;D;4;-232;230;;12.3553;35.6967;-0.0949;0.1625;1.00E-12;2.1016;1791.9
ENV1;S6;D;4;-233;231;;12.3476;35.6955;-0.0939;0.182;1.00E-12;2.1012;1792.9
ENV1;S6;D;4;-234;232;;12.3412;35.6949;-0.0939;0.1787;1.00E-12;2.101;1797
ENV1;S6;D;4;-235;233;;12.3354;35.6939;-0.0939;0.1625;1.00E-12;2.1001;1801.9
ENV1;S6;D;4;-236;234;;12.3212;35.6925;-0.0951;0.1741;1.00E-12;2.0989;1807.6
ENV1;S6;D;4;-237;235;;12.3065;35.6905;-0.0947;0.1538;1.00E-12;2.0971;1805.3
ENV1;S6;D;4;-238;236;;12.3025;35.6902;-0.091;0.1557;1.00E-12;2.096;1793.6
ENV1;S6;D;4;-239;237;;12.3024;35.6901;-0.0811;0.1672;1.00E-12;2.0952;1787.6
ENV1;S6;D;4;-240;238;;12.3024;35.6898;-0.0809;0.1603;1.00E-12;2.0945;1788.5
ENV1;S6;D;4;-241;239;;12.2995;35.6894;-0.0809;0.1539;1.00E-12;2.0935;1791.9
ENV1;S6;D;4;-242;240;;12.2929;35.6887;-0.0923;0.1638;1.00E-12;2.0927;1798.1
ENV1;S6;D;4;-243;241;;12.2853;35.6873;-0.0877;0.1622;1.00E-12;2.0911;1805.8
ENV1;S6;D;4;-244;242;;12.2802;35.6864;-0.0883;0.1484;1.00E-12;2.0907;1806.9
ENV1;S6;D;4;-245;243;;12.2651;35.6844;-0.0946;0.1531;1.00E-12;2.0902;1800.8
ENV1;S6;D;4;-246;244;;12.2529;35.683;-0.087;0.1543;1.00E-12;2.0892;1792
ENV1;S6;D;4;-247;245;;12.2462;35.6823;-0.0805;0.1525;1.00E-12;2.0884;1785.4
ENV1;S6;D;4;-248;246;;12.2446;35.6816;-0.099;0.1491;1.00E-12;2.0879;1790.1
ENV1;S6;D;4;-249;247;;12.245;35.681;-0.0921;0.1577;1.00E-12;2.0876;1809.7
ENV1;S6;D;4;-250;248;;12.2457;35.6807;-0.0995;0.1497;1.00E-12;2.0871;1813.5
ENV1;S6;D;5;-5;5;;14.1004;35.3975;2.3201;0.3255;131.94;2.3873;878.65
ENV1;S6;D;5;-6;6;;14.1171;35.7441;2.2653;0.3332;113.87;2.4942;847.39
ENV1;S6;D;5;-7;7;;14.1171;35.7571;2.3038;0.3366;96.198;2.4985;848.5
ENV1;S6;D;5;-8;8;;14.1171;35.7574;2.2693;0.3375;86.388;2.4982;844.77
ENV1;S6;D;5;-9;9;;14.1135;35.757;2.537;0.3496;80.219;2.4976;846.82
ENV1;S6;D;5;-10;10;;14.1102;35.757;2.4556;0.3423;70.96;2.4971;849.93
ENV1;S6;D;5;-11;11;;14.1027;35.7568;2.5271;0.3614;61.462;2.4966;849.82
ENV1;S6;D;5;-12;12;;14.1041;35.7567;2.7481;0.3591;53.175;2.4964;846.82
ENV1;S6;D;5;-13;13;;14.0992;35.7562;2.7939;0.3463;47.094;2.497;847.82
ENV1;S6;D;5;-14;14;;14.0511;35.7507;3.009;0.4622;45.068;2.4966;851.52
ENV1;S6;D;5;-15;15;;14.0626;35.7584;3.1092;0.4812;39.837;2.4958;851.94
ENV1;S6;D;5;-16;16;;14.0652;35.762;2.8826;0.3387;36.335;2.4945;852.79
ENV1;S6;D;5;-17;17;;14.0652;35.7646;3.0029;0.328;33.568;2.4916;853.42
ENV1;S6;D;5;-18;18;;14.0723;35.7712;3.0979;0.3492;29.917;2.4891;855.62
ENV1;S6;D;5;-19;19;;14.0803;35.7776;3.3523;0.3306;25.62;2.4828;855.92
ENV1;S6;D;5;-20;20;;14.0825;35.7796;3.1227;0.3119;24.348;2.4755;857.11
ENV1;S6;D;5;-21;21;;14.0847;35.7822;3.0289;0.3282;23.22;2.4725;859.83
ENV1;S6;D;5;-22;22;;14.0866;35.7847;3.0142;0.3343;21.266;2.4718;860.84
ENV1;S6;D;5;-23;23;;14.0878;35.7863;3.0263;0.3226;19.425;2.4709;862.2
ENV1;S6;D;5;-24;24;;14.0918;35.7914;3.1241;0.3591;17.678;2.4682;863.71
ENV1;S6;D;5;-25;25;;14.0999;35.8006;2.4763;0.3108;15.625;2.4641;865.58
ENV1;S6;D;5;-26;26;;14.1054;35.8055;2.3229;0.25;14.739;2.4477;868.45
ENV1;S6;D;5;-27;27;;14.1058;35.8066;2.3409;0.268;14.088;2.444;867.83
ENV1;S6;D;5;-28;28;;14.109;35.8099;2.3576;0.2717;13.015;2.4418;870.87
ENV1;S6;D;5;-29;29;;14.117;35.8172;2.182;0.2901;12.068;2.4389;873.35
ENV1;S6;D;5;-30;30;;14.1257;35.8229;1.5643;0.2523;11.346;2.4345;875.83
ENV1;S6;D;5;-31;31;;14.1313;35.8266;1.2598;0.244;10.619;2.4276;876.64
ENV1;S6;D;5;-32;32;;14.1365;35.8295;1.1518;0.2336;10.02;2.4211;878.54
ENV1;S6;D;5;-33;33;;14.1399;35.8313;1.0703;0.2209;9.6588;2.4149;881.19
ENV1;S6;D;5;-34;34;;14.1458;35.8337;1.0797;0.2451;9.0189;2.4108;883.68
ENV1;S6;D;5;-35;35;;14.1538;35.8369;0.9811;0.2441;8.2531;2.4058;887.43
ENV1;S6;D;5;-36;36;;14.1597;35.8392;0.8569;0.1988;8.0167;2.4039;889.02
ENV1;S6;D;5;-37;37;;14.1632;35.8406;0.8591;0.2039;7.7489;2.4026;891.06
ENV1;S6;D;5;-38;38;;14.1658;35.8417;0.8591;0.2159;7.5355;2.4009;892.63
ENV1;S6;D;5;-39;39;;14.1664;35.8418;0.7783;0.2318;7.3259;2.3996;893.95
ENV1;S6;D;5;-40;40;;14.1667;35.842;0.8188;0.2164;7.0337;2.3978;895.88
ENV1;S6;D;5;-41;41;;14.1661;35.8416;0.7849;0.2093;6.3211;2.3959;901.28
ENV1;S6;D;5;-42;42;;14.1671;35.8422;0.839;0.2162;5.9334;2.3956;903.76
ENV1;S6;D;5;-43;43;;14.1678;35.8424;0.8496;0.3081;5.7003;2.3946;903.82
ENV1;S6;D;5;-44;44;;14.1678;35.8426;0.791;0.3558;5.4887;2.3941;906.97
ENV1;S6;D;5;-45;45;;14.1672;35.8423;0.7807;0.2178;5.3088;2.3933;910.38
ENV1;S6;D;5;-46;46;;14.167;35.8423;0.8279;0.2372;5.1429;2.3922;912.1
ENV1;S6;D;5;-47;47;;14.1657;35.842;0.8232;0.2315;4.9163;2.3912;913.7
ENV1;S6;D;5;-48;48;;14.1657;35.8421;0.7522;0.2107;4.6189;2.3904;915.25
ENV1;S6;D;5;-49;49;;14.1666;35.8421;0.6795;0.1972;4.2104;2.3897;919.55
ENV1;S6;D;5;-50;50;;14.1617;35.841;0.7418;0.1936;4.0494;2.3886;921.64
ENV1;S6;D;5;-51;51;;14.1649;35.842;0.6928;0.2237;3.858;2.3888;922.88
ENV1;S6;D;5;-52;52;;14.1598;35.8401;0.6367;0.2002;3.6734;2.3876;925.47
ENV1;S6;D;5;-53;53;;14.1511;35.8381;0.6428;0.2077;3.4881;2.3863;928.64
ENV1;S6;D;5;-54;54;;14.0773;35.8202;0.6184;0.2166;3.3186;2.3851;930.84
ENV1;S6;D;5;-55;55;;13.9862;35.7994;0.5586;0.2089;3.1735;2.3814;933.93
ENV1;S6;D;5;-56;56;;13.9574;35.7924;0.5706;0.2248;3.0614;2.3822;935.7
ENV1;S6;D;5;-57;57;;13.9056;35.7811;0.5943;0.2447;2.9251;2.3827;936.34
ENV1;S6;D;5;-58;58;;13.8646;35.772;0.589;0.2689;2.7592;2.3819;938.2
ENV1;S6;D;5;-59;59;;13.8177;35.7601;0.5418;0.198;2.5334;2.3817;943.93
ENV1;S6;D;5;-60;60;;13.7535;35.7449;0.6104;0.2099;2.3808;2.3813;947.93
ENV1;S6;D;5;-61;61;;13.7337;35.7399;0.6287;0.2368;2.2531;2.3811;950.72
ENV1;S6;D;5;-62;62;;13.6994;35.7331;0.6436;0.2379;2.147;2.3814;953.49
ENV1;S6;D;5;-63;62;;13.6979;35.7323;0.6244;0.2395;2.0458;2.3833;955.94
ENV1;S6;D;5;-64;63;;13.6954;35.7315;0.6571;0.2332;1.9612;2.3855;958.97
ENV1;S6;D;5;-65;64;;13.6942;35.731;0.5841;0.2301;1.9029;2.3874;962.9
ENV1;S6;D;5;-66;65;;13.6942;35.7309;0.629;0.2456;1.8299;2.3876;965.79
ENV1;S6;D;5;-67;66;;13.6946;35.7309;0.6329;0.2419;1.7257;2.3879;968.48
ENV1;S6;D;5;-68;67;;13.7141;35.7369;0.5598;0.2299;1.5657;2.387;973.97
ENV1;S6;D;5;-69;68;;13.7174;35.7379;0.4974;0.2199;1.3832;2.3831;983.32
ENV1;S6;D;5;-70;69;;13.7211;35.7392;0.5426;0.2329;1.3781;2.3833;985.22
ENV1;S6;D;5;-71;70;;13.7232;35.7399;0.5295;0.2297;1.3361;2.3827;987.07
ENV1;S6;D;5;-72;71;;13.7263;35.741;0.4929;0.2344;1.2963;2.3825;988.24
ENV1;S6;D;5;-73;72;;13.7315;35.7423;0.499;0.2247;1.26;2.3815;989.51
ENV1;S6;D;5;-74;73;;13.7326;35.7424;0.4916;0.2245;1.2124;2.3806;991.84
ENV1;S6;D;5;-75;74;;13.7327;35.7422;0.4562;0.2335;1.1604;2.3794;993.36
ENV1;S6;D;5;-76;75;;13.7321;35.7422;0.4861;0.2483;1.115;2.3786;994
ENV1;S6;D;5;-77;76;;13.7322;35.742;0.4757;0.2351;0.98599;2.378;996.9
ENV1;S6;D;5;-78;77;;13.732;35.7419;0.4663;0.2254;0.8871;2.3767;1002
ENV1;S6;D;5;-79;78;;13.7316;35.7419;0.4612;0.2243;0.8618;2.3755;1005
ENV1;S6;D;5;-80;79;;13.729;35.7414;0.4312;0.2242;0.80053;2.3755;1005.5
ENV1;S6;D;5;-81;80;;13.7252;35.7408;0.4384;0.2222;0.71237;2.3746;1005.6
ENV1;S6;D;5;-82;81;;13.7259;35.7414;0.4372;0.2226;0.63125;2.3741;1007
ENV1;S6;D;5;-83;82;;13.7252;35.7408;0.4192;0.2221;0.67983;2.3737;1007.9
ENV1;S6;D;5;-84;83;;13.7234;35.74;0.4331;0.218;0.68022;2.3748;1016.7
ENV1;S6;D;5;-85;84;;13.7073;35.7372;0.4669;0.2096;0.61529;2.3744;1023.6
ENV1;S6;D;5;-86;85;;13.6902;35.7334;0.432;0.2323;0.59616;2.3738;1028.3
ENV1;S6;D;5;-87;86;;13.6774;35.7314;0.4148;0.2297;0.56772;2.372;1033.6
ENV1;S6;D;5;-88;87;;13.674;35.7306;0.4003;0.2247;0.53924;2.3715;1038
ENV1;S6;D;5;-89;88;;13.6718;35.7303;0.3983;0.222;0.51841;2.3716;1040.6
ENV1;S6;D;5;-90;89;;13.6711;35.7299;0.3847;0.2287;0.50028;2.3715;1042.9
ENV1;S6;D;5;-91;90;;13.671;35.7298;0.3569;0.2316;0.48404;2.3712;1050.8
ENV1;S6;D;5;-92;91;;13.6705;35.7297;0.3603;0.2309;0.46624;2.3715;1060.9
ENV1;S6;D;5;-93;92;;13.6688;35.7293;0.3808;0.219;0.44311;2.3715;1070.8
ENV1;S6;D;5;-94;93;;13.6671;35.7292;0.3965;0.2239;0.41856;2.3712;1085.6
ENV1;S6;D;5;-95;94;;13.6651;35.7292;0.3823;0.2484;0.38859;2.3707;1091.7
ENV1;S6;D;5;-96;95;;13.6621;35.7289;0.3912;0.2231;0.36235;2.3703;1093.3
ENV1;S6;D;5;-97;96;;13.6621;35.7288;0.3753;0.2229;0.34115;2.3698;1092.5
ENV1;S6;D;5;-98;97;;13.6596;35.7283;0.365;0.227;0.3195;2.3699;1087.4
ENV1;S6;D;5;-99;98;;13.6571;35.7284;0.3804;0.2283;0.30982;2.3696;1083.3
ENV1;S6;D;5;-100;99;;13.6551;35.7284;0.3981;0.2143;0.30216;2.3695;1082
ENV1;S6;D;5;-101;100;;13.6551;35.7284;0.3954;0.2365;0.29235;2.3697;1080.7
ENV1;S6;D;5;-102;101;;13.6545;35.7283;0.4166;0.2121;0.27896;2.3693;1078.6
ENV1;S6;D;5;-103;102;;13.6482;35.7285;0.4278;0.2148;0.26195;2.3686;1074.7
ENV1;S6;D;5;-104;103;;13.6482;35.7283;0.3623;0.2133;0.21097;2.3662;1059.4
ENV1;S6;D;5;-105;104;;13.642;35.7289;0.3591;0.2215;0.18135;2.3651;1048.5
ENV1;S6;D;5;-106;105;;13.6399;35.7293;0.3434;0.2146;0.17119;2.3643;1048.5
ENV1;S6;D;5;-107;106;;13.6388;35.7298;0.3302;0.2046;0.16441;2.3641;1047.5
ENV1;S6;D;5;-108;107;;13.6394;35.7301;0.3096;0.2123;0.15425;2.3633;1047.3
ENV1;S6;D;5;-109;108;;13.6385;35.7306;0.3083;0.2181;0.14125;2.362;1046.4
ENV1;S6;D;5;-110;109;;13.6374;35.7309;0.3054;0.2247;0.12573;2.3604;1044.5
ENV1;S6;D;5;-111;110;;13.637;35.7315;0.2857;0.2176;0.10914;2.3593;1042.8
ENV1;S6;D;5;-112;111;;13.6362;35.7341;0.2681;0.2126;0.094216;2.3578;1041.1
ENV1;S6;D;5;-113;112;;13.635;35.7359;0.25;0.2113;0.076925;2.3565;1038.7
ENV1;S6;D;5;-114;113;;13.6342;35.7372;0.2114;0.211;0.063392;2.355;1037.5
ENV1;S6;D;5;-115;114;;13.6322;35.7396;0.2005;0.2105;0.046631;2.3526;1038.6
ENV1;S6;D;5;-116;115;;13.6315;35.7384;0.2112;0.2063;0.079088;2.344;1033.1
ENV1;S6;D;5;-117;116;;13.6289;35.7399;0.2445;0.1992;0.078753;2.3409;1024
ENV1;S6;D;5;-118;117;;13.5806;35.761;0.2103;0.1987;0.072508;2.3405;1026.4
ENV1;S6;D;5;-119;118;;13.5646;35.7645;0.1591;0.2083;0.067431;2.3394;1028.7
ENV1;S6;D;5;-120;119;;13.5637;35.7641;0.1378;0.2096;0.061901;2.3353;1031.2
ENV1;S6;D;5;-121;120;;13.5563;35.7647;0.131;0.21;0.054661;2.326;1033.1
ENV1;S6;D;5;-122;121;;13.5496;35.7656;0.128;0.2099;0.045304;2.3143;1034.6
ENV1;S6;D;5;-123;122;;13.5486;35.7656;0.1202;0.2121;0.039143;2.3036;1033.1
ENV1;S6;D;5;-124;123;;13.548;35.7657;0.1048;0.2157;0.032519;2.295;1029.9
ENV1;S6;D;5;-125;124;;13.5473;35.766;0.1007;0.2045;0.026664;2.2882;1028.4
ENV1;S6;D;5;-126;125;;13.5463;35.7664;0.1051;0.2074;0.018685;2.283;1028.6
ENV1;S6;D;5;-127;126;;13.5428;35.7666;0.1081;0.2116;0.0078006;2.2789;1031.2
ENV1;S6;D;5;-128;127;;13.542;35.7665;0.1036;0.2177;-0.0006441;2.2761;1033.7
ENV1;S6;D;5;-129;128;;13.5486;35.7651;0.1118;0.1905;0.024443;2.2717;1036.3
ENV1;S6;D;5;-130;129;;13.5464;35.7659;0.105;0.1931;0.025872;2.2696;1030.4
ENV1;S6;D;5;-131;130;;13.5384;35.7671;0.1057;0.2041;0.022696;2.2698;1029.6
ENV1;S6;D;5;-132;131;;13.5304;35.7685;0.1028;0.2035;0.015803;2.2694;1031.3
ENV1;S6;D;5;-133;132;;13.5266;35.7698;0.1027;0.2099;0.015067;2.2677;1033.8
ENV1;S6;D;5;-134;133;;13.5144;35.7745;0.0999;0.2146;0.0058577;2.2658;1037.4
ENV1;S6;D;5;-135;134;;13.5031;35.7783;0.0952;0.214;0.004139;2.2646;1040.2
ENV1;S6;D;5;-136;135;;13.4819;35.7828;0.0661;0.2056;0.00011369;2.2621;1039.4
ENV1;S6;D;5;-137;136;;13.4559;35.7866;0.0262;0.2001;-0.00001786;2.2575;1037.5
ENV1;S6;D;5;-138;137;;13.4332;35.7909;0.0064;0.2005;1.00E-12;2.2513;1035.4
ENV1;S6;D;5;-139;138;;13.4122;35.7975;0.01;0.2163;0.00074771;2.2431;1033.7
ENV1;S6;D;5;-140;139;;13.3999;35.8007;0.0011;0.1991;0.0010226;2.2314;1034.7
ENV1;S6;D;5;-141;140;;13.3858;35.8021;-0.0136;0.186;-0.00003115;2.2194;1038
ENV1;S6;D;5;-142;141;;13.3749;35.8024;-0.0253;0.1981;0.000034545;2.2095;1040.5
ENV1;S6;D;5;-143;142;;13.3617;35.8032;-0.0195;0.1941;-3.61E-08;2.2019;1042.6
ENV1;S6;D;5;-144;143;;13.3509;35.8035;-0.017;0.1888;1.00E-12;2.1953;1043
ENV1;S6;D;5;-145;144;;13.3422;35.8068;-0.0355;0.183;1.00E-12;2.1892;1043.3
ENV1;S6;D;5;-146;145;;13.3386;35.8127;-0.0604;0.1719;1.00E-12;2.1801;1044.2
ENV1;S6;D;5;-147;146;;13.328;35.8181;-0.0626;0.1723;1.00E-12;2.1734;1048.3
ENV1;S6;D;5;-148;147;;13.3215;35.8198;-0.0577;0.1752;1.00E-12;2.1704;1051.8
ENV1;S6;D;5;-149;148;;13.2917;35.8185;-0.0587;0.1784;1.00E-12;2.1682;1051.6
ENV1;S6;D;5;-150;149;;13.2642;35.8188;-0.0609;0.1788;1.00E-12;2.166;1053.1
ENV1;S6;D;5;-151;150;;13.2606;35.8186;-0.07;0.1671;1.00E-12;2.1635;1052.3
ENV1;S6;D;5;-152;151;;13.2424;35.8176;-0.0702;0.1783;1.00E-12;2.1609;1052
ENV1;S6;D;5;-153;152;;13.2114;35.8169;-0.0721;0.1823;1.00E-12;2.1582;1052.6
ENV1;S6;D;5;-154;153;;13.206;35.8162;-0.0813;0.1676;1.00E-12;2.1558;1052.6
ENV1;S6;D;5;-155;154;;13.2025;35.8156;-0.0764;0.1669;1.00E-12;2.1535;1053.7
ENV1;S6;D;5;-156;155;;13.1959;35.8147;-0.0733;0.1704;1.00E-12;2.151;1055.4
ENV1;S6;D;5;-157;156;;13.1909;35.8141;-0.082;0.173;1.00E-12;2.149;1057.7
ENV1;S6;D;5;-158;157;;13.1899;35.8136;-0.0817;0.1599;1.00E-12;2.1474;1060.4
ENV1;S6;D;5;-159;158;;13.2056;35.8137;-0.0832;0.1473;1.00E-12;2.1454;1061.8
ENV1;S6;D;5;-160;159;;13.1988;35.8129;-0.0824;0.158;1.00E-12;2.1453;1061.7
ENV1;S6;D;5;-161;160;;13.1782;35.8117;-0.0825;0.1617;1.00E-12;2.1451;1065.2
ENV1;S6;D;5;-162;161;;13.1575;35.8091;-0.0839;0.1723;1.00E-12;2.1445;1067.1
ENV1;S6;D;5;-163;162;;13.1472;35.808;-0.0817;0.1766;1.00E-12;2.1435;1070.1
ENV1;S6;D;5;-164;163;;13.1443;35.8072;-0.0824;0.1752;1.00E-12;2.1419;1072
ENV1;S6;D;5;-165;164;;13.1355;35.8058;-0.0824;0.1678;1.00E-12;2.1405;1071.3
ENV1;S6;D;5;-166;165;;13.1057;35.8022;-0.0834;0.1633;1.00E-12;2.1396;1070.5
ENV1;S6;D;5;-167;166;;13.0882;35.8;-0.0824;0.1627;1.00E-12;2.1384;1070.4
ENV1;S6;D;5;-168;167;;13.0703;35.7972;-0.0806;0.1664;1.00E-12;2.1372;1072.3
ENV1;S6;D;5;-169;168;;13.0588;35.7954;-0.0817;0.1543;1.00E-12;2.136;1077
ENV1;S6;D;5;-170;169;;13.0574;35.7948;-0.0736;0.1496;1.00E-12;2.135;1082.7
ENV1;S6;D;5;-171;170;;13.0416;35.7928;-0.0715;0.1489;1.00E-12;2.1346;1085.1
ENV1;S6;D;5;-172;171;;13.0719;35.7966;-0.0979;0.1538;1.00E-12;2.1348;1084.3
ENV1;S6;D;5;-173;172;;13.0607;35.793;-0.0938;0.1659;1.00E-12;2.1349;1087.6
ENV1;S6;D;5;-174;173;;13.0128;35.7885;-0.0818;0.1606;1.00E-12;2.1345;1093
ENV1;S6;D;5;-175;174;;13.0049;35.7868;-0.0817;0.1601;1.00E-12;2.1335;1097.1
ENV1;S6;D;5;-176;175;;12.9879;35.7844;-0.0824;0.1604;1.00E-12;2.1321;1101.2
ENV1;S6;D;5;-177;176;;12.928;35.7763;-0.1166;0.1612;1.00E-12;2.1307;1102.7
ENV1;S6;D;5;-178;177;;12.879;35.7711;-0.1063;0.1611;1.00E-12;2.1285;1099.8
ENV1;S6;D;5;-179;178;;12.8545;35.7678;-0.0935;0.1611;1.00E-12;2.1259;1097.8
ENV1;S6;D;5;-180;179;;12.8412;35.7658;-0.0836;0.1607;1.00E-12;2.1227;1095.5
ENV1;S6;D;5;-181;180;;12.8366;35.7646;-0.0926;0.165;1.00E-12;2.1194;1096.6
ENV1;S6;D;5;-182;180;;12.833;35.7634;-0.0939;0.1565;1.00E-12;2.1158;1099.8
ENV1;S6;D;5;-183;181;;12.8309;35.7628;-0.0947;0.145;1.00E-12;2.113;1105.2
ENV1;S6;D;5;-184;182;;12.8254;35.762;-0.0939;0.1298;1.00E-12;2.1115;1109.1
ENV1;S6;D;5;-185;183;;12.8226;35.761;-0.0867;0.1446;1.00E-12;2.1097;1109.1
ENV1;S6;D;5;-186;184;;12.8265;35.7618;-0.0917;0.1484;1.00E-12;2.1079;1105
ENV1;S6;D;5;-187;185;;12.7905;35.7572;-0.0835;0.1481;1.00E-12;2.1071;1110.4
ENV1;S6;D;5;-188;186;;12.7795;35.7554;-0.0938;0.1539;1.00E-12;2.1055;1113.9
ENV1;S6;D;5;-189;187;;12.7682;35.7541;-0.1001;0.1547;1.00E-12;2.1039;1114.9
ENV1;S6;D;5;-190;188;;12.7612;35.753;-0.1055;0.1561;1.00E-12;2.1017;1113.6
ENV1;S6;D;5;-191;189;;12.7543;35.7521;-0.0935;0.167;1.00E-12;2.1004;1113.4
ENV1;S6;D;5;-192;190;;12.7545;35.752;-0.0939;0.158;1.00E-12;2.0992;1113.2
ENV1;S6;D;5;-193;191;;12.7467;35.751;-0.0891;0.1563;1.00E-12;2.0975;1109.7
ENV1;S6;D;5;-194;192;;12.7347;35.7495;-0.0835;0.1608;1.00E-12;2.0962;1108.1
ENV1;S6;D;5;-195;193;;12.7243;35.7481;-0.0937;0.1604;1.00E-12;2.0948;1109
ENV1;S6;D;5;-196;194;;12.7104;35.7463;-0.0933;0.1516;1.00E-12;2.093;1110.7
ENV1;S6;D;5;-197;195;;12.6933;35.7443;-0.0997;0.1459;1.00E-12;2.0916;1112
ENV1;S6;D;5;-198;196;;12.6759;35.7422;-0.106;0.1419;1.00E-12;2.0913;1112.6
ENV1;S6;D;5;-199;197;;12.6714;35.7411;-0.0915;0.1386;1.00E-12;2.0899;1113.9
ENV1;S6;D;5;-200;198;;12.6637;35.7396;-0.0826;0.1487;1.00E-12;2.0869;1111.8
ENV1;S6;D;5;-201;199;;12.6513;35.7375;-0.0871;0.1535;1.00E-12;2.0846;1111.6
ENV1;S6;D;5;-202;200;;12.6435;35.7361;-0.0808;0.1532;1.00E-12;2.0838;1115.8
ENV1;S6;D;5;-203;201;;12.6274;35.7329;-0.0785;0.1483;1.00E-12;2.0829;1120.8
ENV1;S6;D;5;-204;202;;12.6165;35.7311;-0.0905;0.1526;1.00E-12;2.0825;1125
ENV1;S6;D;5;-205;203;;12.6106;35.7299;-0.0865;0.1581;1.00E-12;2.0823;1128.1
ENV1;S6;D;5;-206;204;;12.605;35.7289;-0.0838;0.1612;1.00E-12;2.0832;1128.5
ENV1;S6;D;5;-207;205;;12.6006;35.7278;-0.0942;0.1667;1.00E-12;2.0838;1131.1
ENV1;S6;D;5;-208;206;;12.5996;35.7277;-0.0939;0.1557;1.00E-12;2.0847;1133.5
ENV1;S6;D;5;-209;207;;12.5998;35.7276;-0.0932;0.1506;1.00E-12;2.0852;1135.7
ENV1;S6;D;5;-210;208;;12.5937;35.7264;-0.0827;0.1599;1.00E-12;2.0861;1139.3
ENV1;S6;D;5;-211;209;;12.5687;35.7219;-0.0883;0.1601;1.00E-12;2.0863;1144.2
ENV1;S6;D;5;-212;210;;12.4881;35.7095;-0.0934;0.1594;1.00E-12;2.0864;1149.1
ENV1;S6;D;5;-213;211;;12.4461;35.7039;-0.0815;0.1543;1.00E-12;2.0857;1153.7
ENV1;S6;D;5;-214;212;;12.4473;35.703;-0.0913;0.1451;1.00E-12;2.0899;1158.3
ENV1;S6;D;5;-215;213;;12.4187;35.6981;-0.0831;0.1455;1.00E-12;2.1034;1158.1
ENV1;S6;D;5;-216;214;;12.4059;35.6961;-0.0892;0.1485;1.00E-12;2.1082;1158.5
ENV1;S6;D;5;-217;215;;12.3929;35.6939;-0.0941;0.1545;1.00E-12;2.1109;1162.3
ENV1;S6;D;5;-218;216;;12.383;35.6926;-0.0881;0.1581;1.00E-12;2.1127;1166.5
ENV1;S6;D;5;-219;217;;12.3752;35.6915;-0.086;0.1601;1.00E-12;2.1136;1171.2
ENV1;S6;D;5;-220;218;;12.3651;35.6898;-0.1051;0.1601;1.00E-12;2.1139;1174.2
ENV1;S6;D;5;-221;219;;12.3458;35.6875;-0.0939;0.1534;1.00E-12;2.1149;1177.3
ENV1;S6;D;5;-222;220;;12.3028;35.6822;-0.0829;0.1488;1.00E-12;2.1156;1180.7
ENV1;S6;D;5;-223;221;;12.2859;35.6822;-0.1056;0.166;1.00E-12;2.1149;1183.9
ENV1;S6;D;5;-224;222;;12.2787;35.6822;-0.0935;0.1566;1.00E-12;2.1143;1188.1
ENV1;S6;D;5;-225;223;;12.2701;35.6814;-0.0827;0.1488;1.00E-12;2.1141;1192.9
ENV1;S6;D;5;-226;224;;12.2534;35.6804;-0.0944;0.1617;1.00E-12;2.1132;1199.2
ENV1;S6;D;5;-227;225;;12.2386;35.6792;-0.1014;0.1618;1.00E-12;2.111;1208.5
ENV1;S6;D;5;-228;226;;12.2297;35.6783;-0.0934;0.1509;1.00E-12;2.1074;1223.2
ENV1;S6;D;5;-229;227;;12.2284;35.6779;-0.0886;0.1486;1.00E-12;2.1043;1242.8
ENV1;S6;D;5;-230;228;;12.2231;35.6769;-0.0887;0.1491;1.00E-12;2.1026;1259.3
ENV1;S6;D;5;-231;229;;12.218;35.6764;-0.0838;0.1439;1.00E-12;2.1011;1274.3
ENV1;S6;D;5;-232;230;;12.2162;35.676;-0.0899;0.1525;1.00E-12;2.0994;1289
ENV1;S6;D;5;-233;231;;12.2056;35.6742;-0.0971;0.156;1.00E-12;2.0984;1299.9
ENV1;S6;D;5;-234;232;;12.1893;35.6727;-0.0961;0.1498;1.00E-12;2.0978;1298.7
ENV1;S6;D;5;-235;233;;12.181;35.6711;-0.0995;0.14;1.00E-12;2.0978;1284
ENV1;S6;D;5;-236;234;;12.1666;35.6694;-0.0986;0.1434;1.00E-12;2.0982;1283.7
ENV1;S6;D;5;-237;235;;12.1435;35.6677;-0.1033;0.1606;1.00E-12;2.0982;1286.4
ENV1;S6;D;5;-238;236;;12.1231;35.6662;-0.0824;0.1594;1.00E-12;2.0978;1287.2
ENV1;S6;D;5;-239;237;;12.1096;35.6657;-0.0949;0.1538;1.00E-12;2.0978;1288.6
ENV1;S6;D;5;-240;238;;12.1033;35.6649;-0.0953;0.1502;1.00E-12;2.0966;1291.1
ENV1;S6;D;5;-241;239;;12.0884;35.6632;-0.0939;0.1483;1.00E-12;2.0958;1292.8
ENV1;S6;D;5;-242;240;;12.0806;35.6625;-0.0932;0.1483;1.00E-12;2.0948;1293.6
ENV1;S6;D;5;-243;241;;12.0763;35.6618;-0.0947;0.1532;1.00E-12;2.0936;1295.3
ENV1;S6;D;5;-244;242;;12.0725;35.6611;-0.0926;0.1537;1.00E-12;2.0926;1301.2
ENV1;S6;D;5;-245;243;;12.0652;35.6603;-0.082;0.1481;1.00E-12;2.0918;1309.9
ENV1;S6;D;5;-246;244;;12.059;35.6598;-0.0959;0.1554;1.00E-12;2.0915;1321.3
ENV1;S6;D;5;-247;245;;12.0643;35.6595;-0.0978;0.1484;1.00E-12;2.0915;1415.8
ENV1;S6;D;5;-248;246;;12.0432;35.6576;-0.0945;0.1514;1.00E-12;2.0927;1620
ENV1;S6;D;5;-249;247;;12.0237;35.6562;-0.0939;0.1536;1.00E-12;2.092;1646
ENV1;S6;D;5;-250;248;;12.0149;35.6554;-0.0934;0.149;1.00E-12;2.0901;1660.5
ENV1;S6;D;5;-251;249;;12.016;35.655;-0.0859;0.1407;1.00E-12;2.0876;1645.6
ENV1;S6;D;6;-6;6;;14.0448;35.5211;2.6583;0.3247;146.09;2.4604;698.97
ENV1;S6;D;6;-7;7;;14.0464;35.796;2.6049;0.3472;124.15;2.4944;692.07
ENV1;S6;D;6;-8;8;;14.0463;35.7929;2.7578;0.3575;110.75;2.4934;695.52
ENV1;S6;D;6;-9;9;;14.0463;35.7928;2.7406;0.3486;98.415;2.4932;700.13
ENV1;S6;D;6;-10;10;;14.0467;35.7928;2.9269;0.3624;88.072;2.4931;701.91
ENV1;S6;D;6;-11;11;;14.0469;35.7927;3.1218;0.3509;77.284;2.4918;701.95
ENV1;S6;D;6;-12;12;;14.0471;35.7924;3.1454;0.3388;69.618;2.4927;697.15
ENV1;S6;D;6;-13;13;;14.0471;35.7926;3.0823;0.3533;60.973;2.4928;694.13
ENV1;S6;D;6;-14;14;;14.0468;35.7923;3.1376;0.3706;53.936;2.4922;695.54
ENV1;S6;D;6;-15;15;;14.047;35.7928;3.2197;0.343;48.355;2.4914;697.92
ENV1;S6;D;6;-16;16;;14.0471;35.793;3.2672;0.3331;42.463;2.4916;699.36
ENV1;S6;D;6;-17;17;;14.047;35.7928;3.3128;0.3488;38.504;2.491;700.56
ENV1;S6;D;6;-18;18;;14.0464;35.7922;3.1745;0.3481;35.034;2.4908;699.97
ENV1;S6;D;6;-19;19;;14.0461;35.7923;3.038;0.3231;32.47;2.4905;698.09
ENV1;S6;D;6;-20;20;;14.0464;35.7923;3.1582;0.3554;28.68;2.4897;698.26
ENV1;S6;D;6;-21;21;;14.0467;35.7921;3.0933;0.3367;25.991;2.4879;696.43
ENV1;S6;D;6;-22;22;;14.0467;35.7922;3.1797;0.3304;22.162;2.4884;694.56
ENV1;S6;D;6;-23;23;;14.0465;35.7923;3.2455;0.3186;19.493;2.4875;699.95
ENV1;S6;D;6;-24;24;;14.0466;35.7924;3.1655;0.3357;18.528;2.4874;700.31
ENV1;S6;D;6;-25;25;;14.0456;35.7925;3.0748;0.3545;17.515;2.4871;700.25
ENV1;S6;D;6;-26;26;;14.044;35.7933;3.0195;0.374;16.635;2.4868;700.25
ENV1;S6;D;6;-27;27;;14.0442;35.7933;2.8285;0.3549;15.176;2.4854;698.99
ENV1;S6;D;6;-28;28;;14.044;35.7934;3.2199;0.3212;12.024;2.4792;696.21
ENV1;S6;D;6;-29;29;;14.0434;35.794;3.1017;0.346;10.969;2.4767;697.17
ENV1;S6;D;6;-30;30;;14.0438;35.7945;2.9172;0.3325;10.2;2.4745;696.73
ENV1;S6;D;6;-31;31;;14.0447;35.7955;2.8203;0.3192;9.7333;2.4715;697.75
ENV1;S6;D;6;-32;32;;14.046;35.797;2.8621;0.3275;8.6561;2.4702;699.89
ENV1;S6;D;6;-33;33;;14.0485;35.7989;2.6696;0.3226;7.7548;2.4693;699.75
ENV1;S6;D;6;-34;34;;14.049;35.7988;2.5274;0.3071;6.8838;2.4633;696.7
ENV1;S6;D;6;-35;35;;14.0493;35.7992;2.48;0.317;6.3655;2.4612;694.04
ENV1;S6;D;6;-36;36;;14.0494;35.7991;2.5864;0.3296;6.0212;2.4595;694.88
ENV1;S6;D;6;-37;37;;14.05;35.7994;2.6259;0.3402;5.5334;2.4586;697.85
ENV1;S6;D;6;-38;38;;14.0507;35.7999;2.6569;0.3342;4.9884;2.4585;698.19
ENV1;S6;D;6;-39;39;;14.0518;35.8004;2.4027;0.2859;4.3776;2.4566;697.08
ENV1;S6;D;6;-40;40;;14.0518;35.8007;2.4755;0.2986;4.1076;2.4562;698.26
ENV1;S6;D;6;-41;41;;14.0523;35.8009;2.3828;0.3086;3.8803;2.4554;697.96
ENV1;S6;D;6;-42;42;;14.0582;35.8034;2.3764;0.315;3.5549;2.4544;695.1
ENV1;S6;D;6;-43;43;;14.0648;35.8059;1.912;0.2804;3.2055;2.4504;697.76
ENV1;S6;D;6;-44;44;;14.0654;35.8068;2.0099;0.295;2.8893;2.4463;698.42
ENV1;S6;D;6;-45;45;;14.066;35.8068;1.8994;0.283;2.6402;2.444;697.72
ENV1;S6;D;6;-46;46;;14.0664;35.8074;2.0336;0.2832;2.4026;2.4415;696.71
ENV1;S6;D;6;-47;47;;14.0671;35.8078;2.0306;0.3042;2.3258;2.4401;698.86
ENV1;S6;D;6;-48;48;;14.0684;35.8086;1.8962;0.2955;2.211;2.4393;700.29
ENV1;S6;D;6;-49;49;;14.0696;35.809;1.9326;0.2853;2.0563;2.4385;700.87
ENV1;S6;D;6;-50;50;;14.0717;35.8097;1.889;0.2865;1.9034;2.4372;700.77
ENV1;S6;D;6;-51;51;;14.072;35.8097;1.7763;0.2573;1.6048;2.4358;698.04
ENV1;S6;D;6;-52;52;;14.0804;35.8146;1.7664;0.2773;1.5041;2.4354;698.4
ENV1;S6;D;6;-53;53;;14.0875;35.8183;1.653;0.2711;1.4514;2.4336;701.32
ENV1;S6;D;6;-54;54;;14.0898;35.8193;1.5581;0.2672;1.3766;2.4311;703.36
ENV1;S6;D;6;-55;55;;14.0925;35.8206;1.387;0.2653;1.3031;2.4279;704.98
ENV1;S6;D;6;-56;56;;14.0928;35.8214;1.2263;0.2533;1.2207;2.424;704.72
ENV1;S6;D;6;-57;57;;14.09;35.8204;1.0263;0.2175;1.0583;2.4152;703.18
ENV1;S6;D;6;-58;58;;14.0918;35.8235;0.9774;0.2447;1.0053;2.4147;702.86
ENV1;S6;D;6;-59;59;;14.0912;35.8246;0.8985;0.2327;0.95779;2.4101;701.65
ENV1;S6;D;6;-60;60;;14.0908;35.8255;0.8117;0.2295;0.8864;2.4077;704.26
ENV1;S6;D;6;-61;61;;14.092;35.8256;0.724;0.2214;0.8405;2.4031;706.54
ENV1;S6;D;6;-62;62;;14.097;35.8292;0.6099;0.1937;0.83337;2.3985;709.68
ENV1;S6;D;6;-63;62;;14.101;35.8307;0.6358;0.2118;0.78096;2.3982;708.99
ENV1;S6;D;6;-64;63;;14.1056;35.8319;0.6506;0.2257;0.73343;2.3962;709.13
ENV1;S6;D;6;-65;64;;14.1009;35.8301;0.5879;0.2088;0.65789;2.3928;708.29
ENV1;S6;D;6;-66;65;;14.1019;35.8314;0.5906;0.2048;0.62971;2.3915;704.97
ENV1;S6;D;6;-67;66;;14.1017;35.8313;0.5852;0.2219;0.59896;2.3908;708.16
ENV1;S6;D;6;-68;67;;14.1008;35.8309;0.564;0.2218;0.54984;2.3896;712.56
ENV1;S6;D;6;-69;68;;14.1017;35.8312;0.554;0.2139;0.54314;2.3884;714.5
ENV1;S6;D;6;-70;69;;14.1013;35.8312;0.558;0.2196;0.55616;2.3871;715.55
ENV1;S6;D;6;-71;70;;14.098;35.8301;0.5689;0.1986;0.46777;2.3872;714.72
ENV1;S6;D;6;-72;71;;14.0928;35.8291;0.5551;0.2104;0.43845;2.3872;712.75
ENV1;S6;D;6;-73;72;;14.0966;35.8305;0.5707;0.2103;0.43131;2.3868;713.1
ENV1;S6;D;6;-74;73;;14.1007;35.8316;0.5429;0.2093;0.4211;2.3867;714.4
ENV1;S6;D;6;-75;74;;14.1032;35.8322;0.5756;0.2119;0.41441;2.3865;715.57
ENV1;S6;D;6;-76;75;;14.1026;35.8322;0.5801;0.2151;0.39091;2.3855;720.72
ENV1;S6;D;6;-77;76;;14.0964;35.8308;0.5464;0.2109;0.35674;2.3851;723.29
ENV1;S6;D;6;-78;77;;14.0982;35.8309;0.5466;0.2003;0.31143;2.3848;719.86
ENV1;S6;D;6;-79;78;;14.0879;35.8285;0.5367;0.2049;0.29942;2.3857;718.13
ENV1;S6;D;6;-80;79;;14.0815;35.8272;0.5511;0.2089;0.29974;2.3844;717.89
ENV1;S6;D;6;-81;80;;14.0807;35.8273;0.5586;0.2073;0.2936;2.3836;717.77
ENV1;S6;D;6;-82;81;;14.0841;35.8278;0.5737;0.2084;0.27694;2.3835;720.35
ENV1;S6;D;6;-83;82;;14.0832;35.8273;0.582;0.2121;0.23788;2.384;726.54
ENV1;S6;D;6;-84;83;;14.0697;35.8244;0.5534;0.2062;0.21421;2.3832;723.1
ENV1;S6;D;6;-85;84;;14.0538;35.821;0.5891;0.2115;0.21116;2.3816;720.61
ENV1;S6;D;6;-86;85;;14.0429;35.8182;0.5998;0.215;0.20697;2.381;720.2
ENV1;S6;D;6;-87;86;;14.0235;35.8144;0.595;0.213;0.19849;2.381;722.25
ENV1;S6;D;6;-88;87;;14.0096;35.8121;0.562;0.207;0.18522;2.3808;724.72
ENV1;S6;D;6;-89;88;;14.0218;35.8139;0.5642;0.2033;0.15689;2.3811;727.4
ENV1;S6;D;6;-90;89;;14.0057;35.8113;0.492;0.2161;0.13996;2.3808;728.91
ENV1;S6;D;6;-91;90;;14.0025;35.8107;0.5409;0.2429;0.14002;2.3795;728.2
ENV1;S6;D;6;-92;91;;13.9993;35.8102;0.5564;0.2227;0.13808;2.3786;728.18
ENV1;S6;D;6;-93;92;;13.9976;35.81;0.5646;0.2201;0.12901;2.3786;729.98
ENV1;S6;D;6;-94;93;;13.9904;35.8095;0.5208;0.2083;0.12137;2.3786;730.17
ENV1;S6;D;6;-95;94;;13.9936;35.8096;0.5151;0.197;0.10138;2.3785;727.45
ENV1;S6;D;6;-96;95;;13.9892;35.8093;0.4905;0.1988;0.094811;2.3785;729.43
ENV1;S6;D;6;-97;96;;13.9889;35.8094;0.4916;0.2028;0.089062;2.3775;731.01
ENV1;S6;D;6;-98;97;;13.9875;35.8095;0.4714;0.2031;0.079592;2.3767;732.38
ENV1;S6;D;6;-99;98;;13.9857;35.8095;0.4523;0.2062;0.076339;2.3765;734.11
ENV1;S6;D;6;-100;99;;13.9849;35.8097;0.4435;0.2166;0.074772;2.3757;735.73
ENV1;S6;D;6;-101;100;;13.9766;35.8096;0.4262;0.1967;0.064941;2.3726;729.14
ENV1;S6;D;6;-102;101;;13.9621;35.8096;0.396;0.2028;0.052857;2.3705;729.97
ENV1;S6;D;6;-103;102;;13.9434;35.8076;0.3773;0.2039;0.046455;2.3682;732.52
ENV1;S6;D;6;-104;103;;13.93;35.8075;0.357;0.2039;0.039402;2.3661;734.66
ENV1;S6;D;6;-105;104;;13.902;35.8068;0.3358;0.2501;0.033388;2.3633;736.72
ENV1;S6;D;6;-106;105;;13.8608;35.8098;0.2966;0.2448;0.026588;2.36;738.17
ENV1;S6;D;6;-107;106;;13.8584;35.8101;0.2466;0.2347;0.018863;2.3557;738.38
ENV1;S6;D;6;-108;107;;13.8575;35.8103;0.2146;0.206;0.0065707;2.3501;738.96
ENV1;S6;D;6;-109;108;;13.8553;35.81;0.2107;0.2022;0.00023274;2.3434;737.43
ENV1;S6;D;6;-110;109;;13.8521;35.8106;0.21;0.1978;7.33E-07;2.3362;735.41
ENV1;S6;D;6;-111;110;;13.8451;35.8116;0.1877;0.1921;0.0017466;2.3301;730.9
ENV1;S6;D;6;-112;111;;13.8554;35.8107;0.2452;0.1846;0.014974;2.3148;722.05
ENV1;S6;D;6;-113;112;;13.8193;35.8153;0.2227;0.191;0.007622;2.3158;728.45
ENV1;S6;D;6;-114;113;;13.7925;35.8177;0.2055;0.1863;0.002168;2.3154;732.43
ENV1;S6;D;6;-115;114;;13.7724;35.8175;0.1952;0.1891;-0.00002053;2.3135;734.69
ENV1;S6;D;6;-116;115;;13.7609;35.819;0.1738;0.199;1.00E-12;2.3094;736.06
ENV1;S6;D;6;-117;116;;13.7217;35.8219;0.1519;0.1985;1.00E-12;2.3036;736.04
ENV1;S6;D;6;-118;117;;13.5392;35.8326;0.1193;0.1959;1.00E-12;2.2973;736.16
ENV1;S6;D;6;-119;118;;13.4687;35.8334;0.0067;0.1846;1.00E-12;2.2882;737.87
ENV1;S6;D;6;-120;119;;13.4285;35.8314;-0.0257;0.1855;1.00E-12;2.2756;738.16
ENV1;S6;D;6;-121;120;;13.4046;35.8309;-0.0385;0.179;1.00E-12;2.2585;738.16
ENV1;S6;D;6;-122;121;;13.4039;35.8294;-0.0358;0.1669;1.00E-12;2.2389;736.65
ENV1;S6;D;6;-123;122;;13.4005;35.8285;-0.0605;0.1666;1.00E-12;2.2213;733.72
ENV1;S6;D;6;-124;123;;13.3891;35.8282;-0.0538;0.1627;1.00E-12;2.2062;729.97
ENV1;S6;D;6;-125;124;;13.3646;35.8268;-0.0616;0.1727;1.00E-12;2.1869;728.01
ENV1;S6;D;6;-126;125;;13.3297;35.825;-0.0587;0.1792;1.00E-12;2.1815;730.07
ENV1;S6;D;6;-127;126;;13.2842;35.8213;-0.0659;0.1815;1.00E-12;2.176;730.18
ENV1;S6;D;6;-128;127;;13.2116;35.8165;-0.064;0.1804;1.00E-12;2.1704;731.56
ENV1;S6;D;6;-129;128;;13.194;35.8146;-0.0747;0.1826;1.00E-12;2.1662;735.56
ENV1;S6;D;6;-130;129;;13.188;35.8138;-0.0816;0.1795;1.00E-12;2.1629;738.35
ENV1;S6;D;6;-131;130;;13.1847;35.8133;-0.0809;0.186;1.00E-12;2.1601;740.25
ENV1;S6;D;6;-132;131;;13.1847;35.8129;-0.0817;0.1849;1.00E-12;2.1572;740.91
ENV1;S6;D;6;-133;132;;13.1842;35.8125;-0.0839;0.1849;1.00E-12;2.155;739.79
ENV1;S6;D;6;-134;133;;13.182;35.8119;-0.0918;0.1845;1.00E-12;2.1532;737.56
ENV1;S6;D;6;-135;134;;13.1802;35.8114;-0.0874;0.182;1.00E-12;2.1516;735.79
ENV1;S6;D;6;-136;135;;13.1785;35.8109;-0.071;0.1757;1.00E-12;2.1499;734.23
ENV1;S6;D;6;-137;136;;13.1682;35.8096;-0.0844;0.1779;1.00E-12;2.1485;734.41
ENV1;S6;D;6;-138;137;;13.1572;35.8082;-0.0827;0.1902;1.00E-12;2.1471;734.17
ENV1;S6;D;6;-139;138;;13.1476;35.8064;-0.0782;0.1797;1.00E-12;2.1461;732.68
ENV1;S6;D;6;-140;139;;13.0948;35.7993;-0.0792;0.1679;1.00E-12;2.1451;731.75
ENV1;S6;D;6;-141;140;;13.0428;35.7937;-0.0817;0.1691;1.00E-12;2.1436;735.61
ENV1;S6;D;6;-142;141;;13.0308;35.7917;-0.0829;0.1723;1.00E-12;2.1418;736.26
ENV1;S6;D;6;-143;142;;13.0201;35.7903;-0.0817;0.161;1.00E-12;2.1409;736.36
ENV1;S6;D;6;-144;143;;13.0158;35.7894;-0.0824;0.1762;1.00E-12;2.1402;738.22
ENV1;S6;D;6;-145;144;;13.012;35.7887;-0.0905;0.1752;1.00E-12;2.1392;738.28
ENV1;S6;D;6;-146;145;;13.0098;35.7882;-0.0925;0.1754;1.00E-12;2.1384;740.09
ENV1;S6;D;6;-147;146;;13.0045;35.7876;-0.0843;0.1855;1.00E-12;2.1376;740.16
ENV1;S6;D;6;-148;147;;12.9988;35.7861;-0.0832;0.1779;1.00E-12;2.1364;740.66
ENV1;S6;D;6;-149;148;;12.974;35.7831;-0.0824;0.1734;1.00E-12;2.1349;740.15
ENV1;S6;D;6;-150;149;;12.9437;35.7796;-0.0823;0.1663;1.00E-12;2.1337;737.55
ENV1;S6;D;6;-151;150;;12.9361;35.7781;-0.0825;0.1612;1.00E-12;2.1326;735.25
ENV1;S6;D;6;-152;151;;12.9253;35.7758;-0.0877;0.1601;1.00E-12;2.1314;735.43
ENV1;S6;D;6;-153;152;;12.913;35.7738;-0.0861;0.1605;1.00E-12;2.1297;735.95
ENV1;S6;D;6;-154;153;;12.9046;35.7725;-0.095;0.1662;1.00E-12;2.1293;736.34
ENV1;S6;D;6;-155;154;;12.8827;35.7695;-0.0836;0.1777;1.00E-12;2.1287;737.32
ENV1;S6;D;6;-156;155;;12.8675;35.7673;-0.0828;0.1659;1.00E-12;2.1274;738.17
ENV1;S6;D;6;-157;156;;12.8475;35.7647;-0.0826;0.1623;1.00E-12;2.1267;738.16
ENV1;S6;D;6;-158;157;;12.832;35.763;-0.0837;0.1669;1.00E-12;2.1259;738.16
ENV1;S6;D;6;-159;158;;12.8071;35.7609;-0.0817;0.1752;1.00E-12;2.1246;738.16
ENV1;S6;D;6;-160;159;;12.8058;35.7607;-0.0893;0.1671;1.00E-12;2.1232;738.99
ENV1;S6;D;6;-161;160;;12.7987;35.7598;-0.0933;0.1604;1.00E-12;2.1206;739.83
ENV1;S6;D;6;-162;161;;12.7952;35.7592;-0.0829;0.1671;1.00E-12;2.1176;738.94
ENV1;S6;D;6;-163;162;;12.7885;35.7579;-0.0813;0.1617;1.00E-12;2.1128;738.72
ENV1;S6;D;6;-164;163;;12.7873;35.7577;-0.0944;0.1669;1.00E-12;2.1096;738.95
ENV1;S6;D;6;-165;164;;12.7872;35.7575;-0.0837;0.1614;1.00E-12;2.1082;740.15
ENV1;S6;D;6;-166;165;;12.7822;35.7568;-0.0893;0.1604;1.00E-12;2.1072;740.77
ENV1;S6;D;6;-167;166;;12.7776;35.756;-0.0946;0.1852;1.00E-12;2.1057;740.03
ENV1;S6;D;6;-168;167;;12.7709;35.7551;-0.0891;0.194;1.00E-12;2.1038;739.15
ENV1;S6;D;6;-169;168;;12.7614;35.7534;-0.0902;0.1663;1.00E-12;2.1022;739.58
ENV1;S6;D;6;-170;169;;12.7279;35.7491;-0.0887;0.1419;1.00E-12;2.0995;740.04
ENV1;S6;D;6;-171;170;;12.7268;35.7495;-0.0939;0.154;1.00E-12;2.0978;740.15
ENV1;S6;D;6;-172;171;;12.7146;35.7473;-0.0939;0.158;1.00E-12;2.0968;740.15
ENV1;S6;D;6;-173;172;;12.6868;35.7451;-0.0931;0.1601;1.00E-12;2.0954;741.28
ENV1;S6;D;6;-174;173;;12.6778;35.7437;-0.0806;0.1538;1.00E-12;2.0935;740.12
ENV1;S6;D;6;-175;174;;12.6719;35.7429;-0.0857;0.16;1.00E-12;2.0914;739.89
ENV1;S6;D;6;-176;175;;12.6681;35.7423;-0.088;0.1634;1.00E-12;2.0897;739.31
ENV1;S6;D;6;-177;176;;12.6537;35.7404;-0.0966;0.1545;1.00E-12;2.0874;739.95
ENV1;S6;D;6;-178;177;;12.6466;35.7395;-0.0946;0.1544;1.00E-12;2.0857;741.45
ENV1;S6;D;6;-179;178;;12.6348;35.7378;-0.0984;0.1525;1.00E-12;2.0847;744.24
ENV1;S6;D;6;-180;179;;12.6232;35.7367;-0.1071;0.1482;1.00E-12;2.0836;746.18
ENV1;S6;D;6;-181;179;;12.625;35.7359;-0.0914;0.1447;1.00E-12;2.0808;742.87
ENV1;S6;D;6;-182;180;;12.6192;35.7346;-0.0937;0.1419;1.00E-12;2.0785;737.81
ENV1;S6;D;6;-183;181;;12.5869;35.7318;-0.0817;0.1418;1.00E-12;2.078;740.5
ENV1;S6;D;6;-184;182;;12.5777;35.73;-0.0919;0.1462;1.00E-12;2.0768;742.06
ENV1;S6;D;6;-185;183;;12.5647;35.7289;-0.0924;0.1482;1.00E-12;2.0757;743.13
ENV1;S6;D;6;-186;184;;12.5578;35.7276;-0.0814;0.1487;1.00E-12;2.0744;743.9
ENV1;S6;D;6;-187;185;;12.5504;35.7268;-0.0895;0.1517;1.00E-12;2.0735;744.5
ENV1;S6;D;6;-188;186;;12.5477;35.7263;-0.0954;0.154;1.00E-12;2.0721;745.88
ENV1;S6;D;6;-189;187;;12.5408;35.7254;-0.0846;0.154;1.00E-12;2.0712;746.14
ENV1;S6;D;6;-190;188;;12.5374;35.7248;-0.0822;0.1586;1.00E-12;2.0708;746.77
ENV1;S6;D;6;-191;189;;12.5358;35.7242;-0.095;0.1618;1.00E-12;2.0704;747.17
ENV1;S6;D;6;-192;190;;12.5341;35.724;-0.0939;0.148;1.00E-12;2.0697;746.48
ENV1;S6;D;6;-193;191;;12.5261;35.7227;-0.0939;0.1476;1.00E-12;2.0688;745.66
ENV1;S6;D;6;-194;192;;12.5025;35.7203;-0.0933;0.1419;1.00E-12;2.0679;744.91
ENV1;S6;D;6;-195;193;;12.4707;35.717;-0.1056;0.1525;1.00E-12;2.0667;745.06
ENV1;S6;D;6;-196;194;;12.4462;35.7141;-0.0919;0.1479;1.00E-12;2.065;744.41
ENV1;S6;D;6;-197;195;;12.4293;35.7121;-0.0853;0.1463;1.00E-12;2.0637;745.82
ENV1;S6;D;6;-198;196;;12.4202;35.7108;-0.0938;0.1422;1.00E-12;2.0634;747.56
ENV1;S6;D;6;-199;197;;12.415;35.7099;-0.0932;0.1475;1.00E-12;2.0626;748.71
ENV1;S6;D;6;-200;198;;12.4113;35.7092;-0.0939;0.1482;1.00E-12;2.0619;748.6
ENV1;S6;D;6;-201;199;;12.4077;35.7084;-0.0943;0.1487;1.00E-12;2.0614;747.22
ENV1;S6;D;6;-202;200;;12.4034;35.7076;-0.0939;0.1524;1.00E-12;2.0617;746.16
ENV1;S6;D;6;-203;201;;12.403;35.7073;-0.0934;0.1451;1.00E-12;2.0622;747.48
ENV1;S6;D;6;-204;202;;12.401;35.707;-0.0868;0.1462;1.00E-12;2.0628;749.02
ENV1;S6;D;6;-205;203;;12.3989;35.7066;-0.0853;0.1526;1.00E-12;2.0631;750.36
ENV1;S6;D;6;-206;204;;12.3951;35.7059;-0.0851;0.1604;1.00E-12;2.063;752.44
ENV1;S6;D;6;-207;205;;12.3867;35.7047;-0.0926;0.1492;1.00E-12;2.0625;752.9
ENV1;S6;D;6;-208;206;;12.3757;35.7032;-0.0879;0.1521;1.00E-12;2.0621;753.11
ENV1;S6;D;6;-209;207;;12.3671;35.7018;-0.0904;0.1507;1.00E-12;2.0619;752.34
ENV1;S6;D;6;-210;208;;12.3527;35.6995;-0.0868;0.1486;1.00E-12;2.0629;749.8
ENV1;S6;D;6;-211;209;;12.3338;35.6966;-0.0945;0.1529;1.00E-12;2.0646;749.07
ENV1;S6;D;6;-212;210;;12.307;35.6929;-0.0939;0.148;1.00E-12;2.0657;747.59
ENV1;S6;D;6;-213;211;;12.2827;35.69;-0.0939;0.1479;1.00E-12;2.067;748.65
ENV1;S6;D;6;-214;212;;12.2798;35.6893;-0.0859;0.1479;1.00E-12;2.0676;749.91
ENV1;S6;D;6;-215;213;;12.2741;35.6879;-0.0819;0.1498;1.00E-12;2.0687;751.6
ENV1;S6;D;6;-216;214;;12.2549;35.685;-0.0808;0.1538;1.00E-12;2.0713;752.09
ENV1;S6;D;6;-217;215;;12.2295;35.6808;-0.088;0.1448;1.00E-12;2.076;752.92
ENV1;S6;D;6;-218;216;;12.1894;35.6759;-0.0947;0.142;1.00E-12;2.0792;755.58
ENV1;S6;D;6;-219;217;;12.1808;35.6748;-0.0939;0.1418;1.00E-12;2.081;756.98
ENV1;S6;D;6;-220;218;;12.1767;35.6737;-0.1022;0.1424;1.00E-12;2.0824;757.9
ENV1;S6;D;6;-221;219;;12.1684;35.6723;-0.1146;0.1415;1.00E-12;2.0848;757.26
ENV1;S6;D;6;-222;220;;12.1544;35.6703;-0.0938;0.1373;1.00E-12;2.0873;755.64
ENV1;S6;D;6;-223;221;;12.1468;35.6691;-0.0828;0.1672;1.00E-12;2.0897;754.21
ENV1;S6;D;6;-224;222;;12.1397;35.6678;-0.1018;0.1524;1.00E-12;2.0917;753.71
ENV1;S6;D;6;-225;223;;12.134;35.6669;-0.1011;0.1487;1.00E-12;2.0935;752.4
ENV1;S6;D;6;-226;224;;12.1307;35.6664;-0.0944;0.1487;1.00E-12;2.0952;751.12
ENV1;S6;D;6;-227;225;;12.1297;35.6658;-0.0843;0.1457;1.00E-12;2.0974;752
ENV1;S6;D;6;-228;226;;12.1282;35.6653;-0.0903;0.1378;1.00E-12;2.0996;755.08
ENV1;S6;D;6;-229;227;;12.1196;35.6639;-0.1044;0.145;1.00E-12;2.1012;757.17
ENV1;S6;D;6;-230;228;;12.1099;35.6626;-0.0892;0.1544;1.00E-12;2.1022;758.15
ENV1;S6;D;6;-231;229;;12.1079;35.662;-0.086;0.1413;1.00E-12;2.1033;758.68
ENV1;S6;D;6;-232;230;;12.0975;35.6609;-0.0972;0.1425;1.00E-12;2.1038;758.66
ENV1;S6;D;6;-233;231;;12.0797;35.6593;-0.1187;0.1492;1.00E-12;2.1047;758.1
ENV1;S6;D;6;-234;232;;12.0717;35.6586;-0.1022;0.149;1.00E-12;2.1046;757.87
ENV1;S6;D;6;-235;233;;12.0685;35.6585;-0.0845;0.1483;1.00E-12;2.1043;756.74
ENV1;S6;D;6;-236;234;;12.0649;35.6585;-0.0949;0.1492;1.00E-12;2.104;756.13
ENV1;S6;D;6;-237;235;;12.0633;35.6587;-0.0939;0.1479;1.00E-12;2.1032;757.36
ENV1;S6;D;6;-238;236;;12.0623;35.6588;-0.1;0.1464;1.00E-12;2.102;760.59
ENV1;S6;D;6;-239;237;;12.0615;35.6586;-0.0968;0.1425;1.00E-12;2.1001;762
ENV1;S6;D;6;-240;238;;12.0609;35.6585;-0.0838;0.1493;1.00E-12;2.0981;759.22
ENV1;S6;D;6;-241;239;;12.0609;35.6584;-0.0844;0.149;1.00E-12;2.0959;758.17
ENV1;S6;D;6;-242;240;;12.0609;35.6584;-0.0927;0.1496;1.00E-12;2.0942;758.42
ENV1;S6;D;6;-243;241;;12.0609;35.6583;-0.0847;0.152;1.00E-12;2.0932;760.28
ENV1;S6;D;6;-244;242;;12.0604;35.6584;-0.0835;0.1423;1.00E-12;2.0926;761.92
ENV1;S6;D;6;-245;243;;12.0592;35.6586;-0.0969;0.1532;1.00E-12;2.0917;762.01
ENV1;S6;D;6;-246;244;;12.0566;35.6587;-0.0965;0.154;1.00E-12;2.0907;763.05
ENV1;S6;D;6;-247;245;;12.055;35.6588;-0.0945;0.152;1.00E-12;2.0902;762.62
ENV1;S6;D;6;-248;246;;12.0547;35.6588;-0.0939;0.1482;1.00E-12;2.0893;764.09
ENV1;S6;D;6;-249;247;;12.0546;35.6587;-0.0831;0.1482;1.00E-12;2.088;763.8
ENV1;S6;D;6;-250;248;;12.0542;35.6586;-0.1014;0.1439;1.00E-12;2.0858;761.52
ENV1;S6;D;6;-251;249;;12.0535;35.6585;-0.094;0.1442;1.00E-12;2.0834;759.41
ENV1;S6;D;6;-252;250;;12.0538;35.6586;-0.0944;0.1504;1.00E-12;2.0826;761.61
ENV1;S6;D;6;-253;251;;12.0527;35.6587;-0.0932;0.1524;1.00E-12;2.0823;762.13
ENV1;S6;D;6;-254;252;;12.0502;35.6588;-0.0978;0.1576;1.00E-12;2.0816;762.74
ENV1;S6;D;6;-255;253;;12.0477;35.6588;-0.1059;0.1667;1.00E-12;2.0809;764.05
ENV1;S6;D;6;-256;254;;12.0451;35.6587;-0.0891;0.1569;1.00E-12;2.0798;764.34
ENV1;S6;D;6;-257;255;;12.0439;35.6587;-0.0846;0.1551;1.00E-12;2.079;764.21
ENV1;S6;D;6;-258;256;;12.0411;35.6583;-0.0937;0.1604;1.00E-12;2.078;765.81
ENV1;S6;D;6;-259;257;;12.0441;35.6582;-0.0909;0.1405;1.00E-12;2.0753;762.83
ENV1;S6;D;6;-260;258;;12.0392;35.6578;-0.0921;0.1375;1.00E-12;2.0746;762.56
ENV1;S6;D;6;-261;259;;12.0111;35.6553;-0.0947;0.1403;1.00E-12;2.0738;764.28
ENV1;S6;D;6;-262;260;;11.9974;35.6545;-0.083;0.1433;1.00E-12;2.0756;769.56
ENV1;S6;D;7;-5;5;;13.9351;34.5538;1.5589;0.2833;53.349;2.2978;1025.1
ENV1;S6;D;7;-6;6;;13.9876;35.7301;1.6495;0.2876;46.696;2.4657;2114.4
ENV1;S6;D;7;-7;7;;13.9875;35.7736;1.6787;0.288;39.918;2.4703;2140.5
ENV1;S6;D;7;-8;8;;13.9805;35.7738;1.8871;0.3095;34.737;2.4701;2144.7
ENV1;S6;D;7;-9;9;;13.9848;35.7737;2.1369;0.3277;31.317;2.4698;2150.2
ENV1;S6;D;7;-10;10;;13.9893;35.7734;2.0999;0.3232;28.719;2.4703;2140.1
ENV1;S6;D;7;-11;11;;13.9864;35.7737;2.1214;0.3023;25.638;2.4708;2135.5
ENV1;S6;D;7;-12;12;;13.9816;35.7737;2.235;0.3188;23.377;2.4707;2141.8
ENV1;S6;D;7;-13;13;;13.9833;35.7734;2.3222;0.3115;23.206;2.4701;2140.3
ENV1;S6;D;7;-14;14;;13.9819;35.7735;2.2446;0.2978;25.745;2.4705;2127.7
ENV1;S6;D;7;-15;15;;13.9813;35.7737;2.3851;0.303;23.379;2.4708;2137.7
ENV1;S6;D;7;-16;16;;13.9817;35.7737;2.4162;0.324;22.131;2.4707;2107.9
ENV1;S6;D;7;-17;17;;13.9811;35.7736;2.4635;0.3369;24.634;2.4698;2176.8
ENV1;S6;D;7;-18;18;;13.9803;35.7737;2.4484;0.3304;28.785;2.4691;2022
ENV1;S6;D;7;-19;19;;13.9818;35.7736;2.5481;0.3241;28.38;2.468;1801.7
ENV1;S6;D;7;-20;20;;13.9831;35.7736;2.5124;0.328;25.343;2.4665;1458.1
ENV1;S6;D;7;-21;21;;13.9836;35.7736;2.6181;0.3052;32.967;2.4673;1340.4
ENV1;S6;D;7;-22;22;;13.9833;35.7738;2.5005;0.3033;32.366;2.4682;1548.4
ENV1;S6;D;7;-23;23;;13.984;35.7736;2.2394;0.31;29.65;2.4677;1692.7
ENV1;S6;D;7;-24;24;;13.9834;35.7737;2.414;0.3519;29.434;2.4671;1643
ENV1;S6;D;7;-25;25;;13.983;35.7737;2.4215;0.3624;26.606;2.4672;1496.1
ENV1;S6;D;7;-26;26;;13.985;35.7736;2.2978;0.3256;24.599;2.467;1493.3
ENV1;S6;D;7;-27;27;;13.9835;35.7737;2.2348;0.3217;24.941;2.4666;1581.3
ENV1;S6;D;7;-28;28;;13.9823;35.7735;2.266;0.2862;22.744;2.466;1746.6
ENV1;S6;D;7;-29;29;;13.9832;35.7737;2.2426;0.3165;18.229;2.4652;1875.9
ENV1;S6;D;7;-30;30;;13.9819;35.7738;2.1399;0.3059;18.044;2.4638;2019.5
ENV1;S6;D;7;-31;31;;13.9806;35.7743;2.3617;0.3209;17.408;2.4632;1972.2
ENV1;S6;D;7;-32;32;;13.9804;35.7743;2.2481;0.3312;15.864;2.4626;1860.2
ENV1;S6;D;7;-33;33;;13.9796;35.7743;2.3205;0.3353;14.368;2.4615;1680.7
ENV1;S6;D;7;-34;34;;13.9798;35.7743;2.1731;0.3506;12.315;2.459;1625.2
ENV1;S6;D;7;-35;35;;13.9798;35.7743;2.1635;0.3317;12.01;2.4583;1764.3
ENV1;S6;D;7;-36;36;;13.9798;35.7742;2.0608;0.3013;10.856;2.4564;1746
ENV1;S6;D;7;-37;37;;13.9794;35.7743;2.156;0.308;9.8928;2.455;1987.8
ENV1;S6;D;7;-38;38;;13.9802;35.7747;2.1402;0.3187;9.1585;2.4547;1939.7
ENV1;S6;D;7;-39;39;;13.9802;35.7747;2.0826;0.3489;8.4049;2.4544;1869.8
ENV1;S6;D;7;-40;40;;13.9805;35.7749;2.0641;0.3416;7.8294;2.4536;1874.6
ENV1;S6;D;7;-41;41;;13.9809;35.7749;2.0498;0.3219;7.2418;2.4527;1869.2
ENV1;S6;D;7;-42;42;;13.9807;35.7746;2.0883;0.294;6.3635;2.4519;1741.9
ENV1;S6;D;7;-43;43;;13.9808;35.7748;2.1136;0.2964;5.6046;2.4518;1918.9
ENV1;S6;D;7;-44;44;;13.9811;35.775;2.0347;0.3011;5.1065;2.4516;1988.2
ENV1;S6;D;7;-45;45;;13.9815;35.7751;1.9477;0.3105;4.8392;2.4508;2051.6
ENV1;S6;D;7;-46;46;;13.9818;35.7752;2.0699;0.3237;4.6784;2.4496;2095.2
ENV1;S6;D;7;-47;47;;13.9825;35.7755;2.0882;0.3193;4.3462;2.448;2084.9
ENV1;S6;D;7;-48;48;;13.9824;35.7754;2.0487;0.2913;3.8925;2.4464;2069.4
ENV1;S6;D;7;-49;49;;13.9835;35.776;1.9753;0.2936;3.4699;2.4453;2070.8
ENV1;S6;D;7;-50;50;;13.9851;35.7766;2.1015;0.3261;3.121;2.4447;2071
ENV1;S6;D;7;-51;51;;13.9856;35.7769;1.9447;0.3227;2.8986;2.4443;2070.6
ENV1;S6;D;7;-52;52;;13.9861;35.777;1.9435;0.3078;2.7972;2.4424;2072.9
ENV1;S6;D;7;-53;53;;13.9865;35.7771;1.9452;0.2735;2.4456;2.4396;2061.4
ENV1;S6;D;7;-54;54;;13.9866;35.7773;1.8698;0.2919;2.1703;2.4377;2056.6
ENV1;S6;D;7;-55;55;;13.9871;35.7774;1.881;0.308;2.0015;2.437;2059.6
ENV1;S6;D;7;-56;56;;13.9874;35.7774;1.9323;0.3112;1.8662;2.4372;2061.6
ENV1;S6;D;7;-57;57;;13.9877;35.7774;1.8827;0.3005;1.7548;2.437;2064
ENV1;S6;D;7;-58;58;;13.9876;35.7773;1.9038;0.3163;1.6972;2.437;2067.3
ENV1;S6;D;7;-59;59;;13.9876;35.7771;1.823;0.2941;1.5854;2.4366;2073.7
ENV1;S6;D;7;-60;60;;13.9882;35.7776;1.9645;0.2755;1.4071;2.4364;2059.2
ENV1;S6;D;7;-61;61;;13.9883;35.7777;1.9278;0.2869;1.2856;2.4369;2067.4
ENV1;S6;D;7;-62;62;;13.9888;35.778;1.9497;0.3054;1.1285;2.4364;2081.4
ENV1;S6;D;7;-63;62;;13.9908;35.7794;2.1006;0.3015;1.0472;2.4355;2075
ENV1;S6;D;7;-64;63;;13.9925;35.7807;1.91;0.3018;0.96404;2.435;2058
ENV1;S6;D;7;-65;64;;13.9932;35.7811;1.9508;0.2899;0.90357;2.4358;2049.2
ENV1;S6;D;7;-66;65;;13.9907;35.7818;1.7641;0.2958;0.8367;2.4363;2044.9
ENV1;S6;D;7;-67;66;;13.9933;35.7838;1.6354;0.2991;0.78315;2.4364;2046.2
ENV1;S6;D;7;-68;67;;13.9927;35.783;1.6548;0.271;0.71337;2.4296;2061.8
ENV1;S6;D;7;-69;68;;13.9919;35.784;1.7518;0.2759;0.61314;2.4258;2053.1
ENV1;S6;D;7;-70;69;;13.9938;35.7861;1.6393;0.2764;0.56171;2.425;2064.1
ENV1;S6;D;7;-71;70;;13.9896;35.7881;1.5529;0.2775;0.51995;2.4245;2069.3
ENV1;S6;D;7;-72;71;;13.9866;35.7883;1.1397;0.2649;0.48336;2.4212;2060.9
ENV1;S6;D;7;-73;72;;13.9846;35.7894;0.9587;0.2393;0.46676;2.4134;2047.5
ENV1;S6;D;7;-74;73;;13.9843;35.792;0.8898;0.2582;0.43438;2.4097;2047.4
ENV1;S6;D;7;-75;74;;13.9908;35.7966;0.9257;0.2449;0.40879;2.4058;2051.5
ENV1;S6;D;7;-76;75;;13.9915;35.7973;1.0895;0.2455;0.38664;2.4014;2050.9
ENV1;S6;D;7;-77;76;;13.9898;35.7979;0.9687;0.2333;0.3526;2.3998;2063.4
ENV1;S6;D;7;-78;77;;13.9903;35.7995;0.9739;0.2269;0.31019;2.3988;2068
ENV1;S6;D;7;-79;78;;13.9904;35.8001;1.0023;0.2272;0.27786;2.3989;2056.9
ENV1;S6;D;7;-80;79;;13.9921;35.8008;1.0016;0.2327;0.25152;2.3984;2052.1
ENV1;S6;D;7;-81;80;;13.9921;35.8006;0.9503;0.2308;0.23598;2.3977;2053.8
ENV1;S6;D;7;-82;81;;13.9937;35.8017;0.8852;0.2269;0.21423;2.3963;2058.3
ENV1;S6;D;7;-83;82;;13.9939;35.8011;0.7984;0.2178;0.22803;2.3943;2063.9
ENV1;S6;D;7;-84;83;;13.996;35.803;0.8811;0.2134;0.20458;2.3946;2046.5
ENV1;S6;D;7;-85;84;;13.9979;35.8052;0.8346;0.215;0.19422;2.3945;2054.2
ENV1;S6;D;7;-86;85;;13.9949;35.8062;0.7469;0.2194;0.17848;2.3937;2057.6
ENV1;S6;D;7;-87;86;;13.9951;35.8072;0.6192;0.227;0.16524;2.3927;2060.1
ENV1;S6;D;7;-88;87;;13.9892;35.8062;0.5408;0.214;0.15998;2.3897;2065.6
ENV1;S6;D;7;-89;88;;13.9865;35.8061;0.4632;0.1944;0.16223;2.3842;2073.9
ENV1;S6;D;7;-90;89;;13.9738;35.8042;0.4477;0.1967;0.14195;2.3815;2065.8
ENV1;S6;D;7;-91;90;;13.9302;35.7966;0.4375;0.1868;0.12119;2.3781;2068.3
ENV1;S6;D;7;-92;91;;13.9074;35.796;0.4032;0.1974;0.10601;2.377;2060.2
ENV1;S6;D;7;-93;92;;13.9124;35.7961;0.3683;0.2088;0.093925;2.3755;2052.4
ENV1;S6;D;7;-94;93;;13.9085;35.7963;0.3617;0.2025;0.081458;2.374;2051.4
ENV1;S6;D;7;-95;94;;13.9077;35.7965;0.3501;0.1956;0.083619;2.3717;2053.2
ENV1;S6;D;7;-96;95;;13.9113;35.7968;0.3532;0.1899;0.096518;2.3685;2063
ENV1;S6;D;7;-97;96;;13.8988;35.7963;0.3448;0.2031;0.088088;2.3677;2059.3
ENV1;S6;D;7;-98;97;;13.8689;35.7913;0.3464;0.1958;0.081988;2.3655;2052.1
ENV1;S6;D;7;-99;98;;13.8699;35.7906;0.3199;0.1934;0.060653;2.3608;2068.1
ENV1;S6;D;7;-100;99;;13.8435;35.7852;0.3319;0.2262;0.051133;2.3601;2058.7
ENV1;S6;D;7;-101;100;;13.805;35.7797;0.3146;0.2137;0.04461;2.3588;2050.2
ENV1;S6;D;7;-102;101;;13.8043;35.7815;0.3018;0.2057;0.035048;2.357;2044.7
ENV1;S6;D;7;-103;102;;13.8116;35.784;0.2836;0.1972;0.028042;2.355;2044.2
ENV1;S6;D;7;-104;103;;13.8174;35.7859;0.2617;0.1915;0.022171;2.3531;2045.7
ENV1;S6;D;7;-105;104;;13.8252;35.7884;0.2534;0.1911;0.01766;2.3515;2049
ENV1;S6;D;7;-106;105;;13.8181;35.7887;0.2343;0.1906;0.026846;2.3508;2046.7
ENV1;S6;D;7;-107;106;;13.8173;35.788;0.2679;0.1859;0.033067;2.3439;2050.5
ENV1;S6;D;7;-108;107;;13.7966;35.7891;0.2585;0.1899;0.024397;2.342;2060.4
ENV1;S6;D;7;-109;108;;13.7842;35.7897;0.2336;0.1974;0.016983;2.3407;2066.2
ENV1;S6;D;7;-110;109;;13.7839;35.7902;0.2212;0.2028;0.0094734;2.3381;2071.1
ENV1;S6;D;7;-111;110;;13.7788;35.7914;0.2158;0.2028;0.0024037;2.3351;2069.5
ENV1;S6;D;7;-112;111;;13.7621;35.7936;0.2081;0.2028;0.0033898;2.3317;2060.2
ENV1;S6;D;7;-113;112;;13.7493;35.7963;0.1994;0.2028;0.0018494;2.3284;2045.8
ENV1;S6;D;7;-114;113;;13.7398;35.7967;0.1961;0.2028;0.0043101;2.3249;2034
ENV1;S6;D;7;-115;114;;13.7347;35.7966;0.1962;0.2028;0.0010287;2.3199;2034.3
ENV1;S6;D;7;-116;115;;13.7272;35.7972;0.1656;0.2028;0.00014912;2.3146;2041.1
ENV1;S6;D;7;-117;116;;13.6849;35.8052;0.154;0.1945;0.000043249;2.3085;2052.7
ENV1;S6;D;7;-118;117;;13.7115;35.8012;0.1084;0.2007;0.000078721;2.2934;2039.9
ENV1;S6;D;7;-119;118;;13.6641;35.8075;0.1409;0.179;-0.000003102;2.2851;2020.7
ENV1;S6;D;7;-120;119;;13.6261;35.8104;0.1026;0.1844;1.00E-12;2.2846;2029.8
ENV1;S6;D;7;-121;120;;13.6086;35.815;0.0991;0.1959;1.00E-12;2.2795;2039
ENV1;S6;D;7;-122;121;;13.61;35.8162;0.0841;0.1922;1.00E-12;2.2729;2047.9
ENV1;S6;D;7;-123;122;;13.6091;35.8175;0.0643;0.1843;1.00E-12;2.265;2049.7
ENV1;S6;D;7;-124;123;;13.5968;35.8193;0.0544;0.205;1.00E-12;2.2578;2045.1
ENV1;S6;D;7;-125;124;;13.5798;35.8209;0.0353;0.1902;1.00E-12;2.2469;2037.3
ENV1;S6;D;7;-126;125;;13.544;35.8232;0.0384;0.1844;1.00E-12;2.2359;2040.3
ENV1;S6;D;7;-127;126;;13.5175;35.8252;0.0181;0.185;1.00E-12;2.2284;2039
ENV1;S6;D;7;-128;127;;13.4958;35.8269;-0.0034;0.1876;1.00E-12;2.2219;2030.4
ENV1;S6;D;7;-129;128;;13.444;35.8284;0.0021;0.1965;1.00E-12;2.2157;2022.1
ENV1;S6;D;7;-130;129;;13.4095;35.8262;-0.0406;0.1847;1.00E-12;2.2096;2025.3
ENV1;S6;D;7;-131;130;;13.3793;35.8246;-0.0474;0.1982;1.00E-12;2.2027;2038.7
ENV1;S6;D;7;-132;131;;13.3571;35.8227;-0.0415;0.197;1.00E-12;2.1957;2051.4
ENV1;S6;D;7;-133;132;;13.324;35.8208;-0.0339;0.191;1.00E-12;2.1889;2050.4
ENV1;S6;D;7;-134;133;;13.2824;35.8171;-0.0462;0.1909;1.00E-12;2.1829;2034
ENV1;S6;D;7;-135;134;;13.2704;35.8165;-0.0742;0.1903;1.00E-12;2.1768;2021.3
ENV1;S6;D;7;-136;135;;13.2534;35.8144;-0.0758;0.1736;1.00E-12;2.1714;2023.8
ENV1;S6;D;7;-137;136;;13.237;35.8127;-0.0763;0.1819;1.00E-12;2.1667;2034.9
ENV1;S6;D;7;-138;137;;13.228;35.8118;-0.0694;0.1787;1.00E-12;2.1625;2035.4
ENV1;S6;D;7;-139;138;;13.2201;35.8107;-0.0838;0.171;1.00E-12;2.159;2029.9
ENV1;S6;D;7;-140;139;;13.2149;35.8101;-0.0823;0.182;1.00E-12;2.1573;2030
ENV1;S6;D;7;-141;140;;13.2109;35.8099;-0.081;0.1916;1.00E-12;2.1556;2029.5
ENV1;S6;D;7;-142;141;;13.209;35.8096;-0.0874;0.197;1.00E-12;2.1538;2030.6
ENV1;S6;D;7;-143;142;;13.205;35.8093;-0.0875;0.2018;1.00E-12;2.1528;2027.9
ENV1;S6;D;7;-144;143;;13.1968;35.809;-0.0884;0.1842;1.00E-12;2.1517;2021.2
ENV1;S6;D;7;-145;144;;13.1774;35.8066;-0.089;0.1817;1.00E-12;2.1508;2020.3
ENV1;S6;D;7;-146;145;;13.1324;35.8037;-0.0875;0.1829;1.00E-12;2.1493;2020.1
ENV1;S6;D;7;-147;146;;13.1226;35.8025;-0.088;0.1796;1.00E-12;2.1471;2022.9
ENV1;S6;D;7;-148;147;;13.1159;35.8012;-0.0884;0.1892;1.00E-12;2.1451;2027.7
ENV1;S6;D;7;-149;148;;13.1069;35.7995;-0.087;0.182;1.00E-12;2.1434;2024.6
ENV1;S6;D;7;-150;149;;13.0989;35.7985;-0.0901;0.1813;1.00E-12;2.1421;2018.8
ENV1;S6;D;7;-151;150;;13.0872;35.7968;-0.0949;0.1818;1.00E-12;2.1415;2021.6
ENV1;S6;D;7;-152;151;;13.0717;35.7949;-0.086;0.1843;1.00E-12;2.14;2024.7
ENV1;S6;D;7;-153;152;;13.0638;35.7935;-0.0847;0.192;1.00E-12;2.1392;2025.8
ENV1;S6;D;7;-154;153;;13.0578;35.7928;-0.0855;0.1746;1.00E-12;2.1383;2023.5
ENV1;S6;D;7;-155;154;;13.0542;35.7919;-0.0884;0.1817;1.00E-12;2.1384;2021.8
ENV1;S6;D;7;-156;155;;13.0527;35.7917;-0.0779;0.1846;1.00E-12;2.1373;2017.3
ENV1;S6;D;7;-157;156;;13.0527;35.7914;-0.0797;0.1862;1.00E-12;2.1368;2015.1
ENV1;S6;D;7;-158;157;;13.051;35.7912;-0.0859;0.1906;1.00E-12;2.136;2018
ENV1;S6;D;7;-159;158;;13.0454;35.7904;-0.086;0.1811;1.00E-12;2.1355;2021.6
ENV1;S6;D;7;-160;159;;13.0344;35.7888;-0.0874;0.1783;1.00E-12;2.1349;2025.3
ENV1;S6;D;7;-161;160;;13.0232;35.7876;-0.0869;0.1723;1.00E-12;2.1339;2024.6
ENV1;S6;D;7;-162;161;;13.0201;35.7864;-0.0877;0.1729;1.00E-12;2.1328;2016.2
ENV1;S6;D;7;-163;162;;12.9989;35.7845;-0.0891;0.1725;1.00E-12;2.1327;2020.8
ENV1;S6;D;7;-164;163;;12.9961;35.7841;-0.0898;0.1731;1.00E-12;2.1322;2021.9
ENV1;S6;D;7;-165;164;;12.9942;35.7839;-0.0945;0.1737;1.00E-12;2.1307;2018.5
ENV1;S6;D;7;-166;165;;12.9856;35.7823;-0.0867;0.1665;1.00E-12;2.1296;2018.8
ENV1;S6;D;7;-167;166;;12.94;35.7765;-0.0926;0.1693;1.00E-12;2.1289;2020.7
ENV1;S6;D;7;-168;167;;12.9041;35.7737;-0.094;0.1743;1.00E-12;2.1279;2024.8
ENV1;S6;D;7;-169;168;;12.8871;35.7705;-0.1079;0.1668;1.00E-12;2.1262;2028.5
ENV1;S6;D;7;-170;169;;12.8781;35.769;-0.0971;0.1664;1.00E-12;2.123;2025.3
ENV1;S6;D;7;-171;170;;12.867;35.7669;-0.0878;0.1538;1.00E-12;2.1203;2016.6
ENV1;S6;D;7;-172;171;;12.8523;35.7647;-0.0863;0.1665;1.00E-12;2.1191;2014.9
ENV1;S6;D;7;-173;172;;12.8203;35.7612;-0.0884;0.1665;1.00E-12;2.1176;2019
ENV1;S6;D;7;-174;173;;12.8193;35.761;-0.086;0.1705;1.00E-12;2.1158;2025.3
ENV1;S6;D;7;-175;174;;12.8178;35.7601;-0.0879;0.1742;1.00E-12;2.1146;2029.6
ENV1;S6;D;7;-176;175;;12.8193;35.76;-0.0923;0.1502;1.00E-12;2.1133;2021.2
ENV1;S6;D;7;-177;176;;12.8197;35.76;-0.0877;0.1613;1.00E-12;2.1125;2014.8
ENV1;S6;D;7;-178;177;;12.8183;35.7595;-0.0875;0.1662;1.00E-12;2.1122;2016.6
ENV1;S6;D;7;-179;178;;12.8133;35.7589;-0.0897;0.1765;1.00E-12;2.1115;2022.1
ENV1;S6;D;7;-180;179;;12.812;35.7586;-0.1024;0.1677;1.00E-12;2.1108;2026
ENV1;S6;D;7;-181;179;;12.8152;35.759;-0.104;0.1585;1.00E-12;2.1103;2025.5
ENV1;S6;D;7;-182;180;;12.8117;35.7581;-0.0879;0.154;1.00E-12;2.1097;2022.4
ENV1;S6;D;7;-183;181;;12.8051;35.7574;-0.0938;0.1593;1.00E-12;2.1093;2020.1
ENV1;S6;D;7;-184;182;;12.7829;35.7542;-0.0911;0.1601;1.00E-12;2.1086;2017.1
ENV1;S6;D;7;-185;183;;12.7655;35.7527;-0.0877;0.1601;1.00E-12;2.1074;2016.2
ENV1;S6;D;7;-186;184;;12.7479;35.7506;-0.0919;0.1564;1.00E-12;2.1059;2018
ENV1;S6;D;7;-187;185;;12.7318;35.7486;-0.093;0.1578;1.00E-12;2.1037;2017.6
ENV1;S6;D;7;-188;186;;12.7232;35.7472;-0.0867;0.157;1.00E-12;2.1014;2021
ENV1;S6;D;7;-189;187;;12.7152;35.7458;-0.0923;0.1629;1.00E-12;2.0997;2025
ENV1;S6;D;7;-190;188;;12.6956;35.7435;-0.0962;0.1646;1.00E-12;2.0982;2027.5
ENV1;S6;D;7;-191;189;;12.6883;35.7424;-0.0939;0.1601;1.00E-12;2.0972;2026.2
ENV1;S6;D;7;-192;190;;12.6796;35.7412;-0.0951;0.1542;1.00E-12;2.0959;2023.6
ENV1;S6;D;7;-193;191;;12.6793;35.7412;-0.0886;0.154;1.00E-12;2.0948;2020.3
ENV1;S6;D;7;-194;192;;12.6774;35.7404;-0.0918;0.154;1.00E-12;2.0931;2015
ENV1;S6;D;7;-195;193;;12.6744;35.7401;-0.096;0.154;1.00E-12;2.0926;2013.9
ENV1;S6;D;7;-196;194;;12.6697;35.7389;-0.0909;0.165;1.00E-12;2.0911;2014.6
ENV1;S6;D;7;-197;195;;12.6557;35.7374;-0.0906;0.1616;1.00E-12;2.0894;2017.3
ENV1;S6;D;7;-198;196;;12.6524;35.7365;-0.0983;0.1407;1.00E-12;2.0876;2029.4
ENV1;S6;D;7;-199;197;;12.6212;35.7335;-0.0879;0.1533;1.00E-12;2.0884;2023.7
ENV1;S6;D;7;-200;198;;12.6081;35.7319;-0.0901;0.154;1.00E-12;2.0877;2022.1
ENV1;S6;D;7;-201;199;;12.5981;35.731;-0.0945;0.1546;1.00E-12;2.0863;2018.3
ENV1;S6;D;7;-202;200;;12.5897;35.7299;-0.1098;0.1604;1.00E-12;2.0843;2014.8
ENV1;S6;D;7;-203;201;;12.5841;35.7294;-0.0967;0.1551;1.00E-12;2.082;2013.3
ENV1;S6;D;7;-204;202;;12.5826;35.7291;-0.0953;0.154;1.00E-12;2.0804;2016.6
ENV1;S6;D;7;-205;203;;12.5791;35.7286;-0.0896;0.154;1.00E-12;2.0782;2024.3
ENV1;S6;D;7;-206;204;;12.5775;35.7282;-0.0977;0.1527;1.00E-12;2.0754;2029.8
ENV1;S6;D;7;-207;205;;12.574;35.728;-0.1092;0.1482;1.00E-12;2.0745;2015.7
ENV1;S6;D;7;-208;206;;12.5732;35.7278;-0.0939;0.154;1.00E-12;2.0739;2006.6
ENV1;S6;D;7;-209;207;;12.5712;35.7276;-0.0939;0.1643;1.00E-12;2.0729;2004.2
ENV1;S6;D;7;-210;208;;12.5706;35.7274;-0.0946;0.1722;1.00E-12;2.0723;2009.4
ENV1;S6;D;7;-211;209;;12.5675;35.727;-0.0972;0.1598;1.00E-12;2.0711;2017.6
ENV1;S6;D;7;-212;210;;12.5649;35.7267;-0.1046;0.1527;1.00E-12;2.0698;2023.9
ENV1;S6;D;7;-213;211;;12.5624;35.7263;-0.0978;0.1534;1.00E-12;2.0685;2013.8
ENV1;S6;D;7;-214;212;;12.5596;35.7257;-0.087;0.1652;1.00E-12;2.0681;2003.4
ENV1;S6;D;7;-215;213;;12.5472;35.7247;-0.0927;0.1631;1.00E-12;2.0675;2016.6
ENV1;S6;D;7;-216;214;;12.5396;35.7238;-0.0966;0.156;1.00E-12;2.0674;2025.1
ENV1;S6;D;7;-217;215;;12.5393;35.7236;-0.0953;0.1601;1.00E-12;2.0663;2026.1
ENV1;S6;D;7;-218;216;;12.5336;35.7226;-0.0953;0.1547;1.00E-12;2.0651;2024.3
ENV1;S6;D;7;-219;217;;12.5176;35.7211;-0.0895;0.1543;1.00E-12;2.0644;2020.4
ENV1;S6;D;7;-220;218;;12.5133;35.7208;-0.0884;0.154;1.00E-12;2.0628;2020.6
ENV1;S6;D;7;-221;219;;12.5033;35.7193;-0.0881;0.154;1.00E-12;2.0616;2021.2
ENV1;S6;D;7;-222;220;;12.4993;35.719;-0.0943;0.154;1.00E-12;2.0604;2017.7
ENV1;S6;D;7;-223;221;;12.496;35.7183;-0.0959;0.1525;1.00E-12;2.0598;2016.4
ENV1;S6;D;7;-224;222;;12.489;35.7176;-0.0964;0.1538;1.00E-12;2.0586;2016.4
ENV1;S6;D;7;-225;223;;12.4817;35.7165;-0.0955;0.1647;1.00E-12;2.0576;2015.8
ENV1;S6;D;7;-226;224;;12.473;35.7155;-0.0927;0.16;1.00E-12;2.0571;2012.5
ENV1;S6;D;7;-227;225;;12.4673;35.7148;-0.0876;0.1601;1.00E-12;2.0572;2015.5
ENV1;S6;D;7;-228;226;;12.4619;35.7142;-0.0945;0.1545;1.00E-12;2.0562;2019.7
ENV1;S6;D;7;-229;227;;12.4574;35.7135;-0.0932;0.1632;1.00E-12;2.055;2021.2
ENV1;S6;D;7;-230;228;;12.455;35.7131;-0.0884;0.1525;1.00E-12;2.054;2016.9
ENV1;S6;D;7;-231;229;;12.4454;35.712;-0.094;0.1487;1.00E-12;2.0534;2014.9
ENV1;S6;D;7;-232;230;;12.4405;35.7116;-0.0881;0.154;1.00E-12;2.0528;2016
ENV1;S6;D;7;-233;231;;12.4403;35.7114;-0.0912;0.154;1.00E-12;2.0516;2019.4
ENV1;S6;D;7;-234;232;;12.4364;35.7109;-0.0946;0.1492;1.00E-12;2.051;2023.5
ENV1;S6;D;7;-235;233;;12.4337;35.7105;-0.0962;0.1425;1.00E-12;2.0501;2023.9
ENV1;S6;D;7;-236;234;;12.4285;35.7097;-0.1033;0.1501;1.00E-12;2.0496;2022.5
ENV1;S6;D;7;-237;235;;12.4229;35.7089;-0.0883;0.1399;1.00E-12;2.0496;2025.4
ENV1;S6;D;7;-238;236;;12.4216;35.7088;-0.0941;0.1547;1.00E-12;2.0498;2021.1
ENV1;S6;D;7;-239;237;;12.4158;35.7081;-0.0946;0.1597;1.00E-12;2.0494;2014.2
ENV1;S6;D;7;-240;238;;12.4074;35.7072;-0.0892;0.1511;1.00E-12;2.0489;2010.9
ENV1;S6;D;7;-241;239;;12.3992;35.7064;-0.0889;0.1419;1.00E-12;2.0484;2008.5
ENV1;S6;D;7;-242;240;;12.396;35.7061;-0.0933;0.1481;1.00E-12;2.0478;2007
ENV1;S6;D;7;-243;241;;12.3931;35.7056;-0.1021;0.1542;1.00E-12;2.0466;2007.9
ENV1;S6;D;7;-244;242;;12.3893;35.7052;-0.1093;0.1606;1.00E-12;2.0461;2010.4
ENV1;S6;D;7;-245;243;;12.3903;35.7051;-0.0892;0.1548;1.00E-12;2.0454;2015.6
ENV1;S6;D;7;-246;244;;12.3873;35.7042;-0.104;0.1342;1.00E-12;2.0456;2024.8
ENV1;S6;D;7;-247;245;;12.3758;35.7035;-0.0853;0.1675;1.00E-12;2.0463;2008.7
ENV1;S6;D;7;-248;246;;12.3753;35.7032;-0.0853;0.1514;1.00E-12;2.046;2009.4
ENV1;S6;D;7;-249;247;;12.3691;35.7025;-0.0895;0.1415;1.00E-12;2.0451;2017.5
ENV1;S6;D;7;-250;248;;12.3692;35.7024;-0.0953;0.148;1.00E-12;2.0447;2029.3
ENV1;S6;D;7;-251;249;;12.3701;35.7024;-0.0963;0.1516;1.00E-12;2.0438;2037.1
ENV1;S6;D;7;-252;250;;12.3695;35.702;-0.0954;0.1328;1.00E-12;2.0434;2024.2
ENV1;S6;D;7;-253;251;;12.3663;35.7018;-0.1064;0.1368;1.00E-12;2.0438;2008.1
ENV1;S6;D;7;-254;252;;12.3638;35.7013;-0.0933;0.1421;1.00E-12;2.0435;2001.5
ENV1;S6;D;7;-255;253;;12.3586;35.7007;-0.1059;0.1508;1.00E-12;2.0431;2002.1
ENV1;S6;D;7;-256;254;;12.3546;35.7001;-0.1095;0.1545;1.00E-12;2.0431;2009.4
ENV1;S6;D;7;-257;255;;12.3356;35.6982;-0.0942;0.1602;1.00E-12;2.0426;2014.8
ENV1;S6;D;7;-258;256;;12.3292;35.6977;-0.0962;0.1485;1.00E-12;2.0422;2019.4
ENV1;S6;D;7;-259;257;;12.3304;35.6975;-0.0936;0.1456;1.00E-12;2.0414;2022.2
ENV1;S6;D;7;-260;258;;12.3362;35.6976;-0.09;0.1502;1.00E-12;2.0424;2030.4
ENV1;S6;D;7;-261;259;;12.3307;35.6968;-0.091;0.1449;1.00E-12;2.0414;2021.5
ENV1;S6;D;7;-262;260;;12.3295;35.6964;-0.0896;0.1473;1.00E-12;2.0426;2002
ENV1;S6;D;8;-7;7;;14.0736;35.5603;1.6204;0.2598;140.02;2.4274;2084.6
ENV1;S6;D;8;-8;8;;14.067;35.7851;1.6038;0.3082;147.27;2.4683;2170.2
ENV1;S6;D;8;-9;9;;14.0658;35.7907;1.4837;0.2565;143.35;2.469;2154.9
ENV1;S6;D;8;-10;10;;14.0647;35.7915;1.5822;0.2669;130.47;2.4688;2237
ENV1;S6;D;8;-11;11;;14.0636;35.7919;1.6057;0.2716;149.92;2.4691;2388.9
ENV1;S6;D;8;-12;12;;14.0572;35.7927;1.6502;0.2584;115.18;2.468;2508
ENV1;S6;D;8;-13;13;;14.0527;35.7936;1.6049;0.2545;206.71;2.4669;2527.1
ENV1;S6;D;8;-14;14;;14.0577;35.7933;1.9328;0.2757;167.87;2.4667;2522.4
ENV1;S6;D;8;-15;15;;14.056;35.7937;1.8399;0.2741;135.23;2.4667;2519.4
ENV1;S6;D;8;-16;16;;14.0551;35.7937;1.8511;0.2718;103.64;2.4657;2512.5
ENV1;S6;D;8;-17;17;;14.0483;35.7936;2.021;0.2594;80.906;2.4651;2510.7
ENV1;S6;D;8;-18;18;;14.0404;35.7939;2.0182;0.2678;85.619;2.4648;2507.5
ENV1;S6;D;8;-19;19;;14.0398;35.7935;2.0903;0.2593;78.417;2.4634;2498.4
ENV1;S6;D;8;-20;20;;14.0326;35.793;2.062;0.2787;69.228;2.463;2495.7
ENV1;S6;D;8;-21;21;;14.0339;35.793;2.0301;0.27;70.188;2.4633;2498.6
ENV1;S6;D;8;-22;22;;14.0362;35.7929;2.0948;0.2583;66.316;2.4636;2495.5
ENV1;S6;D;8;-23;23;;14.0355;35.7931;1.9929;0.2734;60.755;2.4638;2499.7
ENV1;S6;D;8;-24;24;;14.0341;35.793;2.6348;0.32;56.187;2.4626;2500.8
ENV1;S6;D;8;-25;25;;14.0295;35.7921;1.8201;0.2805;45.3;2.4619;2498.9
ENV1;S6;D;8;-26;26;;14.0301;35.7915;2.0931;0.2682;50.82;2.4616;2469.2
ENV1;S6;D;8;-27;27;;14.0262;35.7918;2.2113;0.2758;56.626;2.4615;2461.3
ENV1;S6;D;8;-28;28;;14.0274;35.7917;2.1518;0.2757;49.506;2.4614;2469.1
ENV1;S6;D;8;-29;29;;14.0266;35.7915;2.0617;0.271;40.828;2.4609;2471.5
ENV1;S6;D;8;-30;30;;14.0267;35.7913;2.2057;0.2565;40.841;2.4622;2470.5
ENV1;S6;D;8;-31;31;;14.0204;35.7903;2.0923;0.2752;38.879;2.4618;2473.2
ENV1;S6;D;8;-32;32;;14.0146;35.7894;2.1607;0.338;34.093;2.4603;2471.9
ENV1;S6;D;8;-33;33;;14.0131;35.7891;2.1527;0.3144;33.093;2.459;2434.3
ENV1;S6;D;8;-34;34;;14.0132;35.7891;2.1496;0.2599;29.342;2.4593;2415.8
ENV1;S6;D;8;-35;35;;14.0128;35.789;2.1562;0.266;24.23;2.4592;2361.5
ENV1;S6;D;8;-36;36;;14.0118;35.789;2.2278;0.2573;22.903;2.4575;1904.1
ENV1;S6;D;8;-37;37;;14.0112;35.789;2.3981;0.3108;21.221;2.4572;2009.5
ENV1;S6;D;8;-38;38;;14.0118;35.789;2.2269;0.2809;19.458;2.456;2034.9
ENV1;S6;D;8;-39;39;;14.0119;35.789;2.2189;0.2796;18.392;2.4551;2032.8
ENV1;S6;D;8;-40;40;;14.0117;35.7889;2.0235;0.2586;17.633;2.4549;2058.8
ENV1;S6;D;8;-41;41;;14.0108;35.7887;2.1403;0.2495;15.405;2.4541;2348.4
ENV1;S6;D;8;-42;42;;14.0106;35.789;2.069;0.2459;14.868;2.4536;2473.8
ENV1;S6;D;8;-43;43;;14.011;35.789;2.1472;0.3226;13.611;2.453;2460.5
ENV1;S6;D;8;-44;44;;14.0108;35.789;2.1449;0.2814;12.934;2.4528;2441.9
ENV1;S6;D;8;-45;45;;14.0109;35.7888;2.2661;0.2789;11.5;2.452;2357.4
ENV1;S6;D;8;-46;46;;14.011;35.7888;2.1913;0.2872;10.305;2.4519;2341.3
ENV1;S6;D;8;-47;47;;14.0107;35.7888;1.9362;0.2427;9.5435;2.4506;2363.9
ENV1;S6;D;8;-48;48;;14.0098;35.7889;1.8704;0.2589;8.5704;2.4504;2360.1
ENV1;S6;D;8;-49;49;;14.01;35.7888;1.8624;0.281;8.0058;2.4487;2334.6
ENV1;S6;D;8;-50;50;;14.0106;35.7889;2.3675;0.2425;7.7102;2.4484;2249.6
ENV1;S6;D;8;-51;51;;14.0102;35.7891;2.2353;0.2525;6.977;2.4485;2258
ENV1;S6;D;8;-52;52;;14.0107;35.7892;1.7775;0.2572;6.3743;2.4472;2261.8
ENV1;S6;D;8;-53;53;;14.0103;35.789;1.9057;0.2784;6.09;2.4461;2259.4
ENV1;S6;D;8;-54;54;;14.0111;35.789;2.0337;0.246;5.1342;2.4441;2375.7
ENV1;S6;D;8;-55;55;;14.0111;35.7892;1.9971;0.2678;4.9834;2.4432;2322.4
ENV1;S6;D;8;-56;56;;14.011;35.789;2.0824;0.2944;4.771;2.4427;2293.9
ENV1;S6;D;8;-57;57;;14.0108;35.789;1.9792;0.2776;4.4081;2.4422;2318.9
ENV1;S6;D;8;-58;58;;14.0109;35.789;1.9141;0.2623;3.9936;2.4419;2303.1
ENV1;S6;D;8;-59;59;;14.0109;35.789;1.7975;0.2828;3.6068;2.4416;2293.2
ENV1;S6;D;8;-60;60;;14.0108;35.7888;1.9153;0.2474;3.1312;2.4416;2210.5
ENV1;S6;D;8;-61;61;;14.0116;35.7894;1.8957;0.2951;2.9427;2.4416;2075.5
ENV1;S6;D;8;-62;62;;14.0126;35.7899;1.8146;0.2854;2.7117;2.441;2067.6
ENV1;S6;D;8;-63;62;;14.0128;35.7898;1.8051;0.2793;2.5114;2.4401;2031.8
ENV1;S6;D;8;-64;63;;14.0127;35.7896;1.9159;0.2613;2.2548;2.4392;2163.3
ENV1;S6;D;8;-65;64;;14.0133;35.7901;1.8908;0.2562;1.952;2.4396;2220.7
ENV1;S6;D;8;-66;65;;14.0129;35.7897;1.8705;0.2685;1.8502;2.4398;2126.1
ENV1;S6;D;8;-67;66;;14.0135;35.7901;1.8689;0.2685;1.7221;2.4399;2177.4
ENV1;S6;D;8;-68;67;;14.0138;35.7903;1.9864;0.2746;1.5691;2.4397;2173.4
ENV1;S6;D;8;-69;68;;14.0141;35.7904;2.1355;0.3067;1.4297;2.4392;2162.7
ENV1;S6;D;8;-70;69;;14.0148;35.7903;2.0378;0.2618;1.2425;2.4388;2270.7
ENV1;S6;D;8;-71;70;;14.0148;35.7906;2.3646;0.2833;1.1141;2.4386;2351.4
ENV1;S6;D;8;-72;71;;14.0149;35.7904;2.3081;0.2724;1.0459;2.4383;2356.6
ENV1;S6;D;8;-73;72;;14.0155;35.7907;2.1722;0.2692;0.94644;2.4385;2374.3
ENV1;S6;D;8;-74;73;;14.0156;35.7906;1.9799;0.2587;0.81157;2.4382;2345.1
ENV1;S6;D;8;-75;74;;14.0155;35.7906;2.0514;0.2512;0.70556;2.4375;2269.3
ENV1;S6;D;8;-76;75;;14.0164;35.791;2.0133;0.2656;0.65689;2.4358;2187.3
ENV1;S6;D;8;-77;76;;14.019;35.7922;2.1396;0.2822;0.62841;2.4357;2084.7
ENV1;S6;D;8;-78;77;;14.019;35.7919;1.8562;0.2699;0.59788;2.4352;1987.7
ENV1;S6;D;8;-79;78;;14.0201;35.7924;2.2073;0.2503;0.57777;2.4344;1969
ENV1;S6;D;8;-80;79;;14.0207;35.7927;1.9531;0.2805;0.52886;2.4343;2172.8
ENV1;S6;D;8;-81;80;;14.0219;35.7927;1.9516;0.2642;0.49537;2.4339;2239.1
ENV1;S6;D;8;-82;81;;14.0223;35.7928;2.5368;0.3187;0.45575;2.433;2276.5
ENV1;S6;D;8;-83;82;;14.0224;35.7856;1.8506;0.2482;0.44247;2.4327;2337.8
ENV1;S6;D;8;-84;83;;14.0221;35.7931;1.7696;0.2504;0.40035;2.43;2316.3
ENV1;S6;D;8;-85;84;;14.0226;35.7932;1.775;0.2777;0.34855;2.4289;2300.8
ENV1;S6;D;8;-86;85;;14.0225;35.793;1.84;0.275;0.31306;2.4283;2279.7
ENV1;S6;D;8;-87;86;;14.022;35.7929;1.8863;0.2607;0.30093;2.4276;2283.1
ENV1;S6;D;8;-88;87;;14.0224;35.7931;2.0677;0.2643;0.26035;2.4266;2316.5
ENV1;S6;D;8;-89;88;;14.0226;35.793;1.9396;0.2825;0.23366;2.426;2316.2
ENV1;S6;D;8;-90;89;;14.0223;35.793;1.9183;0.2957;0.22946;2.4255;2316.8
ENV1;S6;D;8;-91;90;;14.0228;35.7929;1.9028;0.2358;0.20875;2.4245;2310.2
ENV1;S6;D;8;-92;91;;14.023;35.7931;1.7035;0.2507;0.19162;2.4243;2301.6
ENV1;S6;D;8;-93;92;;14.0226;35.793;1.9067;0.2805;0.18081;2.4238;2299.2
ENV1;S6;D;8;-94;93;;14.0225;35.7931;1.7382;0.2446;0.16515;2.4235;2300.5
ENV1;S6;D;8;-95;94;;14.0205;35.793;1.8186;0.2606;0.1412;2.4232;2299.3
ENV1;S6;D;8;-96;95;;14.0205;35.7928;1.86;0.2538;0.12228;2.4219;2295.2
ENV1;S6;D;8;-97;96;;14.0178;35.7926;1.5605;0.2521;0.11138;2.4195;2287.6
ENV1;S6;D;8;-98;97;;14.0169;35.7925;1.5257;0.2532;0.10681;2.4183;2283
ENV1;S6;D;8;-99;98;;14.0206;35.7929;1.4775;0.2436;0.097886;2.4172;2285.3
ENV1;S6;D;8;-100;99;;14.0185;35.7926;1.9012;0.2962;0.089299;2.4162;2286.9
ENV1;S6;D;8;-101;100;;14.0181;35.7927;1.5315;0.2548;0.07657;2.4159;2286.3
ENV1;S6;D;8;-102;101;;14.0199;35.7931;1.5703;0.2488;0.066108;2.4157;2284.3
ENV1;S6;D;8;-103;102;;14.0181;35.7929;1.3544;0.2316;0.053305;2.4148;2270.8
ENV1;S6;D;8;-104;103;;14.0157;35.7929;1.4272;0.2419;0.042779;2.4142;2272
ENV1;S6;D;8;-105;104;;14.0152;35.7926;1.3946;0.2518;0.030704;2.413;2273.9
ENV1;S6;D;8;-106;105;;14.0151;35.7925;1.2045;0.2523;0.023657;2.4123;2272.9
ENV1;S6;D;8;-107;106;;14.0135;35.792;1.2965;0.2274;0.034571;2.4091;2270.9
ENV1;S6;D;8;-108;107;;14.0076;35.791;1.2459;0.2327;0.028403;2.4071;2263.2
ENV1;S6;D;8;-109;108;;14.0039;35.7903;1.1181;0.2336;0.018443;2.4062;2263.5
ENV1;S6;D;8;-110;109;;14.0045;35.7901;1.0773;0.23;0.0054217;2.4052;2263.8
ENV1;S6;D;8;-111;110;;13.9985;35.7899;1.0992;0.2222;0.0021277;2.4037;2263.8
ENV1;S6;D;8;-112;111;;13.9767;35.7884;0.617;0.1951;0.0093764;2.4013;2262.8
ENV1;S6;D;8;-113;112;;13.9769;35.7899;0.3985;0.1855;0.0058519;2.3965;2262.5
ENV1;S6;D;8;-114;113;;13.975;35.7924;0.3361;0.1872;0.00099274;2.3896;2261.7
ENV1;S6;D;8;-115;114;;13.9659;35.7913;0.3213;0.1909;0.0019782;2.3851;2262.5
ENV1;S6;D;8;-116;115;;13.9416;35.7879;0.3212;0.1906;0.000075099;2.382;2262.6
ENV1;S6;D;8;-117;116;;13.9355;35.7866;0.3204;0.1906;1.00E-12;2.3785;2262.3
ENV1;S6;D;8;-118;117;;13.9067;35.7826;0.311;0.195;1.00E-12;2.3762;2260.1
ENV1;S6;D;8;-119;118;;13.8534;35.7749;0.2969;0.1953;1.00E-12;2.3743;2258.9
ENV1;S6;D;8;-120;119;;13.8311;35.7712;0.2605;0.1907;1.00E-12;2.3706;2257
ENV1;S6;D;8;-121;120;;13.8276;35.771;0.273;0.197;1.00E-12;2.3667;2254.2
ENV1;S6;D;8;-122;121;;13.8272;35.7709;0.2745;0.197;1.00E-12;2.3634;2253.1
ENV1;S6;D;8;-123;122;;13.8219;35.7719;0.2342;0.1969;1.00E-12;2.3597;2253.7
ENV1;S6;D;8;-124;123;;13.8172;35.7728;0.2154;0.1943;1.00E-12;2.3562;2252.1
ENV1;S6;D;8;-125;124;;13.8194;35.773;0.2112;0.1965;1.00E-12;2.3532;2250
ENV1;S6;D;8;-126;125;;13.8136;35.7729;0.2282;0.2009;1.00E-12;2.3512;2249.3
ENV1;S6;D;8;-127;126;;13.8075;35.7729;0.1907;0.1906;1.00E-12;2.3495;2249.8
ENV1;S6;D;8;-128;127;;13.8066;35.7728;0.235;0.2052;1.00E-12;2.3479;2249.6
ENV1;S6;D;8;-129;128;;13.8076;35.7728;0.2385;0.2045;1.00E-12;2.3466;2249.5
ENV1;S6;D;8;-130;129;;13.8085;35.7729;0.2213;0.197;1.00E-12;2.3451;2250.3
ENV1;S6;D;8;-131;130;;13.8095;35.7732;0.2227;0.1971;1.00E-12;2.3439;2249.9
ENV1;S6;D;8;-132;131;;13.8141;35.7746;0.2249;0.2038;1.00E-12;2.3428;2249
ENV1;S6;D;8;-133;132;;13.815;35.7751;0.2224;0.2142;1.00E-12;2.3418;2247.7
ENV1;S6;D;8;-134;133;;13.8152;35.7748;0.2135;0.1979;1.00E-12;2.3402;2244.6
ENV1;S6;D;8;-135;134;;13.8146;35.7749;0.2099;0.1878;1.00E-12;2.3381;2239.7
ENV1;S6;D;8;-136;135;;13.8084;35.7744;0.212;0.2054;1.00E-12;2.3372;2237
ENV1;S6;D;8;-137;136;;13.8017;35.7748;0.21;0.2093;1.00E-12;2.3367;2237
ENV1;S6;D;8;-138;137;;13.7928;35.7759;0.1998;0.1967;1.00E-12;2.336;2236.1
ENV1;S6;D;8;-139;138;;13.7661;35.777;0.185;0.2011;1.00E-12;2.3354;2236.2
ENV1;S6;D;8;-140;139;;13.7614;35.777;0.1734;0.2028;1.00E-12;2.3341;2238.1
ENV1;S6;D;8;-141;140;;13.7563;35.7774;0.1593;0.1974;1.00E-12;2.3317;2239.9
ENV1;S6;D;8;-142;141;;13.7532;35.7773;0.1463;0.193;1.00E-12;2.3283;2237.8
ENV1;S6;D;8;-143;142;;13.7515;35.7772;0.1608;0.1861;1.00E-12;2.3223;2234.4
ENV1;S6;D;8;-144;143;;13.7479;35.778;0.1731;0.1975;1.00E-12;2.3185;2235.1
ENV1;S6;D;8;-145;144;;13.7428;35.7781;0.162;0.1967;1.00E-12;2.3162;2235.2
ENV1;S6;D;8;-146;145;;13.7281;35.7793;0.1617;0.2021;1.00E-12;2.316;2235.2
ENV1;S6;D;8;-147;146;;13.7109;35.7792;0.1552;0.2034;1.00E-12;2.3145;2234.2
ENV1;S6;D;8;-148;147;;13.6885;35.7796;0.1339;0.1976;1.00E-12;2.3096;2232.7
ENV1;S6;D;8;-149;148;;13.6746;35.7783;0.0984;0.1809;1.00E-12;2.302;2231.7
ENV1;S6;D;8;-150;149;;13.6527;35.7782;0.0951;0.1839;1.00E-12;2.2974;2230.6
ENV1;S6;D;8;-151;150;;13.6402;35.7783;0.0832;0.1904;1.00E-12;2.2929;2228.9
ENV1;S6;D;8;-152;151;;13.6129;35.7768;0.0763;0.2526;1.00E-12;2.2881;2228.2
ENV1;S6;D;8;-153;152;;13.5973;35.776;0.0883;0.2614;1.00E-12;2.2844;2228.5
ENV1;S6;D;8;-154;153;;13.5524;35.7789;0.0994;0.2021;1.00E-12;2.2813;2230.1
ENV1;S6;D;8;-155;154;;13.5331;35.7796;0.0653;0.1789;1.00E-12;2.278;2231.9
ENV1;S6;D;8;-156;155;;13.5057;35.7804;0.0549;0.1784;1.00E-12;2.274;2231
ENV1;S6;D;8;-157;156;;13.4838;35.7804;0.0424;0.1784;1.00E-12;2.2696;2231
ENV1;S6;D;8;-158;157;;13.4673;35.7796;0.0414;0.1786;1.00E-12;2.2631;2231.8
ENV1;S6;D;8;-159;158;;13.4634;35.779;0.0497;0.1809;1.00E-12;2.2526;2232.7
ENV1;S6;D;8;-160;159;;13.4629;35.7782;0.028;0.1716;1.00E-12;2.2434;2226.5
ENV1;S6;D;8;-161;160;;13.4598;35.7781;0.0236;0.1712;1.00E-12;2.2366;2218.3
ENV1;S6;D;8;-162;161;;13.4503;35.7783;0.0175;0.1823;1.00E-12;2.2344;2220.1
ENV1;S6;D;8;-163;162;;13.4247;35.7786;0.0212;0.1819;1.00E-12;2.2323;2221
ENV1;S6;D;8;-164;163;;13.4032;35.7784;0.0276;0.1791;1.00E-12;2.2304;2222.7
ENV1;S6;D;8;-165;164;;13.3381;35.7783;-0.0008;0.1745;1.00E-12;2.2283;2224
ENV1;S6;D;8;-166;165;;13.2488;35.7743;-0.0228;0.1693;1.00E-12;2.2249;2223.9
ENV1;S6;D;8;-167;166;;13.1474;35.7708;-0.032;0.1722;1.00E-12;2.2172;2225.2
ENV1;S6;D;8;-168;167;;13.1097;35.7669;-0.0368;0.1777;1.00E-12;2.2085;2227.4
ENV1;S6;D;8;-169;168;;13.0544;35.7646;-0.0494;0.1784;1.00E-12;2.2009;2227
ENV1;S6;D;8;-170;169;;13.0095;35.7615;-0.0639;0.1788;1.00E-12;2.1935;2227.3
ENV1;S6;D;8;-171;170;;12.976;35.7587;-0.0398;0.1784;1.00E-12;2.1864;2227.3
ENV1;S6;D;8;-172;171;;12.9454;35.7549;-0.0584;0.1751;1.00E-12;2.1794;2224.8
ENV1;S6;D;8;-173;172;;12.9427;35.7515;-0.0614;0.1607;1.00E-12;2.1663;2219.4
ENV1;S6;D;8;-174;173;;12.8924;35.7462;-0.0707;0.1652;1.00E-12;2.1607;2214.8
ENV1;S6;D;8;-175;174;;12.867;35.7447;-0.0812;0.1724;1.00E-12;2.1585;2215.5
ENV1;S6;D;8;-176;175;;12.8422;35.7444;-0.0885;0.175;1.00E-12;2.1567;2216.3
ENV1;S6;D;8;-177;176;;12.8248;35.7438;-0.0938;0.1734;1.00E-12;2.1547;2218.8
ENV1;S6;D;8;-178;177;;12.8112;35.7432;-0.0834;0.1667;1.00E-12;2.1522;2222.1
ENV1;S6;D;8;-179;178;;12.7698;35.742;-0.0838;0.1726;1.00E-12;2.1498;2222.6
ENV1;S6;D;8;-180;179;;12.7464;35.7399;-0.0858;0.178;1.00E-12;2.1469;2222.3
ENV1;S6;D;8;-181;180;;12.7391;35.7386;-0.0871;0.1662;1.00E-12;2.1434;2223.4
ENV1;S6;D;8;-182;180;;12.7312;35.7382;-0.0821;0.1698;1.00E-12;2.1405;2223.7
ENV1;S6;D;8;-183;181;;12.7762;35.7371;-0.0806;0.1525;1.00E-12;2.1349;2214
ENV1;S6;D;8;-184;182;;12.6953;35.7351;-0.0817;0.158;1.00E-12;2.1355;2209
ENV1;S6;D;8;-185;183;;12.6634;35.733;-0.0843;0.1602;1.00E-12;2.1345;2209.1
ENV1;S6;D;8;-186;184;;12.6469;35.7315;-0.0837;0.1614;1.00E-12;2.1323;2210.2
ENV1;S6;D;8;-187;185;;12.6307;35.7305;-0.0831;0.1662;1.00E-12;2.1297;2213.5
ENV1;S6;D;8;-188;186;;12.5989;35.7276;-0.0919;0.1662;1.00E-12;2.1266;2215.8
ENV1;S6;D;8;-189;187;;12.5909;35.7259;-0.1045;0.1662;1.00E-12;2.1238;2215.7
ENV1;S6;D;8;-190;188;;12.577;35.7245;-0.1197;0.1656;1.00E-12;2.1217;2214.2
ENV1;S6;D;8;-191;189;;12.5524;35.7217;-0.1005;0.1605;1.00E-12;2.1197;2214.4
ENV1;S6;D;8;-192;190;;12.5754;35.7216;-0.0919;0.1503;1.00E-12;2.1167;2212
ENV1;S6;D;8;-193;191;;12.5368;35.718;-0.0952;0.1542;1.00E-12;2.1162;2209.3
ENV1;S6;D;8;-194;192;;12.5298;35.7166;-0.1044;0.1605;1.00E-12;2.1153;2209.1
ENV1;S6;D;8;-195;193;;12.5285;35.7161;-0.0939;0.1601;1.00E-12;2.1146;2210.4
ENV1;S6;D;8;-196;194;;12.5264;35.7158;-0.1046;0.1648;1.00E-12;2.114;2211.7
ENV1;S6;D;8;-197;195;;12.5221;35.715;-0.1005;0.1616;1.00E-12;2.1128;2211.3
ENV1;S6;D;8;-198;196;;12.5049;35.7135;-0.0821;0.1539;1.00E-12;2.1115;2210.5
ENV1;S6;D;8;-199;197;;12.5008;35.7118;-0.0863;0.1512;1.00E-12;2.1104;2211.5
ENV1;S6;D;8;-200;198;;12.4934;35.7107;-0.0893;0.147;1.00E-12;2.1098;2212
ENV1;S6;D;8;-201;199;;12.4916;35.7102;-0.0947;0.1609;1.00E-12;2.1101;2209.9
ENV1;S6;D;8;-202;200;;12.4865;35.7093;-0.1027;0.1722;1.00E-12;2.1099;2207.4
ENV1;S6;D;8;-203;201;;12.4763;35.7079;-0.0845;0.1664;1.00E-12;2.1096;2204.4
ENV1;S6;D;8;-204;202;;12.4707;35.7071;-0.0846;0.1727;1.00E-12;2.109;2204.4
ENV1;S6;D;8;-205;203;;12.4658;35.7065;-0.0907;0.1657;1.00E-12;2.1082;2206.5
ENV1;S6;D;8;-206;204;;12.4613;35.7058;-0.0925;0.1615;1.00E-12;2.1075;2206.8
ENV1;S6;D;8;-207;205;;12.455;35.7048;-0.0864;0.1706;1.00E-12;2.1069;2207.2
ENV1;S6;D;8;-208;206;;12.455;35.704;-0.0965;0.1511;1.00E-12;2.1067;2204.7
ENV1;S6;D;8;-209;207;;12.4148;35.7;-0.0939;0.1563;1.00E-12;2.1074;2201.1
ENV1;S6;D;8;-210;208;;12.3933;35.6986;-0.0907;0.1601;1.00E-12;2.1075;2200.4
ENV1;S6;D;8;-211;209;;12.3905;35.6982;-0.0838;0.1601;1.00E-12;2.1068;2199.4
ENV1;S6;D;8;-212;210;;12.3832;35.6979;-0.0936;0.1601;1.00E-12;2.1061;2200.8
ENV1;S6;D;8;-213;211;;12.3807;35.698;-0.1005;0.1539;1.00E-12;2.1052;2202
ENV1;S6;D;8;-214;212;;12.3692;35.6991;-0.1064;0.1485;1.00E-12;2.1038;2201.3
ENV1;S6;D;8;-215;213;;12.3628;35.6992;-0.0867;0.1463;1.00E-12;2.1018;2178
ENV1;S6;D;8;-216;214;;12.3654;35.6988;-0.0948;0.1326;1.00E-12;2.0903;2199.8
ENV1;S6;D;8;-217;215;;12.3614;35.6991;-0.088;0.1484;1.00E-12;2.0862;2201.3
ENV1;S6;D;8;-218;216;;12.3619;35.699;-0.0871;0.1553;1.00E-12;2.0835;2170.1
ENV1;S6;D;8;-219;217;;12.3617;35.6989;-0.0937;0.16;1.00E-12;2.0812;2022.8
ENV1;S6;D;8;-220;218;;12.3618;35.6989;-0.0939;0.1516;1.00E-12;2.0791;2114.8
ENV1;S6;D;8;-221;219;;12.3603;35.6989;-0.0947;0.1505;1.00E-12;2.077;2061
ENV1;S6;D;8;-222;220;;12.3587;35.699;-0.085;0.1601;1.00E-12;2.075;2057.6
ENV1;S6;D;8;-223;221;;12.3573;35.6991;-0.086;0.1549;1.00E-12;2.0737;2074.7
ENV1;S6;D;8;-224;222;;12.3549;35.6989;-0.098;0.1541;1.00E-12;2.0726;2065
ENV1;S6;D;8;-225;223;;12.3547;35.699;-0.0971;0.1377;1.00E-12;2.0694;2057.6
ENV1;S6;D;8;-226;224;;12.3542;35.6993;-0.0943;0.1538;1.00E-12;2.0672;2054.1
ENV1;S6;D;8;-227;225;;12.3543;35.6993;-0.0957;0.1485;1.00E-12;2.0654;2020.9
ENV1;S6;D;8;-228;226;;12.3537;35.6993;-0.0939;0.1567;1.00E-12;2.0638;2138.7
ENV1;S6;D;8;-229;227;;12.3535;35.6997;-0.0939;0.1564;1.00E-12;2.0624;2043
ENV1;S6;D;8;-230;228;;12.3379;35.699;-0.0953;0.1488;1.00E-12;2.0614;1990.2
ENV1;S6;D;8;-231;229;;12.3308;35.6983;-0.0961;0.1429;1.00E-12;2.0601;2028.8
ENV1;S6;D;8;-232;230;;12.3243;35.6975;-0.0977;0.1437;1.00E-12;2.0589;2140.8
ENV1;S6;D;8;-233;231;;12.3239;35.6971;-0.1071;0.1481;1.00E-12;2.057;2019.3
ENV1;S6;D;8;-234;232;;12.3243;35.6971;-0.0835;0.1482;1.00E-12;2.0549;2028.4
ENV1;S6;D;8;-235;233;;12.3236;35.6969;-0.0849;0.1484;1.00E-12;2.0536;2056.2
ENV1;S6;D;8;-236;234;;12.324;35.6969;-0.0933;0.1535;1.00E-12;2.0524;2107.4
ENV1;S6;D;8;-237;235;;12.3248;35.6967;-0.0936;0.1503;1.00E-12;2.0512;2002.8
ENV1;S6;D;8;-238;236;;12.3238;35.6967;-0.0935;0.1626;1.00E-12;2.0507;2020.9
ENV1;S6;D;8;-239;237;;12.3235;35.6967;-0.0904;0.1437;1.00E-12;2.0503;2011.8
ENV1;S6;D;8;-240;238;;12.3187;35.696;-0.1098;0.1514;1.00E-12;2.0499;2007.3
ENV1;S6;D;8;-241;239;;12.3066;35.6947;-0.1194;0.1671;1.00E-12;2.0496;1984
ENV1;S6;D;8;-242;240;;12.2924;35.6929;-0.1128;0.1618;1.00E-12;2.0491;2112.7
ENV1;S6;D;8;-243;241;;12.285;35.6919;-0.1012;0.1581;1.00E-12;2.0481;2075.4
ENV1;S6;D;8;-244;242;;12.2701;35.6899;-0.0822;0.1478;1.00E-12;2.0478;1971.2
ENV1;S6;D;8;-245;243;;12.2634;35.689;-0.0851;0.1479;1.00E-12;2.0478;2002.2
ENV1;S6;D;8;-246;244;;12.2421;35.6868;-0.0909;0.1467;1.00E-12;2.0482;2160.1
ENV1;S6;D;8;-247;245;;12.2386;35.6858;-0.1059;0.1422;1.00E-12;2.0494;2026.7
ENV1;S6;D;8;-248;246;;12.2389;35.6849;-0.0983;0.1461;1.00E-12;2.054;2009.1
ENV1;S6;D;8;-249;247;;12.2393;35.6846;-0.0976;0.1462;1.00E-12;2.0582;2027.5
ENV1;S6;D;8;-250;248;;12.2377;35.6845;-0.0844;0.1485;1.00E-12;2.0578;1997.7
ENV1;S6;D;8;-251;249;;12.2358;35.6842;-0.0983;0.1447;1.00E-12;2.0578;2152.1
ENV1;S6;D;8;-252;250;;12.2314;35.6838;-0.1068;0.1428;1.00E-12;2.0579;1993.1
ENV1;S6;D;8;-253;251;;12.229;35.6834;-0.0922;0.1542;1.00E-12;2.0579;1959.7
ENV1;S6;D;8;-254;252;;12.2254;35.6831;-0.1023;0.1475;1.00E-12;2.0575;2010.6
ENV1;S6;D;8;-255;253;;12.2272;35.6825;-0.1088;0.1335;1.00E-12;2.058;2093.7
ENV2;S3;D;0;3.968;4;;12.9464;34.2491;3.1868;1.1509;30.835;2.4589;0
ENV2;S3;D;0;4.961;5;;12.9575;34.5757;3.2834;1.0079;24.232;2.4603;0
ENV2;S3;D;0;5.953;6;;12.9559;34.9;3.3177;0.9583;20.114;2.4607;0
ENV2;S3;D;0;6.945;7;;12.9475;34.9198;3.3432;0.9126;15.546;2.4598;0
ENV2;S3;D;0;7.937;8;;12.9566;34.9703;3.4444;0.9554;12.804;2.459;0
ENV2;S3;D;0;8.929;9;;12.97;35.0124;3.3367;0.8717;10.14;2.4625;0
ENV2;S3;D;0;9.921;10;;12.9722;35.033;3.3823;0.8815;7.6928;2.4648;0
ENV2;S3;D;0;10.913;11;;12.971;35.0419;3.4421;0.8676;6.2495;2.4666;0
ENV2;S3;D;0;11.905;12;;12.9795;35.0573;3.6363;0.8599;5.0967;2.4658;0
ENV2;S3;D;0;12.897;13;;13.0081;35.0998;3.9714;0.7847;4.1245;2.4737;0
ENV2;S3;D;0;13.89;14;;13.0224;35.1281;3.9556;0.7648;3.3374;2.4844;0
ENV2;S3;D;0;14.882;15;;13.0281;35.1395;3.9894;0.7507;2.7453;2.4898;0
ENV2;S3;D;0;15.874;16;;13.0283;35.1519;3.8397;0.7496;2.1475;2.4929;0
ENV2;S3;D;0;16.866;17;;13.014;35.1792;3.6572;0.8081;1.841;2.4927;0
ENV2;S3;D;0;17.858;18;;12.9985;35.1871;3.4863;0.8396;1.5795;2.4893;0
ENV2;S3;D;0;18.85;19;;12.9866;35.1891;3.3324;0.8425;1.3037;2.4829;0
ENV2;S3;D;0;19.842;20;;12.9771;35.1913;2.9022;0.8369;1.0587;2.4747;0
ENV2;S3;D;0;20.834;21;;12.9413;35.2033;2.6385;0.8452;0.89902;2.4676;0
ENV2;S3;D;0;21.826;22;;12.9027;35.2259;2.5021;0.8878;0.79527;2.4609;0
ENV2;S3;D;0;22.818;23;;12.8917;35.2337;2.443;0.9456;0.67523;2.4524;0
ENV2;S3;D;0;23.81;24;;12.8752;35.2508;2.1795;0.9237;0.56914;2.4395;0
ENV2;S3;D;0;24.802;25;;12.8575;35.2674;2.0167;0.8667;0.48689;2.4263;0
ENV2;S3;D;0;25.794;26;;12.8316;35.2924;1.9353;0.9686;0.4144;2.4202;0
ENV2;S3;D;0;26.786;27;;12.8156;35.312;1.8202;1.0192;0.35242;2.4142;0
ENV2;S3;D;0;27.778;28;;12.8069;35.3255;1.7809;1.0522;0.31282;2.4066;0
ENV2;S3;D;0;28.77;29;;12.8067;35.3251;1.7216;1.0288;0.26726;2.3996;0
ENV2;S3;D;0;29.762;30;;12.8039;35.33;1.6432;0.9527;0.21204;2.3939;0
ENV2;S3;D;0;30.754;31;;12.801;35.3366;1.6476;1.0454;0.18178;2.3918;0
ENV2;S3;D;0;31.746;32;;12.8007;35.337;1.6582;1.0239;0.15323;2.3898;0
ENV2;S3;D;0;32.738;33;;12.8004;35.3374;1.66;0.978;0.12232;2.3883;0
ENV2;S3;D;0;33.73;34;;12.8006;35.3375;1.6419;0.9902;0.10221;2.3874;0
ENV2;S3;D;0;34.722;35;;12.801;35.3372;1.6624;1.0446;0.085379;2.3868;0
ENV2;S3;D;0;35.714;36;;12.8012;35.3369;1.6805;1.05;0.067105;2.3867;0
ENV2;S3;D;0;36.706;37;;12.8001;35.3368;1.6555;0.9901;0.052094;2.3867;0
ENV2;S3;D;0;37.698;38;;12.798;35.3362;1.713;1.0136;0.042668;2.387;0
ENV2;S3;D;0;38.69;39;;12.7983;35.3363;1.7126;1.1369;0.03101;2.3859;0
ENV2;S3;D;0;39.682;40;;12.7988;35.3362;1.7355;1.0728;0.021047;2.3859;0
ENV2;S3;D;0;40.674;41;;12.799;35.3361;1.7306;1.0509;0.011883;2.3855;0
ENV2;S3;D;0;41.666;42;;12.7988;35.3361;1.7192;1.0499;0.0022045;2.3846;0
ENV2;S3;D;0;42.658;43;;12.7988;35.336;1.7257;1.0547;-9.97E-07;2.3836;0
ENV2;S3;D;0;43.65;44;;12.7982;35.336;1.7182;1.0728;1.00E-12;2.3834;0
ENV2;S3;D;0;44.642;45;;12.7982;35.3363;1.722;1.0205;1.00E-12;2.3837;0
ENV2;S3;D;0;45.633;46;;12.798;35.3364;1.7214;1.0336;1.00E-12;2.3843;0
ENV2;S3;D;0;46.625;47;;12.7977;35.3366;1.7144;1.0808;1.00E-12;2.3837;0
ENV2;S3;D;0;47.617;48;;12.7984;35.3365;1.7483;1.0604;1.00E-12;2.3834;0
ENV2;S3;D;0;48.609;49;;12.7937;35.339;1.6927;1.1705;1.00E-12;2.3832;0
ENV2;S3;D;0;49.601;50;;12.7909;35.3412;1.7146;1.0596;1.00E-12;2.3815;0
ENV2;S3;D;0;50.593;51;;12.7932;35.3413;1.8139;1.0031;1.00E-12;2.38;0
ENV2;S3;D;0;51.585;52;;12.7939;35.3442;1.8368;0.9621;1.00E-12;2.379;0
ENV2;S3;D;0;52.577;53;;12.7958;35.3478;1.8038;0.9562;1.00E-12;2.3782;0
ENV2;S3;D;0;53.569;54;;12.7955;35.3478;1.7764;0.9608;1.00E-12;2.3773;0
ENV2;S3;D;0;54.561;55;;12.7955;35.3479;1.8147;1.0355;1.00E-12;2.3767;0
ENV2;S3;D;0;55.553;56;;12.7953;35.3481;1.8431;1.0974;1.00E-12;2.376;0
ENV2;S3;D;0;56.544;57;;12.7949;35.3492;1.8347;0.9964;1.00E-12;2.376;0
ENV2;S3;D;0;57.536;58;;12.7956;35.3506;1.8425;0.8984;1.00E-12;2.376;0
ENV2;S3;D;0;58.528;59;;12.7952;35.352;1.8103;1.0309;1.00E-12;2.3752;0
ENV2;S3;D;0;59.52;60;;12.7948;35.3514;1.8543;1.0664;1.00E-12;2.374;0
ENV2;S3;D;0;60.512;61;;12.7971;35.3519;1.8855;1.0184;1.00E-12;2.373;0
ENV2;S3;D;0;61.504;62;;12.7993;35.3529;1.9204;0.9386;1.00E-12;2.3733;0
ENV2;S3;D;0;62.495;63;;12.799;35.3533;1.8594;0.9057;1.00E-12;2.3734;0
ENV2;S3;D;0;63.487;64;;12.7927;35.3536;1.8279;0.91;1.00E-12;2.373;0
ENV2;S3;D;0;64.479;65;;12.7908;35.3539;1.8006;1.0149;1.00E-12;2.3722;0
ENV2;S3;D;0;65.471;66;;12.7899;35.354;1.7941;1.0478;1.00E-12;2.3708;0
ENV2;S3;D;0;66.463;67;;12.7895;35.3543;1.7808;0.9772;1.00E-12;2.3693;0
ENV2;S3;D;0;67.455;68;;12.7899;35.3551;1.786;0.9295;1.00E-12;2.3681;0
ENV2;S3;D;0;68.446;69;;12.7893;35.3562;1.7828;0.9749;1.00E-12;2.3687;0
ENV2;S3;D;0;69.438;70;;12.7839;35.3582;1.7829;0.9979;1.00E-12;2.3677;0
ENV2;S3;D;0;70.43;71;;12.7832;35.3585;1.7597;0.9805;1.00E-12;2.3658;0
ENV2;S3;D;0;71.422;72;;12.7835;35.3584;1.7365;0.9223;1.00E-12;2.3636;0
ENV2;S3;D;0;72.414;73;;12.7825;35.3593;1.7732;0.9319;1.00E-12;2.363;0
ENV2;S3;D;0;73.405;74;;12.7823;35.3589;1.7378;0.9843;1.00E-12;2.3612;0
ENV2;S3;D;0;74.397;75;;12.7823;35.3586;1.7308;0.9951;1.00E-12;2.3603;0
ENV2;S3;D;0;75.389;76;;12.7818;35.3588;1.7237;0.9947;1.00E-12;2.3604;0
ENV2;S3;D;0;76.381;77;;12.7818;35.3586;1.7215;1.0401;1.00E-12;2.3594;0
ENV2;S3;D;0;77.373;78;;12.7818;35.359;1.7409;0.9563;1.00E-12;2.3598;0
ENV2;S3;D;0;78.365;79;;12.7814;35.3598;1.7059;0.9534;1.00E-12;2.3602;0
ENV2;S3;D;0;79.356;80;;12.7812;35.3603;1.7178;0.9397;1.00E-12;2.3589;0
ENV2;S3;D;0;80.348;81;;12.7815;35.3603;1.6928;0.9698;1.00E-12;2.3575;0
ENV2;S3;D;0;81.34;82;;12.7803;35.362;1.694;0.9561;1.00E-12;2.357;0
ENV2;S3;D;0;82.331;83;;12.7752;35.3664;1.7163;1.0754;1.00E-12;2.3573;0
ENV2;S3;D;0;83.323;84;;12.7705;35.3677;1.7119;0.8151;1.00E-12;2.3524;0
ENV2;S3;D;0;84.315;85;;12.7649;35.369;1.6496;0.957;1.00E-12;2.3502;0
ENV2;S3;D;1;0.991;1;;13.2468;26.8344;1.9239;1.7414;17.476;1.8932;44.424
ENV2;S3;D;1;1.985;2;;13.2745;30.7809;1.8073;1.7412;7.6906;2.6219;61.119
ENV2;S3;D;1;2.976;3;;13.344;32.3395;1.7792;1.7538;5.6925;2.5016;61.667
ENV2;S3;D;1;3.969;4;;13.1734;33.622;2.2374;1.4281;4.1248;2.5022;61.845
ENV2;S3;D;1;4.961;5;;13.0344;33.9132;2.1525;1.2552;2.9589;2.4842;61.846
ENV2;S3;D;1;5.953;6;;13.0007;33.9986;2.0067;1.2232;2.4176;2.4593;61.846
ENV2;S3;D;1;6.945;7;;13.0327;34.1238;1.9369;1.2549;1.7293;2.4406;61.846
ENV2;S3;D;1;7.937;8;;13.0825;34.2745;2.0934;1.1554;1.3288;2.4334;62.503
ENV2;S3;D;1;8.929;9;;13.1086;34.4565;2.4469;1.1869;1.018;2.4426;63.495
ENV2;S3;D;1;9.921;10;;13.051;34.5682;2.6383;1.0867;0.89408;2.4527;62.369
ENV2;S3;D;1;10.913;11;;13.0498;34.6762;2.5953;1.1147;0.65367;2.4558;62.159
ENV2;S3;D;1;11.905;12;;13.032;34.7645;2.6297;0.9826;0.50831;2.4575;64.009
ENV2;S3;D;1;12.898;13;;13.0255;34.9104;2.7366;1.1126;0.45551;2.4592;63.841
ENV2;S3;D;1;13.889;14;;13.0582;35.0807;3.0406;1.1163;0.36093;2.459;63.841
ENV2;S3;D;1;14.882;15;;13.1005;35.2147;3.4756;0.9658;0.31035;2.465;63.841
ENV2;S3;D;1;15.874;16;;13.0423;35.2732;3.3747;0.8913;0.25256;2.4745;63.841
ENV2;S3;D;1;16.866;17;;12.9476;35.2738;2.7613;0.8273;0.19459;2.4752;63.841
ENV2;S3;D;1;17.858;18;;12.9068;35.2693;2.3611;0.8809;0.15798;2.452;64.399
ENV2;S3;D;1;18.85;19;;12.8985;35.2683;2.3334;0.9344;0.14157;2.4343;63.854
ENV2;S3;D;1;19.842;20;;12.8911;35.2681;2.2137;0.935;0.1156;2.4222;64.58
ENV2;S3;D;1;20.834;21;;12.8879;35.2676;2.1818;0.9457;0.087472;2.4144;65.856
ENV2;S3;D;1;21.826;22;;12.8827;35.2675;2.1398;0.9376;0.079283;2.4095;64.302
ENV2;S3;D;1;22.818;23;;12.8813;35.2676;2.1842;1.0029;0.064445;2.4072;64.34
ENV2;S3;D;1;23.81;24;;12.88;35.2674;2.1195;0.9002;0.041822;2.4038;65.913
ENV2;S3;D;1;24.802;25;;12.8768;35.2677;2.1015;0.9263;0.040895;2.4016;65.836
ENV2;S3;D;1;25.794;26;;12.8759;35.2679;2.195;1.0827;0.02962;2.4005;65.836
ENV2;S3;D;1;26.786;27;;12.875;35.2682;2.1973;0.9797;0.011568;2.3996;65.836
ENV2;S3;D;1;27.778;28;;12.8743;35.2688;2.128;0.9126;0.0017126;2.3984;65.836
ENV2;S3;D;1;28.77;29;;12.8726;35.2701;2.2254;1.0168;0.00001212;2.3975;65.836
ENV2;S3;D;1;29.762;30;;12.8722;35.2703;2.157;0.9964;1.00E-12;2.3966;65.836
ENV2;S3;D;1;30.754;31;;12.8721;35.2704;1.9919;0.921;1.00E-12;2.3961;65.836
ENV2;S3;D;1;31.746;32;;12.8718;35.2708;2.1042;1.0141;1.00E-12;2.3958;66.517
ENV2;S3;D;1;32.738;33;;12.8708;35.2717;2.1236;1.0493;1.00E-12;2.395;66.611
ENV2;S3;D;1;33.73;34;;12.8704;35.2722;2.1379;1.0691;1.00E-12;2.3943;67.438
ENV2;S3;D;1;34.722;35;;12.8699;35.273;2.0443;0.9838;1.00E-12;2.3934;66.373
ENV2;S3;D;1;35.714;36;;12.8679;35.2746;2.0016;0.9443;1.00E-12;2.393;67.365
ENV2;S3;D;1;36.706;37;;12.866;35.2758;2.0376;1.0459;1.00E-12;2.3924;67.836
ENV2;S3;D;1;37.698;38;;12.8661;35.2758;2.0806;1.0442;1.00E-12;2.3916;67.831
ENV2;S3;D;1;38.69;39;;12.8651;35.2763;2.0658;1.0669;1.00E-12;2.3906;67.831
ENV2;S3;D;1;39.682;40;;12.8634;35.2766;2.0034;1.0018;1.00E-12;2.3891;67.831
ENV2;S3;D;1;40.674;41;;12.8564;35.2788;1.9713;0.8974;1.00E-12;2.3883;67.831
ENV2;S3;D;1;41.666;42;;12.8488;35.2808;2.0169;1.0581;1.00E-12;2.388;67.831
ENV2;S3;D;1;42.658;43;;12.8454;35.2815;1.9907;1.1317;1.00E-12;2.3863;68.871
ENV2;S3;D;1;43.65;44;;12.8424;35.2823;1.8292;1.0939;1.00E-12;2.3827;68.683
ENV2;S3;D;1;44.642;45;;12.8393;35.2833;1.8066;1.0753;1.00E-12;2.38;69.255
ENV2;S3;D;1;45.634;46;;12.8385;35.2837;1.8616;1.1742;1.00E-12;2.3783;69.811
ENV2;S3;D;1;46.625;47;;12.8382;35.2838;1.8169;1.116;1.00E-12;2.3765;69.826
ENV2;S3;D;1;47.617;48;;12.8351;35.2853;1.7588;1.1114;1.00E-12;2.376;69.756
ENV2;S3;D;1;48.609;49;;12.8331;35.2861;1.8386;1.1519;1.00E-12;2.3747;69.983
ENV2;S3;D;1;49.601;50;;12.833;35.2856;1.7159;1.0838;1.00E-12;2.3734;69.807
ENV2;S3;D;1;50.593;51;;12.8328;35.2856;1.8326;1.1575;1.00E-12;2.3737;70.424
ENV2;S3;D;1;51.585;52;;12.8311;35.2865;1.83;1.117;1.00E-12;2.3738;70.856
ENV2;S3;D;1;52.577;53;;12.82;35.2932;1.816;1.2061;1.00E-12;2.3735;70.119
ENV2;S3;D;1;53.569;54;;12.8111;35.2985;1.6554;1.1428;1.00E-12;2.369;72.192
ENV2;S3;D;1;54.561;55;;12.7963;35.3077;1.659;1.1958;1.00E-12;2.3662;71.821
ENV2;S3;D;1;55.552;56;;12.7942;35.3089;1.7038;1.3607;1.00E-12;2.363;71.821
ENV2;S3;D;1;56.544;57;;12.7897;35.3122;1.6596;1.4208;1.00E-12;2.3568;71.821
ENV2;S3;D;1;57.536;58;;12.788;35.3146;1.5882;1.2815;1.00E-12;2.3526;71.821
ENV2;S3;D;1;58.528;59;;12.7884;35.3155;1.5905;1.3091;1.00E-12;2.3502;71.821
ENV2;S3;D;1;59.52;60;;12.7893;35.3167;1.6072;1.3231;1.00E-12;2.3489;71.821
ENV2;S3;D;1;60.512;61;;12.7906;35.3186;1.5853;1.2351;1.00E-12;2.3484;72.603
ENV2;S3;D;1;61.504;62;;12.7919;35.3198;1.6288;1.2794;1.00E-12;2.3473;73.827
ENV2;S3;D;1;62.495;63;;12.7921;35.3202;1.6559;1.2178;1.00E-12;2.3476;72.365
ENV2;S3;D;1;63.487;64;;12.7931;35.3208;1.6023;1.28;1.00E-12;2.3477;72.156
ENV2;S3;D;1;64.479;65;;12.7985;35.3239;1.6167;1.0757;1.00E-12;2.3479;73.738
ENV2;S3;D;1;65.471;66;;12.8038;35.3257;1.647;1.124;1.00E-12;2.3487;73.813
ENV2;S3;D;1;66.463;67;;12.8102;35.328;1.5766;1.0262;1.00E-12;2.3505;73.816
ENV2;S3;D;1;67.455;68;;12.7927;35.3252;1.5857;1.0453;1.00E-12;2.3525;73.943
ENV2;S3;D;1;68.446;69;;12.783;35.3262;1.5775;1.1348;1.00E-12;2.3511;75.204
ENV2;S3;D;1;69.438;70;;12.7972;35.3343;1.6408;1.2665;1.00E-12;2.3483;74.065
ENV2;S3;D;1;70.43;71;;12.7859;35.3357;1.6309;1.1402;1.00E-12;2.3463;73.81
ENV2;S3;D;1;71.422;72;;12.765;35.336;1.6284;1.2495;1.00E-12;2.3454;73.913
ENV2;S3;D;1;72.414;73;;12.7515;35.3459;1.4598;1.2017;1.00E-12;2.3394;75.497
ENV2;S3;D;1;73.405;74;;12.7331;35.3607;1.4612;1.2327;1.00E-12;2.3328;75.824
ENV2;S3;D;1;74.397;75;;12.7149;35.3742;1.4522;1.3744;1.00E-12;2.3301;75.811
ENV2;S3;D;1;75.389;76;;12.6837;35.3983;1.3923;1.3574;1.00E-12;2.3252;75.617
ENV2;S3;D;1;76.381;77;;12.6275;35.4339;1.1306;1.2711;1.00E-12;2.3092;75.748
ENV2;S3;D;1;77.372;78;;12.5566;35.4781;0.8581;1.2801;1.00E-12;2.2826;75.818
ENV2;S3;D;1;78.364;79;;12.5289;35.4972;0.9202;1.4087;1.00E-12;2.2725;75.811
ENV2;S3;D;1;79.356;80;;12.516;35.5078;0.784;1.4338;1.00E-12;2.2641;75.811
ENV2;S3;D;1;80.348;81;;12.512;35.5118;0.739;1.3473;1.00E-12;2.2523;75.811
ENV2;S3;D;1;81.339;82;;12.5116;35.5108;0.9249;1.112;1.00E-12;2.2083;76.235
ENV2;S3;D;2;3.969;4;;13.3047;33.5316;2.5751;1.1772;8.4172;2.4968;308.41
ENV2;S3;D;2;4.961;5;;13.3123;34.2523;2.8022;1.1315;6.5973;2.5068;315.19
ENV2;S3;D;2;5.953;6;;13.2799;34.5139;3.1122;1.1725;4.9991;2.5105;303.97
ENV2;S3;D;2;6.945;7;;13.25;34.5918;3.1862;1.1391;3.6341;2.5136;294.69
ENV2;S3;D;2;7.937;8;;13.2366;34.6218;3.2708;1.0533;2.8114;2.5131;308.58
ENV2;S3;D;2;8.929;9;;13.2263;34.7013;3.4585;1.0823;2.2818;2.5143;313.57
ENV2;S3;D;2;9.921;10;;13.2639;34.7878;4.4889;1.1071;1.75;2.5147;304.05
ENV2;S3;D;2;10.913;11;;13.2876;34.8215;5.7209;1.043;1.2797;2.5441;312.62
ENV2;S3;D;2;11.905;12;;13.3228;34.8884;6.082;1.0668;1.0769;2.5795;320.64
ENV2;S3;D;2;12.897;13;;13.3692;35.1044;6.4399;1.0938;0.86913;2.5955;309.67
ENV2;S3;D;2;13.89;14;;13.3467;35.1947;4.2898;0.8655;0.63512;2.6017;297.15
ENV2;S3;D;2;14.882;15;;13.3319;35.2162;3.5601;0.7926;0.48081;2.5683;307.41
ENV2;S3;D;2;15.874;16;;13.3123;35.2421;3.7141;0.8004;0.42583;2.5507;323.34
ENV2;S3;D;2;16.866;17;;13.309;35.2478;3.9361;0.8319;0.34747;2.5473;320.02
ENV2;S3;D;2;17.858;18;;13.2709;35.2723;4.0243;0.8483;0.28378;2.5468;306.8
ENV2;S3;D;2;18.85;19;;13.2474;35.2762;4.0267;0.8755;0.23602;2.5493;317.49
ENV2;S3;D;2;19.842;20;;13.2249;35.2792;4.6199;0.8188;0.18746;2.5486;318.03
ENV2;S3;D;2;20.834;21;;13.2017;35.2812;5.413;0.8266;0.15354;2.5404;307.91
ENV2;S3;D;2;21.826;22;;13.1752;35.2836;5.9209;0.8555;0.12839;2.5303;314.77
ENV2;S3;D;2;22.818;23;;13.1271;35.2906;5.8833;0.8291;0.10164;2.5186;319.1
ENV2;S3;D;2;23.81;24;;13.0914;35.2968;4.6588;0.7283;0.077601;2.4973;323.43
ENV2;S3;D;2;24.802;25;;13.0061;35.3175;3.3852;0.6249;0.054874;2.4782;326.29
ENV2;S3;D;2;25.794;26;;12.9915;35.3194;2.8484;0.5999;0.039507;2.4582;317.76
ENV2;S3;D;2;26.786;27;;12.9893;35.3202;2.9157;0.6118;0.032472;2.4465;315.34
ENV2;S3;D;2;27.778;28;;12.9827;35.3209;2.9414;0.5855;0.026397;2.4394;318.56
ENV2;S3;D;2;28.77;29;;12.9756;35.3217;2.6708;0.5667;0.015856;2.4328;323.26
ENV2;S3;D;2;29.762;30;;12.9453;35.3278;2.4015;0.5553;0.0053652;2.4268;329.38
ENV2;S3;D;2;30.754;31;;12.9151;35.3419;2.1322;0.5893;0.00088645;2.4218;329.76
ENV2;S3;D;2;31.746;32;;12.8867;35.3503;1.9668;0.5684;0.000011447;2.4146;321.57
ENV2;S3;D;2;32.738;33;;12.8319;35.3722;1.6413;0.6091;1.00E-12;2.403;323.99
ENV2;S3;D;2;33.73;34;;12.8143;35.381;1.3354;0.6192;1.00E-12;2.3819;333.15
ENV2;S3;D;2;34.722;35;;12.8132;35.3813;1.3828;0.6579;1.00E-12;2.3673;330.07
ENV2;S3;D;2;35.714;36;;12.8099;35.383;1.3085;0.6348;1.00E-12;2.3556;328.45
ENV2;S3;D;2;36.706;37;;12.804;35.386;1.176;0.7059;1.00E-12;2.345;333.55
ENV2;S3;D;2;37.698;38;;12.7963;35.3884;1.4159;0.7736;1.00E-12;2.3427;324.39
ENV2;S3;D;2;38.69;39;;12.7928;35.3896;1.1121;0.7547;1.00E-12;2.3393;329.46
ENV2;S3;D;2;39.682;40;;12.7905;35.3895;0.9453;0.6758;1.00E-12;2.3308;338.76
ENV2;S3;D;2;40.674;41;;12.7878;35.3902;0.9596;0.7372;1.00E-12;2.326;335.13
ENV2;S3;D;2;41.666;42;;12.7877;35.3907;0.988;0.7153;1.00E-12;2.3241;335.36
ENV2;S3;D;2;42.658;43;;12.7874;35.3915;0.9766;0.7132;1.00E-12;2.3225;332.19
ENV2;S3;D;2;43.65;44;;12.7866;35.3919;0.9083;0.7023;1.00E-12;2.3196;341.48
ENV2;S3;D;2;44.642;45;;12.7835;35.3929;0.9358;0.7286;1.00E-12;2.3186;346.37
ENV2;S3;D;2;45.634;46;;12.78;35.3927;0.9299;0.7686;1.00E-12;2.3168;335.79
ENV2;S3;D;2;46.626;47;;12.7696;35.399;0.9585;0.7996;1.00E-12;2.3147;333.98
ENV2;S3;D;2;47.617;48;;12.7667;35.4026;1.014;0.773;1.00E-12;2.312;340.48
ENV2;S3;D;2;48.609;49;;12.7664;35.4031;1.0351;0.7542;1.00E-12;2.3091;345.58
ENV2;S3;D;2;49.601;50;;12.766;35.4039;1.0625;0.7352;1.00E-12;2.3083;341.33
ENV2;S3;D;2;50.593;51;;12.7637;35.4052;0.9929;0.7145;1.00E-12;2.3086;349.51
ENV2;S3;D;2;51.585;52;;12.7605;35.4068;1.05;0.7498;1.00E-12;2.3082;350.71
ENV2;S3;D;2;52.577;53;;12.7592;35.4074;1.0571;0.7411;1.00E-12;2.3071;328.6
ENV2;S3;D;2;53.569;54;;12.7565;35.4086;1.0611;0.7565;1.00E-12;2.3056;338.39
ENV2;S3;D;2;54.561;55;;12.7542;35.4089;1.0847;0.7535;1.00E-12;2.305;354.48
ENV2;S3;D;2;55.552;56;;12.7448;35.4096;1.0635;0.7121;1.00E-12;2.3031;350.61
ENV2;S3;D;2;56.544;57;;12.737;35.4101;1.0051;0.753;1.00E-12;2.3017;338.27
ENV2;S3;D;2;57.536;58;;12.7355;35.4096;0.9943;0.813;1.00E-12;2.3002;351.45
ENV2;S3;D;2;58.528;59;;12.7347;35.4096;0.9885;0.8118;1.00E-12;2.3002;349.44
ENV2;S3;D;2;59.52;60;;12.728;35.4086;0.9321;0.7961;1.00E-12;2.3005;346.55
ENV2;S3;D;2;60.512;61;;12.7273;35.4083;0.9836;0.7949;1.00E-12;2.2992;356.95
ENV2;S3;D;2;61.504;62;;12.7244;35.4077;0.9745;0.8286;1.00E-12;2.298;347.2
ENV2;S3;D;2;62.496;63;;12.7228;35.4076;0.9133;0.827;1.00E-12;2.2974;339.65
ENV2;S3;D;2;63.487;64;;12.7222;35.4078;0.8666;0.8293;1.00E-12;2.2964;348.24
ENV2;S3;D;2;64.479;65;;12.7228;35.4076;0.8406;0.7441;1.00E-12;2.2956;359.56
ENV2;S3;D;2;65.471;66;;12.7221;35.4079;0.8826;0.7673;1.00E-12;2.2956;353.62
ENV2;S3;D;2;66.463;67;;12.7225;35.4079;0.8722;0.8471;1.00E-12;2.2954;352.65
ENV2;S3;D;2;67.455;68;;12.7232;35.4081;0.875;0.835;1.00E-12;2.2946;347.85
ENV2;S3;D;2;68.446;69;;12.7239;35.4089;0.9236;0.8369;1.00E-12;2.2944;349.66
ENV2;S3;D;2;69.438;70;;12.7237;35.4092;0.9146;0.8127;1.00E-12;2.2944;357.72
ENV2;S3;D;2;70.43;71;;12.7245;35.4092;0.9247;0.82;1.00E-12;2.2936;361.27
ENV2;S3;D;2;71.422;72;;12.725;35.4094;0.8488;0.7822;1.00E-12;2.2936;361.35
ENV2;S3;D;2;72.414;73;;12.7224;35.4097;0.9302;0.8007;1.00E-12;2.2932;355.33
ENV2;S3;D;2;73.405;74;;12.7217;35.4099;0.8777;0.8328;1.00E-12;2.2922;351.11
ENV2;S3;D;2;74.397;75;;12.7212;35.4099;0.8402;0.8318;1.00E-12;2.2917;348.62
ENV2;S3;D;2;75.389;76;;12.7212;35.41;0.8327;0.7961;1.00E-12;2.2904;359.12
ENV2;S3;D;2;76.381;77;;12.7209;35.4108;0.8097;0.77;1.00E-12;2.2902;368.7
ENV2;S3;D;2;77.372;78;;12.7202;35.4111;0.8984;0.8656;1.00E-12;2.2898;359.09
ENV2;S3;D;2;78.364;79;;12.7201;35.4111;0.8913;0.9606;1.00E-12;2.2892;356.54
ENV2;S3;D;2;79.356;80;;12.7202;35.4112;0.8992;0.8175;1.00E-12;2.2896;366.35
ENV2;S3;D;2;80.348;81;;12.7202;35.4112;0.8719;1.0345;1.00E-12;2.2896;361.65
ENV2;S3;D;2;81.34;82;;12.7202;35.4112;0.8355;0.7846;1.00E-12;2.2898;364.54
ENV2;S3;D;2;82.331;83;;12.7203;35.4114;0.8741;0.7813;1.00E-12;2.2894;363.17
ENV2;S3;D;2;83.323;84;;12.7204;35.4112;0.904;0.8181;1.00E-12;2.2887;364.26
ENV2;S3;D;2;84.315;85;;12.7187;35.4114;0.8608;0.8238;1.00E-12;2.2882;370.01
ENV2;S3;D;2;85.307;86;;12.7177;35.4114;0.862;0.8107;1.00E-12;2.288;369.21
ENV2;S3;D;2;86.298;87;;12.715;35.4109;0.8194;0.7499;1.00E-12;2.2866;363.44
ENV2;S3;D;3;1.984;2;;13.4641;25.758;3.9311;1.8216;4.6272;2.4045;13.878
ENV2;S3;D;3;2.976;3;;13.5203;27.3443;3.9305;1.9756;3.2949;2.5022;14.797
ENV2;S3;D;3;3.969;4;;13.61;29.2746;3.5205;1.9571;2.1896;2.5059;15.555
ENV2;S3;D;3;4.961;5;;13.6363;29.792;3.2566;1.8822;1.305;2.5094;15.831
ENV2;S3;D;3;5.953;6;;13.3359;34.2345;3.204;1.5243;0.83344;2.5051;15.827
ENV2;S3;D;3;6.945;7;;13.1087;35.1844;3.2287;0.8025;0.58233;2.4995;15.868
ENV2;S3;D;3;7.937;8;;12.9917;35.2197;3.0857;0.7883;0.48332;2.4967;15.962
ENV2;S3;D;3;8.929;9;;12.9268;35.225;2.1353;0.7635;0.40092;2.4839;15.96
ENV2;S3;D;3;9.921;10;;12.9334;35.2429;1.7816;0.8019;0.30443;2.4584;15.907
ENV2;S3;D;3;10.913;11;;12.9426;35.2536;2.2245;0.7315;0.25026;2.4297;15.96
ENV2;S3;D;3;11.905;12;;12.9444;35.2561;2.3371;0.705;0.20905;2.419;15.96
ENV2;S3;D;3;12.897;13;;12.947;35.2632;2.3978;0.7171;0.1666;2.4144;15.96
ENV2;S3;D;3;13.89;14;;12.9457;35.2677;2.2948;0.784;0.13807;2.4122;15.96
ENV2;S3;D;3;14.882;15;;12.9446;35.2721;2.1723;0.707;0.11759;2.4108;15.96
ENV2;S3;D;3;15.874;16;;12.9442;35.2757;2.0401;0.6764;0.091183;2.4099;15.96
ENV2;S3;D;3;16.866;17;;12.945;35.2775;2.0806;0.657;0.071948;2.4076;15.96
ENV2;S3;D;3;17.858;18;;12.9465;35.2804;2.011;0.6719;0.058914;2.4065;15.96
ENV2;S3;D;3;18.85;19;;12.9507;35.2829;1.9193;0.6828;0.050764;2.4053;15.96
ENV2;S3;D;3;19.842;20;;12.9539;35.2848;1.9903;0.6667;0.039819;2.4045;15.96
ENV2;S3;D;3;20.834;21;;12.9509;35.2867;2.009;0.6559;0.029248;2.4056;15.96
ENV2;S3;D;3;21.826;22;;12.9401;35.2894;1.9006;0.6868;0.017118;2.4049;15.96
ENV2;S3;D;3;22.818;23;;12.9183;35.3;1.6453;0.6468;0.0068164;2.4026;15.96
ENV2;S3;D;3;23.81;24;;12.9067;35.31;1.3151;0.6312;0.00085665;2.3975;15.96
ENV2;S3;D;3;24.802;25;;12.9005;35.3141;1.1902;0.6581;0.00002121;2.3911;15.96
ENV2;S3;D;3;25.794;26;;12.8991;35.3145;1.1973;0.7678;1.00E-12;2.3852;15.96
ENV2;S3;D;3;26.786;27;;12.8955;35.3163;1.0979;0.6502;1.00E-12;2.381;15.96
ENV2;S3;D;3;27.778;28;;12.8882;35.3203;1.0637;0.6375;1.00E-12;2.3776;15.96
ENV2;S3;D;3;28.77;29;;12.8862;35.3215;0.9551;0.6288;1.00E-12;2.3744;15.96
ENV2;S3;D;3;29.762;30;;12.887;35.3219;0.9306;0.6407;1.00E-12;2.3707;15.96
ENV2;S3;D;3;30.754;31;;12.8871;35.3221;0.9645;0.6279;1.00E-12;2.3668;15.96
ENV2;S3;D;3;31.746;32;;12.888;35.3229;0.9504;0.6099;1.00E-12;2.3631;15.96
ENV2;S3;D;3;32.738;33;;12.8846;35.3238;0.9255;0.6603;1.00E-12;2.3604;15.96
ENV2;S3;D;3;33.73;34;;12.8801;35.3264;0.8921;0.6445;1.00E-12;2.3586;15.96
ENV2;S3;D;3;34.722;35;;12.8787;35.3273;0.8936;0.6387;1.00E-12;2.3575;15.96
ENV2;S3;D;3;35.714;36;;12.878;35.3288;0.9087;0.6741;1.00E-12;2.3567;15.96
ENV2;S3;D;3;36.706;37;;12.8722;35.3342;1.1096;0.6303;1.00E-12;2.3558;15.96
ENV2;S3;D;3;37.698;38;;12.8689;35.3362;0.7742;0.635;1.00E-12;2.3537;15.96
ENV2;S3;D;3;38.69;39;;12.8648;35.3404;0.7591;0.7156;1.00E-12;2.3514;15.96
ENV2;S3;D;3;39.682;40;;12.8627;35.3424;0.7556;0.6934;1.00E-12;2.3493;15.96
ENV2;S3;D;3;40.674;41;;12.8592;35.3435;0.7879;0.6399;1.00E-12;2.3466;15.96
ENV2;S3;D;3;41.666;42;;12.8559;35.3448;0.7555;0.6415;1.00E-12;2.3444;15.96
ENV2;S3;D;3;42.658;43;;12.8525;35.347;0.7035;0.635;1.00E-12;2.3436;15.96
ENV2;S3;D;3;43.65;44;;12.8457;35.3512;0.7191;0.7392;1.00E-12;2.3426;15.96
ENV2;S3;D;3;44.642;45;;12.8442;35.3521;0.7118;0.9331;1.00E-12;2.3395;15.96
ENV2;S3;D;3;45.634;46;;12.8432;35.3528;0.7075;0.7265;1.00E-12;2.337;16.079
ENV2;S3;D;3;46.626;47;;12.8412;35.3543;0.6585;0.641;1.00E-12;2.3353;16.475
ENV2;S3;D;3;47.617;48;;12.838;35.3561;0.6831;0.6723;1.00E-12;2.3334;17.045
ENV2;S3;D;3;48.609;49;;12.8325;35.3593;0.6313;0.6911;1.00E-12;2.3313;17.252
ENV2;S3;D;3;49.601;50;;12.8321;35.3595;0.6286;0.7518;1.00E-12;2.3291;17.477
ENV2;S3;D;3;50.593;51;;12.8309;35.36;0.6312;0.7453;1.00E-12;2.3267;17.727
ENV2;S3;D;3;51.585;52;;12.8266;35.3633;0.6481;0.7678;1.00E-12;2.3249;17.962
ENV2;S3;D;3;52.577;53;;12.8255;35.3645;0.7085;1.1349;1.00E-12;2.3241;17.955
ENV2;S3;D;3;53.569;54;;12.8255;35.3651;0.6187;0.726;1.00E-12;2.3222;17.955
ENV2;S3;D;3;54.561;55;;12.8257;35.3648;0.6359;0.7039;1.00E-12;2.3206;17.955
ENV2;S3;D;3;55.553;56;;12.8257;35.3648;0.6475;0.7414;1.00E-12;2.3202;17.955
ENV2;S3;D;3;56.544;57;;12.8259;35.3649;0.6328;0.8311;1.00E-12;2.32;17.955
ENV2;S3;D;3;57.536;58;;12.8261;35.3651;0.6397;0.7592;1.00E-12;2.32;17.955
ENV2;S3;D;3;58.528;59;;12.8266;35.3654;0.6168;0.7823;1.00E-12;2.3199;17.955
ENV2;S3;D;3;59.52;60;;12.8286;35.3663;0.6091;0.7137;1.00E-12;2.3192;17.955
ENV2;S3;D;3;60.512;61;;12.8312;35.367;0.6145;0.6177;1.00E-12;2.319;17.955
ENV2;S3;D;3;61.504;62;;12.8313;35.367;0.6427;0.5915;1.00E-12;2.3203;17.955
ENV2;S3;D;3;62.495;63;;12.8325;35.3674;0.6118;0.6133;1.00E-12;2.3206;17.955
ENV2;S3;D;3;63.487;64;;12.8332;35.3682;0.5811;0.623;1.00E-12;2.3202;17.955
ENV2;S3;D;3;64.479;65;;12.8345;35.3692;0.5924;0.7478;1.00E-12;2.3198;17.955
ENV2;S3;D;3;65.471;66;;12.8361;35.3705;0.6498;0.8529;1.00E-12;2.3195;17.955
ENV2;S3;D;3;66.463;67;;12.8359;35.3769;0.6287;0.743;1.00E-12;2.3206;17.955
ENV2;S3;D;3;67.455;68;;12.8313;35.3778;0.6298;0.6563;1.00E-12;2.321;17.955
ENV2;S3;D;3;68.446;69;;12.8188;35.3773;0.6226;0.6487;1.00E-12;2.3197;17.955
ENV2;S3;D;3;69.438;70;;12.8047;35.3792;0.6171;0.7682;1.00E-12;2.3184;17.955
ENV2;S3;D;3;70.43;71;;12.7931;35.3845;0.6428;0.9412;1.00E-12;2.3154;17.955
ENV2;S3;D;3;71.422;72;;12.7842;35.3888;0.6607;1.0612;1.00E-12;2.3096;17.955
ENV2;S3;D;3;72.414;73;;12.7791;35.3904;0.7111;2.8999;1.00E-12;2.3028;17.955
ENV2;S3;D;3;73.405;74;;12.7748;35.3925;0.6457;1.0851;1.00E-12;2.2982;17.955
ENV2;S3;D;3;74.397;75;;12.7731;35.3929;0.6581;0.9385;1.00E-12;2.2945;17.955
ENV2;S3;D;3;75.389;76;;12.7687;35.3943;0.6511;1.1047;1.00E-12;2.2921;17.955
ENV2;S3;D;3;76.381;77;;12.7685;35.3944;0.6168;1.1038;1.00E-12;2.2904;17.955
ENV2;S3;D;3;77.373;78;;12.7729;35.3929;0.6264;1.0872;1.00E-12;2.2892;17.955
ENV2;S3;D;3;78.364;79;;12.7699;35.3937;0.65;1.0458;1.00E-12;2.2881;17.955
ENV2;S3;D;3;79.356;80;;12.7684;35.3943;0.6745;1.0674;1.00E-12;2.2867;17.955
ENV2;S3;D;3;80.348;81;;12.7578;35.3976;0.645;1.0653;1.00E-12;2.2863;17.955
ENV2;S3;D;3;81.34;82;;12.7341;35.4067;0.6457;1.1468;1.00E-12;2.2858;17.955
ENV2;S3;D;3;82.331;83;;12.7233;35.4121;0.6517;1.1323;1.00E-12;2.283;17.955
ENV2;S3;D;3;83.323;84;;12.7206;35.4132;0.5888;0.9892;1.00E-12;2.2789;17.955
ENV2;S3;D;3;84.315;85;;12.7179;35.4146;0.6037;0.9696;1.00E-12;2.2766;17.955
ENV2;S3;D;3;85.307;86;;12.7212;35.4136;0.6044;0.7925;1.00E-12;2.2741;17.955
ENV2;S3;D;3;86.298;87;;12.7452;35.4029;0.6085;0.812;1.00E-12;2.2797;18.075
ENV2;S3;D;4;2.976;3;;13.9345;29.0858;3.5997;1.6612;6.7673;2.3808;60.105
ENV2;S3;D;4;3.968;4;;13.9911;30.5493;4.8768;1.8952;4.6762;2.5372;61.919
ENV2;S3;D;4;4.961;5;;13.9921;31.3578;4.7739;1.9418;3.8788;2.5344;63.159
ENV2;S3;D;4;5.953;6;;13.99;32.2522;5.555;1.7313;2.4127;2.5378;63.554
ENV2;S3;D;4;6.945;7;;13.9074;32.8205;5.6263;1.4255;1.5609;2.5448;62.208
ENV2;S3;D;4;7.937;8;;13.774;33.1835;4.3195;1.3463;1.0608;2.5473;63.883
ENV2;S3;D;4;8.929;9;;13.4157;34.0914;2.8611;1.055;0.83604;2.5347;63.841
ENV2;S3;D;4;9.921;10;;13.2158;34.5529;2.0535;0.8537;0.71072;2.5114;63.841
ENV2;S3;D;4;10.913;11;;13.1023;34.8265;1.5526;0.7745;0.50104;2.477;63.841
ENV2;S3;D;4;11.905;12;;13.0281;34.9975;0.9097;0.6552;0.38871;2.4168;63.841
ENV2;S3;D;4;12.898;13;;13.0202;35.0089;0.9275;0.6104;0.34404;2.3997;63.841
ENV2;S3;D;4;13.89;14;;13.0176;35.0155;0.9828;0.6037;0.30967;2.3869;63.841
ENV2;S3;D;4;14.882;15;;13.0512;35.0347;1.0088;0.6266;0.28542;2.3791;63.841
ENV2;S3;D;4;15.874;16;;13.1004;35.0711;1.0662;0.6243;0.24425;2.3792;64.884
ENV2;S3;D;4;16.866;17;;13.1099;35.0871;1.1596;0.545;0.16016;2.4;65.967
ENV2;S3;D;4;17.858;18;;13.1045;35.0893;1.1903;0.5769;0.16178;2.4064;65.04
ENV2;S3;D;4;18.85;19;;13.104;35.0976;1.0633;0.6099;0.14384;2.4075;65.819
ENV2;S3;D;4;19.842;20;;13.1033;35.102;1.0221;0.5393;0.1222;2.408;65.836
ENV2;S3;D;4;20.834;21;;13.0667;35.11;0.9988;0.5382;0.087317;2.4084;65.836
ENV2;S3;D;4;21.826;22;;13.0215;35.119;1.0042;0.5735;0.089485;2.407;65.836
ENV2;S3;D;4;22.818;23;;13.0371;35.1338;1.0226;0.6093;0.081913;2.4025;65.836
ENV2;S3;D;4;23.81;24;;13.0554;35.1442;1.0695;0.5353;0.056607;2.3919;66.788
ENV2;S3;D;4;24.802;25;;13.068;35.1509;1.0248;0.5413;0.041697;2.3921;66.944
ENV2;S3;D;4;25.794;26;;13.0541;35.1523;0.9801;0.5755;0.034418;2.3919;67.84
ENV2;S3;D;4;26.786;27;;13.0401;35.156;0.9173;0.5393;0.031581;2.3921;67.831
ENV2;S3;D;4;27.778;28;;13.0291;35.1605;0.8866;0.5341;0.024859;2.3898;67.817
ENV2;S3;D;4;28.77;29;;13.0158;35.1689;0.8772;0.5288;0.0093692;2.3831;67.832
ENV2;S3;D;4;29.762;30;;13.0015;35.1799;0.8578;0.7388;0.0095183;2.381;67.831
ENV2;S3;D;4;30.754;31;;13.0106;35.1887;0.8116;0.6478;0.0036351;2.3788;67.831
ENV2;S3;D;4;31.746;32;;13.0013;35.1899;0.7238;0.6282;-0.00005376;2.3723;68.6
ENV2;S3;D;4;32.738;33;;12.999;35.2029;0.6712;0.5682;-0.000008835;2.3679;67.807
ENV2;S3;D;4;33.73;34;;12.9908;35.2197;0.5926;0.5661;1.00E-12;2.3657;67.868
ENV2;S3;D;4;34.722;35;;12.9957;35.2322;0.5946;0.5342;1.00E-12;2.364;69.687
ENV2;S3;D;4;35.714;36;;12.9985;35.2367;0.6951;0.521;1.00E-12;2.3653;69.825
ENV2;S3;D;4;36.706;37;;12.9992;35.2373;0.6863;0.586;1.00E-12;2.3703;69.826
ENV2;S3;D;4;37.698;38;;12.9981;35.2383;0.6889;0.5558;1.00E-12;2.3715;69.826
ENV2;S3;D;4;38.69;39;;12.9931;35.2392;0.7082;0.5327;1.00E-12;2.3721;69.826
ENV2;S3;D;4;39.682;40;;12.9918;35.2406;0.7064;0.4931;1.00E-12;2.3749;69.826
ENV2;S3;D;4;40.674;41;;12.9963;35.2429;0.6998;0.4797;1.00E-12;2.3773;69.826
ENV2;S3;D;4;41.666;42;;12.9971;35.2437;0.7208;0.4687;1.00E-12;2.3779;71.012
ENV2;S3;D;4;42.658;43;;12.9944;35.244;0.7553;0.483;1.00E-12;2.3781;71.807
ENV2;S3;D;4;43.65;44;;12.9961;35.2472;0.7771;0.5145;1.00E-12;2.3773;71.821
ENV2;S3;D;4;44.642;45;;12.997;35.2486;0.8802;0.644;1.00E-12;2.3769;71.821
ENV2;S3;D;4;45.634;46;;12.9959;35.2492;0.8688;0.6448;1.00E-12;2.3773;71.821
ENV2;S3;D;4;46.625;47;;12.9875;35.2543;0.8986;0.6622;1.00E-12;2.3766;71.821
ENV2;S3;D;4;47.617;48;;12.9788;35.2612;0.9405;0.6154;1.00E-12;2.3758;71.821
ENV2;S3;D;4;48.609;49;;12.9684;35.2709;0.9706;0.5968;1.00E-12;2.3714;71.901
ENV2;S3;D;4;49.601;50;;12.9676;35.2723;0.8994;0.6638;1.00E-12;2.3694;71.887
ENV2;S3;D;4;50.593;51;;12.9658;35.274;0.9222;0.6065;1.00E-12;2.3688;73.384
ENV2;S3;D;4;51.585;52;;12.9659;35.2743;0.9153;0.6556;1.00E-12;2.3686;73.807
ENV2;S3;D;4;52.577;53;;12.966;35.274;0.9384;0.6359;1.00E-12;2.3669;73.798
ENV2;S3;D;4;53.569;54;;12.957;35.2789;0.851;0.6011;1.00E-12;2.3658;73.818
ENV2;S3;D;4;54.561;55;;12.9496;35.2808;0.7756;0.6953;1.00E-12;2.3659;73.816
ENV2;S3;D;4;55.552;56;;12.9485;35.2811;0.7875;0.6906;1.00E-12;2.3653;73.816
ENV2;S3;D;4;56.544;57;;12.9485;35.281;0.7845;0.7203;1.00E-12;2.3635;73.921
ENV2;S3;D;4;57.536;58;;12.9487;35.2799;0.8002;0.729;1.00E-12;2.3606;74.936
ENV2;S3;D;4;58.528;59;;12.9468;35.2806;0.7671;0.7214;1.00E-12;2.3608;75.184
ENV2;S3;D;4;59.52;60;;12.9463;35.2808;0.781;0.6905;1.00E-12;2.3603;75.912
ENV2;S3;D;4;60.512;61;;12.9462;35.2808;0.7473;0.7718;1.00E-12;2.3603;75.811
ENV2;S3;D;4;61.504;62;;12.9462;35.2809;0.7556;0.7765;1.00E-12;2.3602;75.811
ENV2;S3;D;4;62.496;63;;12.9464;35.2807;0.7787;0.8356;1.00E-12;2.3591;75.811
ENV2;S3;D;4;63.487;64;;12.9461;35.2806;0.7719;0.6834;1.00E-12;2.358;75.811
ENV2;S3;D;4;64.479;65;;12.946;35.2804;0.7571;0.6595;1.00E-12;2.3583;76.278
ENV2;S3;D;4;65.471;66;;12.9464;35.2806;0.8206;0.7758;1.00E-12;2.3587;75.794
ENV2;S3;D;4;66.463;67;;12.9463;35.2806;0.7556;0.7499;1.00E-12;2.3585;75.811
ENV2;S3;D;4;67.455;68;;12.9468;35.2805;0.7894;0.7151;1.00E-12;2.3568;77.413
ENV2;S3;D;4;68.446;69;;12.9467;35.2807;0.7584;0.6464;1.00E-12;2.3579;77.808
ENV2;S3;D;4;69.438;70;;12.9456;35.2813;0.7598;0.7077;1.00E-12;2.3577;77.645
ENV2;S3;D;4;70.43;71;;12.9437;35.2825;0.7302;0.7559;1.00E-12;2.3572;77.802
ENV2;S3;D;4;71.422;72;;12.942;35.2831;0.7428;0.7669;1.00E-12;2.3562;77.806
ENV2;S3;D;4;72.414;73;;12.9418;35.2827;0.741;0.7284;1.00E-12;2.3552;79.583
ENV2;S3;D;4;73.405;74;;12.9412;35.2835;0.6989;0.7396;1.00E-12;2.3561;79.819
ENV2;S3;D;4;74.397;75;;12.9407;35.2836;0.686;0.7712;1.00E-12;2.3553;79.801
ENV2;S3;D;4;75.389;76;;12.9366;35.2843;0.6936;0.8013;1.00E-12;2.3542;79.801
ENV2;S3;D;4;76.381;77;;12.9324;35.2851;0.7231;0.9773;1.00E-12;2.3531;79.801
ENV2;S3;D;4;77.372;78;;12.9346;35.2849;0.6359;1.1432;1.00E-12;2.3503;81.557
ENV2;S3;D;4;78.364;79;;12.9295;35.2889;0.616;1.2934;1.00E-12;2.3509;81.782
ENV2;S3;D;4;79.356;80;;12.9254;35.2934;0.6087;1.504;1.00E-12;2.3476;81.796
ENV2;S3;D;4;80.348;81;;12.9151;35.3013;0.5956;1.608;1.00E-12;2.3448;81.796
ENV2;S3;D;4;81.34;82;;12.8436;35.3488;0.5972;1.6875;1.00E-12;2.3423;81.796
ENV2;S3;D;4;82.331;83;;12.7025;35.4383;0.5419;1.8635;1.00E-12;2.3371;81.796
ENV2;S3;D;4;83.323;84;;12.7027;35.4345;0.4463;1.4718;1.00E-12;2.2724;82.993
ENV2;S3;D;4;84.315;85;;12.6531;35.4628;0.413;1.4494;1.00E-12;2.2343;81.976
ENV2;S3;D;4;85.306;86;;12.6523;35.4615;0.4002;1.4824;1.00E-12;2.2275;83.752
ENV2;S3;D;4;86.298;87;;12.6485;35.4626;0.4276;1.3202;1.00E-12;2.2074;83.88
ENV2;S3;D;4;87.29;88;;12.5804;35.5035;0.3486;1.6331;1.00E-12;2.1966;83.383
ENV2;S3;D;5;3.969;4;;14.0403;31.7915;2.8968;1.3019;6.3117;2.2857;49.876
ENV2;S3;D;5;4.961;5;;14.0449;31.8347;3.083;1.3181;4.4588;2.2665;49.89
ENV2;S3;D;5;5.953;6;;14.0443;32.1185;3.2642;1.3307;3.3035;2.565;51.164
ENV2;S3;D;5;6.945;7;;14.045;32.1846;3.19;1.4249;2.6827;2.5237;51.878
ENV2;S3;D;5;7.937;8;;14.0473;32.5452;3.4033;1.3446;1.7765;2.5278;51.87
ENV2;S3;D;5;8.929;9;;14.0418;32.9266;3.4481;1.2608;1.4;2.5331;51.87
ENV2;S3;D;5;9.921;10;;14.0189;33.5072;3.5161;1.2101;1.1551;2.5341;51.87
ENV2;S3;D;5;10.913;11;;14.0091;33.7143;3.5163;1.1847;0.8441;2.5358;52.003
ENV2;S3;D;5;11.905;12;;13.9966;33.8882;3.4636;1.1322;0.53334;2.5394;51.903
ENV2;S3;D;5;12.898;13;;14.0136;34.2243;3.6916;1.1263;0.50466;2.5385;52.71
ENV2;S3;D;5;13.89;14;;13.9819;34.473;4.0117;1.1241;0.38656;2.5407;51.871
ENV2;S3;D;5;14.882;15;;13.9326;34.6541;4.2458;0.9884;0.28379;2.5491;52.54
ENV2;S3;D;5;15.874;16;;13.931;34.763;4.3724;0.8805;0.21843;2.5595;53.881
ENV2;S3;D;5;16.866;17;;13.8935;34.8136;4.2559;0.9555;0.1667;2.5614;53.865
ENV2;S3;D;5;17.858;18;;13.8854;34.8863;4.2393;0.9166;0.14013;2.5603;53.466
ENV2;S3;D;5;18.85;19;;13.9009;34.9099;4.2862;0.9107;0.12758;2.5606;52.137
ENV2;S3;D;5;19.842;20;;13.9242;34.9456;4.3836;1.4364;0.09043;2.562;53.575
ENV2;S3;D;5;20.834;21;;13.8933;34.9794;4.4021;0.8654;0.063765;2.5628;53.891
ENV2;S3;D;5;21.826;22;;13.8854;34.9873;4.3196;0.9066;0.041476;2.5616;53.865
ENV2;S3;D;5;22.818;23;;13.8789;34.9886;4.3495;0.8753;0.033672;2.561;53.865
ENV2;S3;D;5;23.81;24;;13.8019;35.0162;4.3115;0.8526;0.031756;2.5622;53.865
ENV2;S3;D;5;24.802;25;;13.7268;35.0489;4.0788;0.8682;0.015964;2.5598;53.865
ENV2;S3;D;5;25.794;26;;13.6993;35.0794;4.0662;0.7598;-0.0002884;2.5553;53.865
ENV2;S3;D;5;26.786;27;;13.6211;35.1212;3.9252;0.7896;-0.00007666;2.5534;53.865
ENV2;S3;D;5;27.778;28;;13.5385;35.1698;3.6545;0.8578;-7.23E-10;2.5499;53.865
ENV2;S3;D;5;28.77;29;;13.5167;35.1838;3.7001;0.8226;1.00E-12;2.5457;53.865
ENV2;S3;D;5;29.762;30;;13.498;35.1922;3.8071;0.6871;1.00E-12;2.5423;53.865
ENV2;S3;D;5;30.754;31;;13.4309;35.2297;3.6211;0.7471;1.00E-12;2.54;53.865
ENV2;S3;D;5;31.746;32;;13.3457;35.2651;3.4849;0.7811;1.00E-12;2.5363;53.865
ENV2;S3;D;5;32.738;33;;13.3213;35.27;3.3713;0.7354;1.00E-12;2.5248;53.865
ENV2;S3;D;5;33.73;34;;13.3078;35.2716;3.3454;0.6872;1.00E-12;2.5137;53.912
ENV2;S3;D;5;34.722;35;;13.3022;35.272;3.2986;0.7421;1.00E-12;2.5106;53.865
ENV2;S3;D;5;35.714;36;;13.2907;35.2732;3.2749;0.7395;1.00E-12;2.5088;53.964
ENV2;S3;D;5;36.706;37;;13.2582;35.277;3.3426;0.6301;1.00E-12;2.5041;54.124
ENV2;S3;D;5;37.698;38;;13.2337;35.2789;3.2602;0.6756;1.00E-12;2.4978;53.858
ENV2;S3;D;5;38.69;39;;13.2097;35.2815;3.096;0.7013;1.00E-12;2.4949;53.865
ENV2;S3;D;5;39.682;40;;13.1811;35.2846;3.0509;0.6365;1.00E-12;2.4853;54.675
ENV2;S3;D;5;40.674;41;;13.1209;35.2907;2.7431;0.5271;1.00E-12;2.4677;55.916
ENV2;S3;D;5;41.666;42;;13.0876;35.2946;2.477;0.5598;1.00E-12;2.4569;55.005
ENV2;S3;D;5;42.658;43;;13.0552;35.3011;2.1192;0.5212;1.00E-12;2.4452;54.551
ENV2;S3;D;5;43.649;44;;13.0366;35.3074;1.8099;0.4918;1.00E-12;2.4307;56.001
ENV2;S3;D;5;44.642;45;;13.024;35.3132;1.5871;0.4749;1.00E-12;2.4231;55.861
ENV2;S3;D;5;45.633;46;;13.0178;35.3153;1.4234;0.462;1.00E-12;2.4096;55.842
ENV2;S3;D;5;46.626;47;;12.9989;35.3266;1.3602;0.4687;1.00E-12;2.4014;55.109
ENV2;S3;D;5;47.617;48;;12.9888;35.3331;1.3104;0.5122;1.00E-12;2.4008;55.868
ENV2;S3;D;5;48.609;49;;12.9869;35.3339;1.1898;0.5218;1.00E-12;2.3995;55.861
ENV2;S3;D;5;49.601;50;;12.9929;35.3329;1.1989;0.4647;1.00E-12;2.3916;55.861
ENV2;S3;D;5;50.593;51;;12.9744;35.3606;1.1994;0.4928;1.00E-12;2.3914;55.861
ENV2;S3;D;5;51.585;52;;12.971;35.3726;1.224;0.5182;1.00E-12;2.3902;55.861
ENV2;S3;D;5;52.577;53;;12.9693;35.377;1.2478;0.5236;1.00E-12;2.3846;55.861
ENV2;S3;D;5;53.569;54;;12.9517;35.3874;1.1317;0.4849;1.00E-12;2.3759;55.861
ENV2;S3;D;5;54.561;55;;12.9063;35.3831;0.7545;0.5218;1.00E-12;2.3661;55.861
ENV2;S3;D;5;55.552;56;;12.8603;35.379;0.485;0.4906;1.00E-12;2.3519;55.861
ENV2;S3;D;5;56.544;57;;12.8593;35.379;0.3846;0.5409;1.00E-12;2.345;55.861
ENV2;S3;D;5;57.536;58;;12.86;35.379;0.3942;0.5443;1.00E-12;2.3323;55.861
ENV2;S3;D;5;58.528;59;;12.8622;35.3788;0.3826;0.4943;1.00E-12;2.3186;55.944
ENV2;S3;D;5;59.52;60;;12.8649;35.381;0.3984;0.5245;1.00E-12;2.3158;56.925
ENV2;S3;D;5;60.512;61;;12.8809;35.3921;0.4694;0.5298;1.00E-12;2.3148;55.895
ENV2;S3;D;5;61.504;62;;12.8567;35.3992;0.5581;0.5504;1.00E-12;2.3179;56.645
ENV2;S3;D;5;62.496;63;;12.8552;35.3988;0.5154;0.6783;1.00E-12;2.3165;57.659
ENV2;S3;D;5;63.487;64;;12.8369;35.3993;0.5674;0.8828;1.00E-12;2.3139;57.548
ENV2;S3;D;5;64.479;65;;12.8347;35.3988;0.4455;0.626;1.00E-12;2.3094;57.872
ENV2;S3;D;5;65.471;66;;12.829;35.3985;0.4197;0.6435;1.00E-12;2.3068;57.749
ENV2;S3;D;5;66.463;67;;12.8328;35.3978;0.4445;0.6942;1.00E-12;2.2993;57.482
ENV2;S3;D;5;67.455;68;;12.8325;35.398;0.4405;0.6029;1.00E-12;2.295;57.856
ENV2;S3;D;5;68.447;69;;12.8339;35.3982;0.4588;0.6395;1.00E-12;2.2937;57.856
ENV2;S3;D;5;69.438;70;;12.8311;35.3978;0.4262;0.6916;1.00E-12;2.2931;57.856
ENV2;S3;D;5;70.43;71;;12.8311;35.3996;0.4105;0.6483;1.00E-12;2.2921;57.856
ENV2;S3;D;5;71.422;72;;12.8316;35.4002;0.4014;0.6419;1.00E-12;2.2916;57.856
ENV2;S3;D;5;72.414;73;;12.8342;35.3996;0.449;0.6579;1.00E-12;2.2914;57.856
ENV2;S3;D;5;73.406;74;;12.8354;35.4002;0.4359;0.6743;1.00E-12;2.2934;57.856
ENV2;S3;D;5;74.397;75;;12.8376;35.4003;0.4345;0.6808;1.00E-12;2.2929;57.856
ENV2;S3;D;5;75.389;76;;12.8342;35.3998;0.4728;0.6057;1.00E-12;2.2943;58.141
ENV2;S3;D;5;76.381;77;;12.8354;35.4004;0.485;0.6324;1.00E-12;2.2946;57.85
ENV2;S3;D;5;77.373;78;;12.8329;35.4004;0.4433;0.7952;1.00E-12;2.2944;57.856
ENV2;S3;D;5;78.364;79;;12.8235;35.3995;0.4269;0.7459;1.00E-12;2.2937;57.856
ENV2;S3;D;5;79.356;80;;12.8256;35.3993;0.4168;0.7152;1.00E-12;2.2874;59.456
ENV2;S3;D;5;80.348;81;;12.8194;35.399;0.3957;0.807;1.00E-12;2.2869;59.842
ENV2;S3;D;5;81.34;82;;12.8164;35.3989;0.3987;0.8372;1.00E-12;2.2835;59.814
ENV2;S3;D;5;82.332;83;;12.8168;35.399;0.4273;0.8932;1.00E-12;2.2794;59.422
ENV2;S3;D;5;83.323;84;;12.8211;35.4001;0.4138;0.8537;1.00E-12;2.2765;59.445
ENV2;S3;D;5;84.315;85;;12.8135;35.4002;0.3915;0.9351;1.00E-12;2.2777;59.861
ENV2;S3;D;5;85.307;86;;12.8057;35.4021;0.3944;0.9632;1.00E-12;2.2774;59.851
ENV2;S3;D;5;86.298;87;;12.8034;35.403;0.3949;1.0069;1.00E-12;2.2701;59.392
ENV2;S3;D;6;2.976;3;;14.2836;26.6001;1.3297;1.6598;11.958;2.2847;169.59
ENV2;S3;D;6;3.968;4;;14.238;26.2408;1.3601;1.6909;8.0484;2.3336;176.32
ENV2;S3;D;6;4.961;5;;14.4479;26.9372;1.435;1.5546;5.4078;2.3461;181.88
ENV2;S3;D;6;5.953;6;;14.532;28.98;1.5378;1.4842;4.1084;2.4524;233.47
ENV2;S3;D;6;6.945;7;;14.5284;29.7687;1.5211;1.4648;3.026;2.5152;236.42
ENV2;S3;D;6;7.937;8;;14.3338;31.768;1.7085;1.428;2.2037;2.5092;232.22
ENV2;S3;D;6;8.929;9;;14.1467;33.4728;1.9868;1.0785;1.705;2.5059;228.12
ENV2;S3;D;6;9.921;10;;14.115;33.6473;1.7122;0.8914;1.1941;2.5099;225.61
ENV2;S3;D;6;10.913;11;;14.0088;34.067;1.4921;0.8465;1.0648;2.511;224.09
ENV2;S3;D;6;11.905;12;;13.9783;34.216;1.3178;0.7517;0.90367;2.5081;221.06
ENV2;S3;D;6;12.897;13;;13.979;34.336;1.1909;0.6928;0.6588;2.5027;216.87
ENV2;S3;D;6;13.889;14;;13.9795;34.3542;1.1399;0.6186;0.60004;2.5005;212.69
ENV2;S3;D;6;14.882;15;;13.9739;34.361;1.1761;0.6219;0.5349;2.5005;211.41
ENV2;S3;D;6;15.874;16;;13.9698;34.42;1.1828;0.6093;0.44731;2.5002;208.35
ENV2;S3;D;6;16.866;17;;13.9188;34.6965;1.3234;0.5266;0.34739;2.4989;201.95
ENV2;S3;D;6;17.858;18;;13.8319;34.918;1.4177;0.5553;0.3087;2.5001;201.48
ENV2;S3;D;6;18.85;19;;13.8227;34.9754;1.8789;0.613;0.27827;2.4981;199.12
ENV2;S3;D;6;19.842;20;;13.8042;35.0198;2.2327;0.6846;0.24956;2.4979;193.75
ENV2;S3;D;6;20.834;21;;13.71;35.0795;2.4105;0.6946;0.20409;2.4965;189.16
ENV2;S3;D;6;21.826;22;;13.6638;35.0844;1.8875;0.6033;0.16942;2.4957;186.34
ENV2;S3;D;6;22.818;23;;13.6376;35.0858;1.7722;0.6283;0.14631;2.489;182.49
ENV2;S3;D;6;23.81;24;;13.6219;35.0883;1.6586;0.6091;0.11963;2.4829;178.75
ENV2;S3;D;6;24.802;25;;13.6175;35.0939;1.7061;0.5689;0.10409;2.476;174.35
ENV2;S3;D;6;25.794;26;;13.5608;35.1198;1.6679;0.5798;0.088441;2.4744;171.24
ENV2;S3;D;6;26.786;27;;13.4466;35.1712;1.4002;0.5951;0.066999;2.4677;166.59
ENV2;S3;D;6;27.778;28;;13.4;35.1819;1.2437;0.6467;0.055093;2.4551;161.13
ENV2;S3;D;6;28.77;29;;13.3663;35.1904;1.2451;0.631;0.04937;2.4462;157.37
ENV2;S3;D;6;29.762;30;;13.3088;35.201;1.1028;0.5663;0.038214;2.4381;153.69
ENV2;S3;D;6;30.754;31;;13.2279;35.2047;0.9152;0.6387;0.025699;2.4253;149.28
ENV2;S3;D;6;31.746;32;;13.2076;35.2062;0.8012;0.5328;0.018475;2.4047;144.39
ENV2;S3;D;6;32.738;33;;13.2094;35.2063;0.8614;0.7436;0.014735;2.3956;141.56
ENV2;S3;D;6;33.73;34;;13.2091;35.206;0.9662;0.6593;0.0056324;2.3914;138.79
ENV2;S3;D;6;34.722;35;;13.2091;35.2054;0.8899;0.5044;0.000036885;2.388;133.39
ENV2;S3;D;6;35.714;36;;13.2073;35.2054;0.9571;0.5118;-0.000005528;2.3877;130.71
ENV2;S3;D;6;36.706;37;;13.2021;35.2056;0.8746;0.5743;1.00E-12;2.3858;128.26
ENV2;S3;D;6;37.698;38;;13.2032;35.2072;0.9187;0.5351;1.00E-12;2.3836;124.51
ENV2;S3;D;6;38.69;39;;13.1963;35.2119;0.8845;0.511;1.00E-12;2.3834;122.55
ENV2;S3;D;6;39.682;40;;13.1932;35.2152;0.8782;0.5227;1.00E-12;2.3828;121.64
ENV2;S3;D;6;40.674;41;;13.1839;35.2173;0.8407;0.5407;1.00E-12;2.3813;119.44
ENV2;S3;D;6;41.666;42;;13.1816;35.219;0.7889;0.4563;1.00E-12;2.3801;117.72
ENV2;S3;D;6;42.658;43;;13.1671;35.22;0.7436;0.4539;1.00E-12;2.3779;116.75
ENV2;S3;D;6;43.65;44;;13.1491;35.2211;0.6782;0.4523;1.00E-12;2.3751;115.65
ENV2;S3;D;6;44.642;45;;13.14;35.2261;0.6886;0.4517;1.00E-12;2.371;114.73
ENV2;S3;D;6;45.633;46;;13.1374;35.2281;0.6983;0.4359;1.00E-12;2.3664;113.65
ENV2;S3;D;6;46.625;47;;13.1368;35.2287;0.6532;0.4558;1.00E-12;2.3649;112.68
ENV2;S3;D;6;47.617;48;;13.1361;35.229;0.6637;0.4277;1.00E-12;2.364;111.74
ENV2;S3;D;6;48.609;49;;13.1303;35.232;0.6808;0.4377;1.00E-12;2.3638;109.88
ENV2;S3;D;6;49.601;50;;13.1216;35.2359;0.6263;0.4129;1.00E-12;2.3632;109.63
ENV2;S3;D;6;50.593;51;;13.1222;35.2355;0.6169;0.6381;1.00E-12;2.3609;107.57
ENV2;S3;D;6;51.585;52;;13.12;35.2364;0.5757;0.3938;1.00E-12;2.3599;107.73
ENV2;S3;D;6;52.577;53;;13.1194;35.2366;0.5708;0.5569;1.00E-12;2.3594;106.21
ENV2;S3;D;6;53.569;54;;13.1154;35.238;0.6239;0.4328;1.00E-12;2.3574;104.06
ENV2;S3;D;6;54.561;55;;13.1049;35.2436;0.5541;0.4666;1.00E-12;2.3578;103.74
ENV2;S3;D;6;55.553;56;;13.0997;35.2483;0.5205;0.461;1.00E-12;2.3554;103.74
ENV2;S3;D;6;56.545;57;;13.0986;35.2508;0.519;0.4392;1.00E-12;2.3527;103.09
ENV2;S3;D;6;57.536;58;;13.0995;35.2558;0.5893;0.4814;1.00E-12;2.3521;101.86
ENV2;S3;D;6;58.528;59;;13.1003;35.2569;0.7098;0.6029;1.00E-12;2.3511;102.76
ENV2;S3;D;6;59.52;60;;13.1002;35.2572;0.5994;0.4447;1.00E-12;2.3524;101.86
ENV2;S3;D;6;60.512;61;;13.093;35.2603;0.5701;0.5233;1.00E-12;2.3522;101.75
ENV2;S3;D;6;61.504;62;;13.087;35.2647;0.4897;0.4634;1.00E-12;2.3508;101.75
ENV2;S3;D;6;62.496;63;;13.0851;35.2671;0.4904;0.5078;1.00E-12;2.3489;101.75
ENV2;S3;D;6;63.487;64;;13.0888;35.2647;0.5296;0.449;1.00E-12;2.346;101.75
ENV2;S3;D;6;64.479;65;;13.0838;35.2706;0.5295;0.5042;1.00E-12;2.3458;101.75
ENV2;S3;D;6;65.471;66;;13.0813;35.2725;0.5159;0.5327;1.00E-12;2.3455;101.75
ENV2;S3;D;6;66.463;67;;13.0819;35.2721;0.5675;0.5372;1.00E-12;2.3441;101.75
ENV2;S3;D;6;67.455;68;;13.0728;35.2806;0.5576;0.5649;1.00E-12;2.3444;101.75
ENV2;S3;D;6;68.447;69;;13.0694;35.2862;0.5383;0.5801;1.00E-12;2.3438;101.75
ENV2;S3;D;6;69.438;70;;13.0692;35.2876;0.6212;0.7576;1.00E-12;2.342;101.75
ENV2;S3;D;6;70.43;71;;13.0687;35.2881;0.6066;0.7065;1.00E-12;2.3391;101.75
ENV2;S3;D;6;71.422;72;;13.0681;35.2885;0.6192;0.7612;1.00E-12;2.3381;101.75
ENV2;S3;D;6;72.414;73;;13.068;35.29;0.5862;0.717;1.00E-12;2.3383;101.75
ENV2;S3;D;6;73.406;74;;13.0661;35.2922;0.587;0.7808;1.00E-12;2.3373;101.75
ENV2;S3;D;6;74.397;75;;13.0486;35.3036;0.6542;1.0047;1.00E-12;2.3354;101.75
ENV2;S3;D;6;75.389;76;;13.0425;35.3048;0.6736;1.0013;1.00E-12;2.3311;101.75
ENV2;S3;D;6;76.381;77;;12.9023;35.3806;0.5988;1.1133;1.00E-12;2.33;101.75
ENV2;S3;D;6;77.373;78;;12.8666;35.3977;0.5514;1.2427;1.00E-12;2.3253;101.75
ENV2;S3;D;6;78.364;79;;12.8539;35.4016;0.5177;1.3113;1.00E-12;2.313;101.75
ENV2;S3;D;6;79.356;80;;12.8996;35.3777;0.5282;1.1521;1.00E-12;2.2676;101.75
ENV2;S3;D;6;80.348;81;;12.7991;35.4268;0.5149;1.2461;1.00E-12;2.2664;101.75
ENV2;S3;D;6;81.34;82;;12.7521;35.451;0.4586;1.4488;1.00E-12;2.262;101.75
ENV2;S3;D;6;82.331;83;;12.7581;35.4473;0.4196;1.3534;1.00E-12;2.2379;101.75
ENV2;S3;D;6;83.323;84;;12.6852;35.4837;0.3976;1.3725;1.00E-12;2.2181;101.75
ENV2;S3;D;6;84.315;85;;12.6301;35.509;0.3439;1.106;1.00E-12;2.2068;101.75
ENV2;S3;D;6;85.307;86;;12.5615;35.5442;0.2985;1.1135;1.00E-12;2.1966;101.75
ENV2;S3;D;6;86.298;87;;12.5664;35.5436;0.2595;1.1212;1.00E-12;2.1515;101.75
ENV2;S3;D;6;87.291;88;;12.558;35.5544;0.2784;1.1662;1.00E-12;2.1317;101.75
ENV2;S3;D;7;2.976;3;;14.3442;29.0938;2.184;1.3931;9.0847;2.1857;59.061
ENV2;S3;D;7;3.969;4;;14.26;31.5365;2.2007;1.6367;6.1922;2.5135;61.739
ENV2;S3;D;7;4.961;5;;14.4759;33.1458;1.8655;1.267;4.5186;2.5222;61.846
ENV2;S3;D;7;5.953;6;;14.6104;34.1209;2.2555;1.0703;3.1222;2.534;61.846
ENV2;S3;D;7;6.945;7;;14.6044;34.3046;2.3717;0.8055;2.5126;2.5631;61.846
ENV2;S3;D;7;7.937;8;;14.4574;34.4176;2.436;0.9545;2.0156;2.5646;61.846
ENV2;S3;D;7;8.929;9;;14.3025;34.5874;2.7621;0.8947;1.6079;2.5622;61.846
ENV2;S3;D;7;9.921;10;;14.2023;34.7844;2.9289;0.8416;1.3852;2.5642;61.846
ENV2;S3;D;7;10.913;11;;14.0934;34.8854;2.6954;0.7419;1.1071;2.5632;61.846
ENV2;S3;D;7;11.905;12;;13.9438;35.0058;1.6518;0.5809;0.91579;2.5519;61.846
ENV2;S3;D;7;12.898;13;;13.689;35.0221;1.0775;0.4788;0.7862;2.5137;61.846
ENV2;S3;D;7;13.89;14;;13.545;35.0074;0.8339;0.5268;0.72516;2.484;62.045
ENV2;S3;D;7;14.882;15;;13.5165;35.0285;0.6658;0.5694;0.61567;2.4592;63.176
ENV2;S3;D;7;15.874;16;;13.534;35.0655;0.5673;0.4792;0.53178;2.4405;63.878
ENV2;S3;D;7;16.866;17;;13.5321;35.0847;0.5372;0.4609;0.50956;2.4357;63.841
ENV2;S3;D;7;17.858;18;;13.5228;35.0871;0.5585;0.5067;0.43024;2.4351;63.841
ENV2;S3;D;7;18.85;19;;13.491;35.081;0.5784;0.4544;0.38666;2.4338;63.841
ENV2;S3;D;7;19.842;20;;13.4588;35.116;0.5748;0.4993;0.34891;2.4301;63.841
ENV2;S3;D;7;20.834;21;;13.4908;35.1335;0.6012;0.4656;0.3119;2.4257;63.841
ENV2;S3;D;7;21.826;22;;13.4687;35.1351;0.5593;0.4744;0.28914;2.4301;63.841
ENV2;S3;D;7;22.818;23;;13.4569;35.1343;0.5117;0.5463;0.25336;2.43;63.841
ENV2;S3;D;7;23.81;24;;13.4573;35.1375;0.5455;0.6694;0.22416;2.4267;63.841
ENV2;S3;D;7;24.802;25;;13.4597;35.1382;0.555;0.4681;0.19875;2.4251;63.841
ENV2;S3;D;7;25.794;26;;13.4876;35.146;0.5462;0.5027;0.18207;2.4248;63.886
ENV2;S3;D;7;26.786;27;;13.5198;35.1564;0.5599;0.4385;0.15969;2.4274;64.213
ENV2;S3;D;7;27.778;28;;13.4702;35.1464;0.5715;0.546;0.13542;2.4319;65.399
ENV2;S3;D;7;28.77;29;;13.4438;35.1407;0.5384;0.5531;0.12282;2.4289;65.861
ENV2;S3;D;7;29.762;30;;13.3987;35.1346;0.547;0.4912;0.10599;2.4249;65.836
ENV2;S3;D;7;30.754;31;;13.3946;35.1495;0.6489;0.4825;0.091998;2.4192;65.836
ENV2;S3;D;7;31.746;32;;13.4002;35.16;0.7232;0.5275;0.08004;2.4144;65.836
ENV2;S3;D;7;32.738;33;;13.3726;35.1607;0.7598;0.5436;0.06894;2.4122;65.836
ENV2;S3;D;7;33.73;34;;13.2842;35.1537;0.8612;0.5249;0.055559;2.406;65.836
ENV2;S3;D;7;34.722;35;;13.2125;35.1586;0.8552;0.4261;0.044426;2.3904;65.836
ENV2;S3;D;7;35.714;36;;13.1864;35.1665;0.7989;0.4059;0.038143;2.3824;65.836
ENV2;S3;D;7;36.706;37;;13.1811;35.1657;0.8281;0.4224;0.031021;2.3752;65.836
ENV2;S3;D;7;37.698;38;;13.1662;35.1714;0.8396;0.3842;0.022206;2.3685;65.836
ENV2;S3;D;7;38.69;39;;13.1527;35.1787;0.8577;0.3959;0.014941;2.3664;65.836
ENV2;S3;D;7;39.682;40;;13.1389;35.1796;0.8469;0.348;0.0060144;2.3656;66.674
ENV2;S3;D;7;40.674;41;;13.1279;35.1795;0.8281;0.3451;0.0026918;2.3629;67.883
ENV2;S3;D;7;41.666;42;;13.1278;35.1801;1.0721;1.1423;0.00030528;2.3616;67.684
ENV2;S3;D;7;42.658;43;;13.1351;35.1809;0.9016;0.4296;0.000039158;2.3593;67.811
ENV2;S3;D;7;43.65;44;;13.1403;35.1845;0.9545;0.3465;1.00E-12;2.3589;67.831
ENV2;S3;D;7;44.642;45;;13.1381;35.1871;0.8955;0.4999;1.00E-12;2.3597;67.831
ENV2;S3;D;7;45.633;46;;13.1318;35.1904;0.8626;0.327;1.00E-12;2.3601;67.831
ENV2;S3;D;7;46.625;47;;13.1251;35.1936;0.9233;0.4389;1.00E-12;2.3578;67.831
ENV2;S3;D;7;47.617;48;;13.1225;35.1945;0.8546;0.3067;1.00E-12;2.3565;67.831
ENV2;S3;D;7;48.609;49;;13.1112;35.1963;0.8044;0.3689;1.00E-12;2.3562;67.831
ENV2;S3;D;7;49.601;50;;13.097;35.1988;0.7795;0.3457;1.00E-12;2.3551;67.831
ENV2;S3;D;7;50.593;51;;13.0861;35.1973;0.8688;0.4601;1.00E-12;2.3506;67.831
ENV2;S3;D;7;51.585;52;;13.0767;35.2036;0.7843;0.3991;1.00E-12;2.3464;69.602
ENV2;S3;D;7;52.577;53;;13.076;35.206;0.7196;0.3132;1.00E-12;2.3446;69.824
ENV2;S3;D;7;53.569;54;;13.0761;35.2061;0.7693;0.3255;1.00E-12;2.3426;69.826
ENV2;S3;D;7;54.561;55;;13.0757;35.2055;0.78;0.3034;1.00E-12;2.3403;69.826
ENV2;S3;D;7;55.552;56;;13.081;35.2081;0.7843;0.3235;1.00E-12;2.3383;69.826
ENV2;S3;D;7;56.544;57;;13.0893;35.2106;0.7501;0.3168;1.00E-12;2.3374;69.826
ENV2;S3;D;7;57.536;58;;13.0956;35.2126;0.7816;0.3142;1.00E-12;2.3373;69.826
ENV2;S3;D;7;58.528;59;;13.112;35.223;0.7471;0.3217;1.00E-12;2.3372;69.826
ENV2;S3;D;7;59.52;60;;13.1017;35.2371;0.7683;0.3831;1.00E-12;2.3361;69.826
ENV2;S3;D;7;60.512;61;;13.0811;35.2418;0.6512;0.3864;1.00E-12;2.3292;69.826
ENV2;S3;D;7;61.504;62;;13.0745;35.2612;0.6279;0.4046;1.00E-12;2.323;70.182
ENV2;S3;D;7;62.495;63;;13.0647;35.2885;0.6384;0.34;1.00E-12;2.3156;71.05
ENV2;S3;D;7;63.487;64;;13.0684;35.3023;0.5835;0.3448;1.00E-12;2.3137;71.828
ENV2;S3;D;7;64.479;65;;13.0737;35.3062;0.5776;0.3808;1.00E-12;2.3148;71.821
ENV2;S3;D;7;65.471;66;;13.0749;35.3082;0.6563;0.4024;1.00E-12;2.3204;71.821
ENV2;S3;D;7;66.463;67;;13.0376;35.3104;0.5584;0.4918;1.00E-12;2.3254;71.821
ENV2;S3;D;7;67.455;68;;13.0244;35.3132;0.4725;0.6978;1.00E-12;2.3247;71.821
ENV2;S3;D;7;68.446;69;;13.0162;35.3151;0.5027;0.6134;1.00E-12;2.3175;71.821
ENV2;S3;D;7;69.438;70;;13.0119;35.3192;0.4791;0.9774;1.00E-12;2.3111;71.821
ENV2;S3;D;7;70.43;71;;13.0122;35.3203;0.4159;0.5595;1.00E-12;2.3086;71.821
ENV2;S3;D;7;71.422;72;;13.0104;35.3218;0.4762;0.5927;1.00E-12;2.3067;71.821
ENV2;S3;D;7;72.414;73;;13.0101;35.3219;0.4178;0.5631;1.00E-12;2.305;71.821
ENV2;S3;D;7;73.405;74;;13.0036;35.3266;0.4388;1.1597;1.00E-12;2.3038;71.995
ENV2;S3;D;7;74.397;75;;12.9994;35.3356;0.3875;0.6249;1.00E-12;2.3023;73.369
ENV2;S3;D;7;75.389;76;;13.0022;35.3468;0.368;0.4672;1.00E-12;2.3019;73.819
ENV2;S3;D;7;76.381;77;;13.0016;35.3546;0.3759;0.4345;1.00E-12;2.3027;73.816
ENV2;S3;D;7;77.373;78;;12.9975;35.3602;0.4348;0.4337;1.00E-12;2.3074;73.816
ENV2;S3;D;7;78.364;79;;12.9828;35.3686;0.448;0.4449;1.00E-12;2.3111;73.816
ENV2;S3;D;7;79.356;80;;12.9557;35.3812;0.4557;0.4679;1.00E-12;2.3079;73.816
ENV2;S3;D;7;80.348;81;;12.9287;35.3928;0.3968;0.4874;1.00E-12;2.3017;73.816
ENV2;S3;D;7;81.34;82;;12.9207;35.3959;0.4113;0.5217;1.00E-12;2.2932;73.816
ENV2;S3;D;7;82.331;83;;12.9007;35.4044;0.4458;0.5439;1.00E-12;2.2833;73.816
ENV2;S3;D;7;83.323;84;;12.8651;35.4187;0.4217;0.5593;1.00E-12;2.274;73.816
ENV2;S3;D;7;84.315;85;;12.8288;35.4331;0.4191;0.5431;1.00E-12;2.2631;73.816
ENV2;S3;D;7;85.307;86;;12.7906;35.4464;0.3784;0.5529;1.00E-12;2.2507;74.332
ENV2;S3;D;7;86.298;87;;12.7643;35.4497;0.3181;0.5326;1.00E-12;2.2399;75.719
ENV2;S3;D;7;87.29;88;;12.7505;35.4503;0.279;0.616;1.00E-12;2.2335;75.669
ENV2;S3;D;7;88.282;89;;12.7199;35.4641;0.2564;1.2834;1.00E-12;2.2272;75.798
ENV2;S3;D;7;89.272;90;;12.7151;35.4675;0.2405;3.1935;1.00E-12;2.2141;75.811
ENV2;S3;D;8;2.976;3;;14.0403;34.2015;1.4336;0.5859;16.207;2.4357;379.36
ENV2;S3;D;8;3.969;4;;13.9703;34.6686;1.3592;0.6031;12.497;2.4768;381.32
ENV2;S3;D;8;4.961;5;;13.9756;34.6722;1.5774;0.7302;9.8317;2.4656;381.05
ENV2;S3;D;8;5.953;6;;13.9895;34.7524;1.3658;0.583;7.9196;2.464;381.54
ENV2;S3;D;8;6.945;7;;14.0919;34.9861;1.3673;0.5988;6.2868;2.4685;382.98
ENV2;S3;D;8;7.937;8;;14.0771;35.0895;1.3142;0.5376;5.2674;2.5014;383.24
ENV2;S3;D;8;8.929;9;;14.0737;35.1192;1.6433;0.5627;4.4927;2.5263;384.33
ENV2;S3;D;8;9.921;10;;14.0713;35.1404;1.6555;0.6385;3.6692;2.5372;385.05
ENV2;S3;D;8;10.913;11;;14.0579;35.1613;1.6145;0.67;3.1292;2.542;385.53
ENV2;S3;D;8;11.905;12;;13.9208;35.1672;1.8079;0.6946;2.7707;2.5428;386.96
ENV2;S3;D;8;12.898;13;;13.7133;35.1418;1.8968;0.6616;2.3896;2.528;387.37
ENV2;S3;D;8;13.889;14;;13.5709;35.1211;1.6433;0.5714;1.9689;2.5007;388.77
ENV2;S3;D;8;14.882;15;;13.4012;35.1177;0.9014;0.5074;1.6686;2.4604;389.04
ENV2;S3;D;8;15.874;16;;13.3419;35.1377;0.879;0.5065;1.5186;2.4333;389.42
ENV2;S3;D;8;16.866;17;;13.3312;35.1465;0.9036;0.5214;1.3918;2.4134;391
ENV2;S3;D;8;17.858;18;;13.3334;35.1514;0.9376;0.5106;1.2517;2.4023;391.02
ENV2;S3;D;8;18.85;19;;13.3468;35.1603;0.8444;0.7443;1.101;2.3991;391.02
ENV2;S3;D;8;19.842;20;;13.3378;35.1695;0.661;0.8466;0.98752;2.3965;391.74
ENV2;S3;D;8;20.834;21;;13.3493;35.1793;0.4999;0.4771;0.92207;2.3922;393.03
ENV2;S3;D;8;21.826;22;;13.3328;35.1851;0.6155;0.8056;0.83858;2.3908;393.02
ENV2;S3;D;8;22.818;23;;13.3148;35.1879;0.5071;0.4849;0.76096;2.3883;393.63
ENV2;S3;D;8;23.81;24;;13.2985;35.1883;0.4586;0.4658;0.68933;2.3856;394.98
ENV2;S3;D;8;24.802;25;;13.2865;35.1956;0.4681;0.5271;0.61826;2.3821;395.01
ENV2;S3;D;8;25.794;26;;13.2858;35.2002;0.4049;0.4207;0.56853;2.3786;396.27
ENV2;S3;D;8;26.786;27;;13.2893;35.2031;0.407;0.4084;0.51964;2.3777;397.01
ENV2;S3;D;8;27.778;28;;13.2883;35.2065;0.3763;0.4121;0.46972;2.3771;397.62
ENV2;S3;D;8;28.77;29;;13.2829;35.2075;0.4145;0.4573;0.42592;2.3766;398.38
ENV2;S3;D;8;29.762;30;;13.2782;35.2086;0.3869;0.4539;0.39097;2.3758;399.01
ENV2;S3;D;8;30.754;31;;13.274;35.2088;0.3796;0.5;0.35148;2.3751;399.29
ENV2;S3;D;8;31.746;32;;13.2703;35.209;0.4295;1.0238;0.32129;2.3758;401.15
ENV2;S3;D;8;32.738;33;;13.2645;35.2093;0.5006;0.5163;0.28894;2.3757;401.38
ENV2;S3;D;8;33.73;34;;13.2594;35.2087;0.4186;0.4554;0.26281;2.3739;402.96
ENV2;S3;D;8;34.722;35;;13.233;35.2055;0.4281;0.628;0.24201;2.3714;402.99
ENV2;S3;D;8;35.714;36;;13.23;35.2084;0.4093;0.4631;0.21347;2.369;403.02
ENV2;S3;D;8;36.706;37;;13.2068;35.205;0.4131;0.4217;0.1921;2.3657;405.2
ENV2;S3;D;8;37.698;38;;13.1914;35.2035;0.4438;0.4962;0.17053;2.3635;404.99
ENV2;S3;D;8;38.69;39;;13.1726;35.2078;0.4479;0.444;0.15121;2.3602;404.99
ENV2;S3;D;8;39.682;40;;13.1564;35.2165;0.5406;0.4749;0.13594;2.355;407.19
ENV2;S3;D;8;40.674;41;;13.1475;35.2225;0.5337;0.4873;0.11769;2.3494;407.37
ENV2;S3;D;8;41.666;42;;13.1444;35.2295;0.4957;0.6755;0.1022;2.345;409.12
ENV2;S3;D;8;42.658;43;;13.1418;35.2297;0.4319;0.4537;0.089708;2.3437;408.98
ENV2;S3;D;8;43.65;44;;13.132;35.2306;0.4069;0.4217;0.079124;2.3427;408.98
ENV2;S3;D;8;44.642;45;;13.1291;35.2311;0.3923;0.406;0.070957;2.342;410.86
ENV2;S3;D;8;45.633;46;;13.1267;35.2362;0.3632;0.5075;0.059824;2.3417;410.97
ENV2;S3;D;8;46.625;47;;13.1251;35.2418;0.3025;0.4162;0.049137;2.3415;410.97
ENV2;S3;D;8;47.617;48;;13.1242;35.2451;0.325;0.4522;0.040122;2.3415;412.2
ENV2;S3;D;8;48.609;49;;13.1223;35.2461;0.3448;0.4694;0.035294;2.3402;413.01
ENV2;S3;D;8;49.601;50;;13.1214;35.2465;0.3252;0.5252;0.029864;2.3391;413.19
ENV2;S3;D;8;50.593;51;;13.1201;35.2476;0.3334;0.4503;0.021163;2.3382;415.01
ENV2;S3;D;8;51.585;52;;13.1024;35.2585;0.3581;0.3522;0.012704;2.338;415.9
ENV2;S3;D;8;52.577;53;;13.0949;35.2669;0.3546;0.3924;0.0092928;2.3355;416.98
ENV2;S3;D;8;53.569;54;;13.0884;35.2739;0.3858;0.4192;0.004067;2.3321;416.96
ENV2;S3;D;8;54.561;55;;13.0723;35.2804;0.3599;0.4412;0.00067764;2.3295;418.25
ENV2;S3;D;8;55.553;56;;13.067;35.2852;0.365;0.4037;-0.000003367;2.3258;418.95
ENV2;S3;D;8;56.544;57;;13.066;35.286;0.3204;0.4451;1.00E-12;2.3231;419.31
ENV2;S3;D;8;57.536;58;;13.0638;35.2911;0.3447;0.436;1.00E-12;2.3224;420.23
ENV2;S3;D;8;58.528;59;;13.0514;35.2987;0.3234;0.4543;1.00E-12;2.321;420.94
ENV2;S3;D;8;59.52;60;;13.0385;35.3042;0.3253;0.39;1.00E-12;2.3186;421.88
ENV2;S3;D;8;60.512;61;;13.0108;35.3211;0.2901;0.4254;1.00E-12;2.3133;423.08
ENV2;S3;D;8;61.504;62;;13.0048;35.3301;0.3014;0.4932;1.00E-12;2.3084;420.37
ENV2;S3;D;8;62.496;63;;13.004;35.3324;0.4053;0.4521;1.00E-12;2.3072;422.51
ENV2;S3;D;8;63.487;64;;12.9964;35.34;0.2893;0.4893;1.00E-12;2.3073;424.03
ENV2;S3;D;8;64.479;65;;12.9888;35.3461;0.2992;0.4733;1.00E-12;2.3067;426.28
ENV2;S3;D;8;65.471;66;;12.9852;35.3497;0.2679;0.4773;1.00E-12;2.304;426.99
ENV2;S3;D;8;66.463;67;;12.9839;35.3538;0.2701;0.5183;1.00E-12;2.3028;425.86
ENV2;S3;D;8;67.455;68;;12.9836;35.3556;0.237;0.698;1.00E-12;2.3024;422.85
ENV2;S3;D;8;68.446;69;;12.9839;35.3555;0.3138;0.4236;1.00E-12;2.3004;427.81
ENV2;S3;D;8;69.438;70;;12.9794;35.3597;0.2767;0.3619;1.00E-12;2.3001;425.61
ENV2;S3;D;8;70.43;71;;12.9728;35.3627;0.2219;0.3367;1.00E-12;2.2993;428.64
ENV2;S3;D;8;71.422;72;;12.9489;35.3714;0.2244;0.3418;1.00E-12;2.2972;430.9
ENV2;S3;D;8;72.414;73;;12.9148;35.3852;0.2323;0.4193;1.00E-12;2.2909;430.89
ENV2;S3;D;8;73.406;74;;12.8324;35.4244;0.2012;0.3894;1.00E-12;2.2768;432.92
ENV2;S3;D;8;74.397;75;;12.808;35.435;0.1809;0.3931;1.00E-12;2.2631;432.92
ENV2;S3;D;8;75.389;76;;12.7913;35.4423;0.177;0.4116;1.00E-12;2.2471;433.08
ENV2;S3;D;8;76.381;77;;12.7767;35.4488;0.1689;0.4225;1.00E-12;2.2371;432.97
ENV2;S3;D;8;77.372;78;;12.7726;35.4502;0.1822;0.3981;1.00E-12;2.2289;434.89
ENV2;S3;D;8;78.364;79;;12.77;35.4509;0.1842;0.5719;1.00E-12;2.224;434.91
ENV2;S3;D;8;79.356;80;;12.7588;35.4492;0.183;0.4223;1.00E-12;2.2215;434.91
ENV2;S3;D;8;80.348;81;;12.7499;35.4586;0.1872;0.4102;1.00E-12;2.2191;434.96
ENV2;S3;D;8;81.34;82;;12.7376;35.4631;0.1874;0.4314;1.00E-12;2.2155;436.78
ENV2;S3;D;8;82.331;83;;12.7306;35.4656;0.1712;0.4606;1.00E-12;2.2099;438.25
ENV2;S3;D;8;83.323;84;;12.7164;35.4716;0.1823;0.4843;1.00E-12;2.2075;435.51
ENV2;S3;D;8;84.315;85;;12.6925;35.4826;0.1928;0.5249;1.00E-12;2.2049;437.5
ENV2;S3;D;8;85.307;86;;12.6634;35.4966;0.1773;0.5497;1.00E-12;2.1967;439.53
ENV2;S3;D;8;86.298;87;;12.5838;35.5376;0.1837;1.0099;1.00E-12;2.1852;436.54
ENV2;S3;D;8;87.29;88;;12.5632;35.5471;0.1994;1.3849;1.00E-12;2.1605;441.31
ENV2;S3;D;8;88.282;89;;12.5573;35.5503;0.2146;1.5303;1.00E-12;2.1287;442.31
ENV2;S3;D;8;89.274;90;;12.5558;35.5509;0.2246;1.7122;1.00E-12;2.1069;442.07
ENV2;S3;D;8;90.265;91;;12.548;35.5541;0.2128;1.3536;1.00E-12;2.0801;440.49
ENV2;S6;D;1;3.969;4;;13.457;35.6792;1.9833;0.4207;217.49;2.5405;1900
ENV2;S6;D;1;4.961;5;;13.4362;35.6785;2.2005;0.4324;159.11;2.5397;1900
ENV2;S6;D;1;5.953;6;;13.4153;35.6781;2.4371;0.431;103.91;2.5397;1897.3
ENV2;S6;D;1;6.945;7;;13.4021;35.6775;2.7843;0.4307;79.204;2.54;1897.3
ENV2;S6;D;1;7.937;8;;13.3862;35.6767;2.9832;0.4421;64.754;2.5404;1896.4
ENV2;S6;D;1;8.929;9;;13.3535;35.6756;3.2461;0.445;59.71;2.5405;1900.3
ENV2;S6;D;1;9.921;10;;13.332;35.6741;3.5276;0.4655;49.124;2.541;1898
ENV2;S6;D;1;10.913;11;;13.3178;35.6732;3.7132;0.4843;44.163;2.5425;1897.6
ENV2;S6;D;1;11.905;12;;13.2971;35.6729;3.9523;0.4629;40.928;2.5428;1901.9
ENV2;S6;D;1;12.897;13;;13.2924;35.673;4.2061;0.4733;37.83;2.5414;1898.3
ENV2;S6;D;1;13.89;14;;13.2911;35.6734;4.2451;0.4855;33.06;2.5415;1895.7
ENV2;S6;D;1;14.882;15;;13.2859;35.6754;4.3118;0.463;32.79;2.5411;1895.8
ENV2;S6;D;1;15.874;16;;13.282;35.6764;4.5712;0.4369;29.26;2.5394;1895.4
ENV2;S6;D;1;16.866;17;;13.2763;35.6791;4.6082;0.4514;26.808;2.536;1895.9
ENV2;S6;D;1;17.858;18;;13.2757;35.6817;4.5676;0.4166;24.653;2.5308;1897.9
ENV2;S6;D;1;18.85;19;;13.2757;35.6829;4.5373;0.4117;23.821;2.5225;1898.8
ENV2;S6;D;1;19.842;20;;13.2755;35.6867;4.4201;0.4141;22.408;2.5159;1896.7
ENV2;S6;D;1;20.834;21;;13.2758;35.692;4.1247;0.382;21.449;2.5097;1897.3
ENV2;S6;D;1;21.826;22;;13.2747;35.6948;4.0715;0.3861;20.918;2.5021;1896.2
ENV2;S6;D;1;22.818;23;;13.27;35.6991;3.7546;0.3647;19.701;2.4969;1894.6
ENV2;S6;D;1;23.81;24;;13.2574;35.7022;3.3019;0.3279;18.993;2.489;1898.9
ENV2;S6;D;1;24.802;25;;13.2295;35.706;2.8819;0.3124;18.467;2.4797;1897.9
ENV2;S6;D;1;25.794;26;;13.2147;35.7071;2.4703;0.2977;18.06;2.471;1898.2
ENV2;S6;D;1;26.786;27;;13.2098;35.7071;2.2117;0.297;17.503;2.4608;1900.3
ENV2;S6;D;1;27.778;28;;13.2058;35.707;2.1186;0.28;17.01;2.4529;1899.9
ENV2;S6;D;1;28.77;29;;13.1985;35.7074;2.0423;0.2772;16.786;2.4483;1898.9
ENV2;S6;D;1;29.762;30;;13.1885;35.7074;1.7876;0.2769;16.247;2.4457;1896.6
ENV2;S6;D;1;30.754;31;;13.1793;35.7076;1.585;0.2612;15.842;2.4426;1899.1
ENV2;S6;D;1;31.746;32;;13.1727;35.7074;1.3505;0.2542;15.141;2.4376;1903.1
ENV2;S6;D;1;32.738;33;;13.1679;35.7071;1.0919;0.2327;14.608;2.4303;1899.2
ENV2;S6;D;1;33.73;34;;13.166;35.7073;0.977;0.2284;14.318;2.4271;1898.3
ENV2;S6;D;1;34.722;35;;13.1664;35.7072;0.9682;0.244;13.759;2.4248;1903
ENV2;S6;D;1;35.714;36;;13.1668;35.7075;0.8828;0.2447;13.284;2.423;1899.9
ENV2;S6;D;1;36.706;37;;13.1669;35.7074;0.8407;0.2236;12.667;2.4219;1900.4
ENV2;S6;D;1;37.698;38;;13.1666;35.7074;0.8358;0.2315;12.388;2.4207;1901
ENV2;S6;D;1;38.69;39;;13.1666;35.7075;0.8544;0.2333;12.023;2.4202;1898.3
ENV2;S6;D;1;39.682;40;;13.1682;35.7076;0.8246;0.2281;11.319;2.4197;1901.8
ENV2;S6;D;1;40.674;41;;13.1688;35.7079;0.8077;0.2162;10.585;2.4189;1899.8
ENV2;S6;D;1;41.666;42;;13.1684;35.7079;0.8219;0.2351;10.237;2.419;1898
ENV2;S6;D;1;42.658;43;;13.1687;35.7081;0.8191;0.225;9.8428;2.4189;1900.5
ENV2;S6;D;1;43.65;44;;13.1705;35.7082;0.8175;0.2264;9.2985;2.4182;1901.6
ENV2;S6;D;1;44.642;45;;13.172;35.7089;1.069;0.2236;8.865;2.4183;1899.6
ENV2;S6;D;1;45.634;46;;13.1726;35.7092;0.8645;0.2392;8.4881;2.4181;1900.4
ENV2;S6;D;1;46.625;47;;13.1727;35.7092;0.8176;0.236;8.0279;2.4174;1900.3
ENV2;S6;D;1;47.617;48;;13.1726;35.7092;0.8004;0.2337;7.5614;2.4167;1902.6
ENV2;S6;D;1;48.609;49;;13.1725;35.7092;0.7866;0.2294;7.0989;2.4161;1902.4
ENV2;S6;D;1;49.601;50;;13.1729;35.7097;0.7499;0.2145;6.9073;2.4165;1901.2
ENV2;S6;D;1;50.593;51;;13.1734;35.7104;0.7848;0.2153;6.5782;2.4161;1900.6
ENV2;S6;D;1;51.585;52;;13.1742;35.7107;0.7374;0.2337;6.1777;2.4155;1899.1
ENV2;S6;D;1;52.577;53;;13.1741;35.7108;0.7236;0.2263;5.8054;2.4147;1898.7
ENV2;S6;D;1;53.569;54;;13.1731;35.7107;0.708;0.2354;5.4263;2.4136;1898.9
ENV2;S6;D;1;54.561;55;;13.1724;35.7109;0.6576;0.2286;5.1761;2.4137;1903.1
ENV2;S6;D;1;55.552;56;;13.1726;35.7111;0.6893;0.2272;4.9113;2.4132;1903.5
ENV2;S6;D;1;56.544;57;;13.1733;35.7114;0.6893;0.2299;4.6652;2.4125;1899.8
ENV2;S6;D;1;57.536;58;;13.1719;35.7113;0.6893;0.2394;4.4534;2.4114;1897.3
ENV2;S6;D;1;58.528;59;;13.1719;35.7116;0.6704;0.2168;4.2732;2.4107;1897.6
ENV2;S6;D;1;59.52;60;;13.1717;35.7115;0.6555;0.2229;4.0749;2.41;1901.8
ENV2;S6;D;1;60.512;61;;13.1717;35.7114;0.6379;0.2234;3.7657;2.4091;1900.9
ENV2;S6;D;1;61.504;62;;13.1718;35.7116;0.6166;0.2165;3.4564;2.4089;1894.8
ENV2;S6;D;1;62.496;63;;13.1723;35.7119;0.6073;0.2213;3.2849;2.4091;1896.4
ENV2;S6;D;1;63.487;64;;13.1729;35.7119;0.6412;0.2217;3.1609;2.4092;1901.4
ENV2;S6;D;1;64.479;65;;13.1732;35.7119;0.6356;0.2128;3.0318;2.4089;1904.4
ENV2;S6;D;1;65.471;66;;13.1738;35.7122;0.629;0.2157;2.8835;2.4085;1903.5
ENV2;S6;D;1;66.463;67;;13.1731;35.7121;0.6139;0.2162;2.737;2.4079;1901.1
ENV2;S6;D;1;67.455;68;;13.1727;35.7123;0.5574;0.2254;2.5782;2.4075;1901.3
ENV2;S6;D;1;68.446;69;;13.1726;35.7123;0.6193;0.2152;2.4228;2.4071;1899.8
ENV2;S6;D;1;69.438;70;;13.171;35.7121;0.6081;0.215;2.2875;2.4059;1897.1
ENV2;S6;D;1;70.43;71;;13.1697;35.712;0.6182;0.2183;2.1681;2.4059;1896.5
ENV2;S6;D;1;71.422;72;;13.1687;35.712;0.6217;0.2064;2.0532;2.406;1899.6
ENV2;S6;D;1;72.414;73;;13.1668;35.7118;0.5808;0.2172;1.9289;2.4052;1902.7
ENV2;S6;D;1;73.405;74;;13.1661;35.7119;0.5562;0.2182;1.8277;2.4043;1898.7
ENV2;S6;D;1;74.397;75;;13.1616;35.7119;0.5431;0.2194;1.7349;2.4037;1896.3
ENV2;S6;D;1;75.389;76;;13.1574;35.7113;0.5238;0.2217;1.6594;2.4035;1895.4
ENV2;S6;D;1;76.381;77;;13.1517;35.711;0.5083;0.2214;1.583;2.4031;1897.3
ENV2;S6;D;1;77.373;78;;13.1418;35.7102;0.5007;0.2213;1.5021;2.4029;1900.1
ENV2;S6;D;1;78.364;79;;13.1291;35.7093;0.44;0.2102;1.4228;2.4009;1901.2
ENV2;S6;D;1;79.356;80;;13.1224;35.7082;0.3901;0.2064;1.3284;2.3986;1895.9
ENV2;S6;D;1;80.348;81;;13.1122;35.7071;0.3818;0.2036;1.2552;2.3977;1898.2
ENV2;S6;D;1;81.34;82;;13.1032;35.7058;0.3912;0.207;1.1885;2.3965;1903.6
ENV2;S6;D;1;82.332;83;;13.0971;35.705;0.3714;0.1993;1.1325;2.3948;1903.3
ENV2;S6;D;1;83.323;84;;13.092;35.7046;0.341;0.209;1.0825;2.393;1898.1
ENV2;S6;D;1;84.315;85;;13.0907;35.7042;0.3578;0.2382;1.0276;2.3926;1895.5
ENV2;S6;D;1;85.306;86;;13.0823;35.7035;0.3331;0.2515;0.96787;2.3923;1899.3
ENV2;S6;D;1;86.298;87;;13.0748;35.7031;0.3311;0.2148;0.92421;2.3915;1901.9
ENV2;S6;D;1;87.29;88;;13.0366;35.7014;0.2778;0.2094;0.8824;2.3901;1899.1
ENV2;S6;D;1;88.282;89;;13.0147;35.6996;0.1873;0.1908;0.83799;2.3873;1898.1
ENV2;S6;D;1;89.273;90;;12.9962;35.6985;0.1685;0.1932;0.79674;2.3849;1900.5
ENV2;S6;D;1;90.265;91;;12.9884;35.698;0.1281;0.1879;0.75794;2.3824;1900.4
ENV2;S6;D;1;91.257;92;;12.9813;35.6977;0.1073;0.1873;0.71555;2.3797;1898
ENV2;S6;D;1;92.249;93;;12.9701;35.6971;0.0948;0.1939;0.677;2.3759;1900.1
ENV2;S6;D;1;93.24;94;;12.9545;35.6962;0.0327;0.1842;0.64724;2.3737;1902.9
ENV2;S6;D;1;94.232;95;;12.9465;35.6957;0.0174;0.1782;0.62166;2.3717;1901.3
ENV2;S6;D;1;95.224;96;;12.9404;35.695;0.0402;0.1727;0.59739;2.3689;1899.3
ENV2;S6;D;1;96.215;97;;12.9262;35.6932;0.0181;0.1725;0.56995;2.3664;1898.4
ENV2;S6;D;1;97.207;98;;12.908;35.6913;0.0031;0.1846;0.54414;2.3635;1900.5
ENV2;S6;D;1;98.198;99;;12.8983;35.6901;-0.0047;0.1825;0.51645;2.3605;1902.5
ENV2;S6;D;1;99.19;100;;12.8838;35.688;-0.0106;0.1759;0.49201;2.3584;1902.6
ENV2;S6;D;1;100.182;101;;12.88;35.6871;-0.0219;0.1743;0.47336;2.3571;1901.8
ENV2;S6;D;1;101.174;102;;12.8788;35.6867;-0.0186;0.1806;0.44912;2.3564;1901.8
ENV2;S6;D;1;102.165;103;;12.8742;35.686;-0.0233;0.181;0.43059;2.3558;1902.8
ENV2;S6;D;1;103.157;104;;12.8642;35.685;-0.0363;0.1752;0.40975;2.3542;1902.2
ENV2;S6;D;1;104.149;105;;12.8577;35.6841;-0.0363;0.1852;0.39224;2.3535;1901.9
ENV2;S6;D;1;105.14;106;;12.8515;35.6828;-0.0228;0.181;0.3751;2.3538;1904.9
ENV2;S6;D;1;106.132;107;;12.8439;35.6821;-0.0408;0.1843;0.35501;2.3532;1903
ENV2;S6;D;1;107.123;108;;12.8419;35.6819;-0.0234;0.1751;0.34145;2.3524;1899.6
ENV2;S6;D;1;108.115;109;;12.8417;35.682;-0.0338;0.1895;0.32276;2.3514;1897.6
ENV2;S6;D;1;109.107;110;;12.8419;35.682;-0.0188;0.1711;0.30886;2.3503;1898.9
ENV2;S6;D;1;110.098;111;;12.842;35.682;-0.0164;0.1661;0.29735;2.3499;1903.2
ENV2;S6;D;1;111.09;112;;12.8371;35.6821;-0.0398;0.1754;0.28632;2.3481;1902.9
ENV2;S6;D;1;112.081;113;;12.8293;35.682;-0.0194;0.176;0.27304;2.3478;1900.6
ENV2;S6;D;1;113.073;114;;12.8284;35.682;-0.0311;0.1827;0.25867;2.3468;1902.1
ENV2;S6;D;1;114.065;115;;12.8239;35.6814;-0.0437;0.1782;0.24751;2.3457;1903
ENV2;S6;D;1;115.056;116;;12.8166;35.6804;-0.0234;0.1885;0.23214;2.3442;1901.9
ENV2;S6;D;1;116.048;117;;12.8089;35.679;-0.0204;0.1752;0.22083;2.3429;1898.2
ENV2;S6;D;1;117.039;118;;12.8007;35.6776;-0.0176;0.1821;0.211;2.3419;1896.7
ENV2;S6;D;1;118.031;119;;12.791;35.676;-0.0132;0.1783;0.20301;2.3426;1899.9
ENV2;S6;D;1;119.023;120;;12.787;35.6754;-0.034;0.1818;0.19329;2.3423;1903.4
ENV2;S6;D;1;120.014;121;;12.7832;35.6748;-0.0102;0.1886;0.18267;2.3431;1904
ENV2;S6;D;1;121.006;122;;12.7753;35.6738;-0.0281;0.1757;0.17156;2.344;1902.4
ENV2;S6;D;1;121.997;123;;12.7673;35.6729;-0.0307;0.182;0.16099;2.3443;1898.3
ENV2;S6;D;1;122.989;124;;12.7618;35.6725;-0.0408;0.1823;0.15275;2.344;1896.4
ENV2;S6;D;1;123.98;125;;12.7517;35.6721;-0.0476;0.1851;0.14422;2.3431;1900.4
ENV2;S6;D;1;124.972;126;;12.746;35.6716;-0.0292;0.1875;0.13972;2.3409;1902.9
ENV2;S6;D;1;125.963;127;;12.7424;35.6711;-0.0334;0.1929;0.13114;2.339;1903.2
ENV2;S6;D;1;126.955;128;;12.739;35.6711;-0.0456;0.1942;0.1252;2.3374;1901.7
ENV2;S6;D;1;127.947;129;;12.7379;35.6711;-0.0455;0.1799;0.11658;2.3354;1898
ENV2;S6;D;1;128.938;130;;12.7373;35.6709;-0.0077;0.1826;0.11023;2.3329;1894.8
ENV2;S6;D;1;129.93;131;;12.7356;35.6709;-0.0374;0.1737;0.10472;2.3314;1898.5
ENV2;S6;D;1;130.921;132;;12.7344;35.671;-0.0625;0.1839;0.099114;2.3308;1902.9
ENV2;S6;D;1;131.913;133;;12.7318;35.671;-0.0605;0.1793;0.092699;2.3293;1902.4
ENV2;S6;D;1;132.904;134;;12.7293;35.6711;-0.0451;0.1786;0.088735;2.3276;1898.9
ENV2;S6;D;1;133.896;135;;12.7278;35.671;-0.0337;0.1879;0.081841;2.3256;1898.6
ENV2;S6;D;1;134.887;136;;12.7264;35.6711;-0.0415;0.1796;0.077282;2.3236;1901.8
ENV2;S6;D;1;135.879;137;;12.7249;35.6713;-0.0421;0.1784;0.072306;2.3223;1900.2
ENV2;S6;D;1;136.87;138;;12.725;35.6716;-0.0489;0.1801;0.066576;2.3218;1896.2
ENV2;S6;D;1;137.862;139;;12.7239;35.672;-0.0485;0.1846;0.062056;2.3204;1897.6
ENV2;S6;D;1;138.853;140;;12.7214;35.6723;-0.0488;0.1802;0.060795;2.3186;1900.1
ENV2;S6;D;1;139.844;141;;12.7202;35.6723;-0.0482;0.1783;0.05574;2.3162;1897.8
ENV2;S6;D;1;140.836;142;;12.7177;35.6723;-0.0414;0.179;0.052277;2.3138;1896
ENV2;S6;D;1;141.828;143;;12.7171;35.6724;-0.0459;0.1802;0.047173;2.3115;1900.3
ENV2;S6;D;1;142.819;144;;12.7169;35.6726;-0.0414;0.1761;0.044402;2.3094;1903.6
ENV2;S6;D;1;143.81;145;;12.7158;35.6728;-0.0489;0.1874;0.039851;2.3078;1902.2
ENV2;S6;D;1;144.802;146;;12.7085;35.6732;-0.0487;0.1801;0.03647;2.3068;1896.9
ENV2;S6;D;1;145.793;147;;12.6946;35.6725;-0.0523;0.1762;0.03363;2.3043;1896.9
ENV2;S6;D;1;146.785;148;;12.6814;35.6725;-0.067;0.1795;0.029553;2.3011;1902
ENV2;S6;D;1;147.776;149;;12.6733;35.6725;-0.0491;0.1848;0.027983;2.2978;1903.6
ENV2;S6;D;1;148.767;150;;12.6712;35.6725;-0.0568;0.1796;0.026281;2.2934;1901.6
ENV2;S6;D;1;149.759;151;;12.6696;35.6725;-0.057;0.1822;0.02437;2.2877;1895.9
ENV2;S6;D;1;150.75;152;;12.6664;35.6725;-0.0483;0.2048;0.020513;2.2835;1900.2
ENV2;S6;D;1;151.742;153;;12.6633;35.6725;-0.0492;0.1854;0.019579;2.2815;1903.3
ENV2;S6;D;1;152.733;154;;12.6594;35.6725;-0.042;0.179;0.0134;2.2805;1901.7
ENV2;S6;D;1;153.725;155;;12.657;35.6724;-0.045;0.1741;0.0081704;2.2789;1898.2
ENV2;S6;D;1;154.716;156;;12.6531;35.6722;-0.0407;0.1854;0.0072947;2.2764;1899.9
ENV2;S6;D;1;155.707;157;;12.6424;35.6726;-0.05;0.2066;0.0040563;2.2747;1903
ENV2;S6;D;1;156.699;158;;12.6376;35.6731;-0.0588;0.1852;0.0025454;2.2721;1902
ENV2;S6;D;1;157.69;159;;12.6361;35.6733;-0.0724;0.1824;0.0016047;2.2685;1901.3
ENV2;S6;D;1;158.681;160;;12.6345;35.6734;-0.0734;0.1976;0.00054618;2.2658;1900.8
ENV2;S6;D;1;159.673;161;;12.6322;35.6734;-0.0732;0.1846;2.95E-06;2.2627;1898
ENV2;S6;D;1;160.664;162;;12.6251;35.6735;-0.07;0.1827;1.00E-12;2.2601;1897.1
ENV2;S6;D;1;161.656;163;;12.6178;35.6736;-0.0447;0.1818;0.000032145;2.2572;1901.8
ENV2;S6;D;1;162.647;164;;12.613;35.6738;-0.0637;0.1759;-0.000001911;2.2535;1904.7
ENV2;S6;D;1;163.638;165;;12.5978;35.674;-0.0618;0.1764;1.00E-12;2.2506;1898.7
ENV2;S6;D;1;164.63;166;;12.5629;35.6766;-0.0617;0.1783;1.00E-12;2.248;1894.4
ENV2;S6;D;1;165.621;167;;12.5604;35.6765;-0.0682;0.1862;1.00E-12;2.2442;1897.9
ENV2;S6;D;1;166.612;168;;12.5604;35.6763;-0.056;0.1906;1.00E-12;2.2362;1904.2
ENV2;S6;D;1;167.604;169;;12.5602;35.6761;-0.0613;0.189;1.00E-12;2.2275;1904.2
ENV2;S6;D;1;168.595;170;;12.5602;35.6759;-0.051;0.1784;1.00E-12;2.2219;1899.4
ENV2;S6;D;1;169.586;171;;12.5602;35.6759;-0.0649;0.189;1.00E-12;2.2189;1898.4
ENV2;S6;D;1;170.578;172;;12.5585;35.6759;-0.0728;0.1984;1.00E-12;2.2174;1900.7
ENV2;S6;D;1;171.569;173;;12.5532;35.676;-0.0633;0.1737;1.00E-12;2.2165;1903.2
ENV2;S6;D;1;172.56;174;;12.5462;35.676;-0.0638;0.1783;1.00E-12;2.2152;1903.9
ENV2;S6;D;1;173.552;175;;12.5368;35.676;-0.0717;0.1815;1.00E-12;2.2127;1903.1
ENV2;S6;D;1;174.543;176;;12.5285;35.6759;-0.0736;0.1926;1.00E-12;2.2094;1899.3
ENV2;S6;D;1;175.534;177;;12.5198;35.6758;-0.0722;0.2015;1.00E-12;2.2069;1897.5
ENV2;S6;D;1;176.525;178;;12.5065;35.676;-0.0714;0.2063;1.00E-12;2.2044;1900.5
ENV2;S6;D;1;177.517;179;;12.4996;35.6758;-0.0722;0.1875;1.00E-12;2.2015;1903.4
ENV2;S6;D;1;178.508;180;;12.4903;35.6758;-0.0745;0.1778;1.00E-12;2.1976;1904.6
ENV2;S6;D;1;179.499;181;;12.4749;35.6758;-0.0645;0.1758;1.00E-12;2.1932;1902.5
ENV2;S6;D;1;180.491;182;;12.4668;35.6756;-0.0727;0.1773;1.00E-12;2.1897;1901.4
ENV2;S6;D;1;181.482;183;;12.4643;35.6756;-0.0737;0.1696;1.00E-12;2.1866;1902.6
ENV2;S6;D;1;182.473;184;;12.4636;35.6754;-0.0559;0.1638;1.00E-12;2.1836;1903.3
ENV2;S6;D;1;183.465;185;;12.4631;35.6753;-0.0673;0.1756;1.00E-12;2.181;1902.1
ENV2;S6;D;1;184.455;186;;12.4614;35.6752;-0.0713;0.1716;1.00E-12;2.179;1899.4
ENV2;S6;D;1;185.447;187;;12.4443;35.6755;-0.0677;0.1725;1.00E-12;2.1775;1898.3
ENV2;S6;D;1;186.438;188;;12.4091;35.6753;-0.0833;0.1689;1.00E-12;2.1755;1903.2
ENV2;S6;D;1;187.429;189;;12.3752;35.6735;-0.0825;0.1703;1.00E-12;2.1714;1905.5
ENV2;S6;D;1;188.42;190;;12.3354;35.6737;-0.0766;0.1705;1.00E-12;2.1667;1904.2
ENV2;S6;D;1;189.412;191;;12.3341;35.6732;-0.0811;0.1742;1.00E-12;2.1616;1902
ENV2;S6;D;1;190.403;192;;12.3318;35.6727;-0.0731;0.1691;1.00E-12;2.1556;1896.9
ENV2;S6;D;1;191.394;193;;12.3311;35.6723;-0.0751;0.1685;1.00E-12;2.1503;1897.2
ENV2;S6;D;1;192.385;194;;12.331;35.672;-0.0632;0.1726;1.00E-12;2.1463;1905.8
ENV2;S6;D;1;193.377;195;;12.3317;35.672;-0.0703;0.1723;1.00E-12;2.144;1905.3
ENV2;S6;D;1;194.368;196;;12.3308;35.6717;-0.0743;0.1672;1.00E-12;2.1431;1900.9
ENV2;S6;D;1;195.359;197;;12.3257;35.6715;-0.0756;0.1662;1.00E-12;2.1424;1897.8
ENV2;S6;D;1;196.35;198;;12.3233;35.6713;-0.075;0.1662;1.00E-12;2.1412;1898.2
ENV2;S6;D;1;197.341;199;;12.3223;35.671;-0.0805;0.1664;1.00E-12;2.1399;1903.2
ENV2;S6;D;1;198.333;200;;12.317;35.6708;-0.0744;0.177;1.00E-12;2.1394;1904.5
ENV2;S6;D;1;199.324;201;;12.3136;35.6706;-0.0843;0.1599;1.00E-12;2.1391;1902.6
ENV2;S6;D;1;200.315;202;;12.304;35.6702;-0.0837;0.1824;1.00E-12;2.1387;1900
ENV2;S6;D;1;201.306;203;;12.2826;35.6695;-0.0755;0.1637;1.00E-12;2.1371;1900.7
ENV2;S6;D;1;202.298;204;;12.275;35.6691;-0.072;0.168;1.00E-12;2.1344;1903.9
ENV2;S6;D;1;203.289;205;;12.2658;35.669;-0.0718;0.1823;1.00E-12;2.1323;1903.2
ENV2;S6;D;1;204.28;206;;12.2601;35.6686;-0.074;0.1632;1.00E-12;2.1309;1900.1
ENV2;S6;D;1;205.271;207;;12.2519;35.6686;-0.0845;0.1751;1.00E-12;2.1292;1901.8
ENV2;S6;D;1;206.262;208;;12.2395;35.669;-0.0852;0.1653;1.00E-12;2.1272;1905.1
ENV2;S6;D;1;207.253;209;;12.2341;35.6687;-0.0906;0.167;1.00E-12;2.1245;1903
ENV2;S6;D;1;208.244;210;;12.2264;35.6686;-0.0846;0.1598;1.00E-12;2.1218;1900.5
ENV2;S6;D;1;209.236;211;;12.212;35.6687;-0.0858;0.1621;1.00E-12;2.1201;1901.6
ENV2;S6;D;1;210.227;212;;12.2;35.6684;-0.0848;0.1731;1.00E-12;2.1182;1902
ENV2;S6;D;1;211.218;213;;12.1874;35.6682;-0.0842;0.1793;1.00E-12;2.1155;1901.9
ENV2;S6;D;1;212.209;214;;12.1839;35.6678;-0.0775;0.1609;1.00E-12;2.1121;1902.8
ENV2;S6;D;1;213.2;215;;12.1809;35.6676;-0.0745;0.161;1.00E-12;2.1091;1903.7
ENV2;S6;D;1;214.191;216;;12.177;35.6673;-0.087;0.171;1.00E-12;2.1075;1903.3
ENV2;S6;D;1;215.182;217;;12.1747;35.6671;-0.0891;0.1662;1.00E-12;2.1059;1899.7
ENV2;S6;D;1;216.173;218;;12.1692;35.6669;-0.0853;0.1873;1.00E-12;2.1042;1900
ENV2;S6;D;1;217.164;219;;12.1678;35.6666;-0.0762;0.1709;1.00E-12;2.1029;1903.9
ENV2;S6;D;1;218.155;220;;12.1663;35.6665;-0.0805;0.1625;1.00E-12;2.1024;1904.4
ENV2;S6;D;1;219.146;221;;12.1646;35.6663;-0.0785;0.1662;1.00E-12;2.1017;1901.9
ENV2;S6;D;1;220.138;222;;12.163;35.6664;-0.0849;0.1624;1.00E-12;2.1015;1901
ENV2;S6;D;1;221.129;223;;12.162;35.6661;-0.0741;0.1555;1.00E-12;2.1006;1901.6
ENV2;S6;D;1;222.12;224;;12.1609;35.6661;-0.0734;0.1542;1.00E-12;2.1003;1903.2
ENV2;S6;D;1;223.111;225;;12.16;35.6659;-0.0886;0.1702;1.00E-12;2.0999;1904
ENV2;S6;D;1;224.102;226;;12.1602;35.6658;-0.0944;0.1576;1.00E-12;2.0996;1903.6
ENV2;S6;D;1;225.093;227;;12.1589;35.6657;-0.0902;0.1601;1.00E-12;2.0995;1904.4
ENV2;S6;D;1;226.084;228;;12.1581;35.6658;-0.0822;0.1628;1.00E-12;2.0991;1903.5
ENV2;S6;D;1;227.075;229;;12.1565;35.6658;-0.0951;0.1627;1.00E-12;2.0986;1900.7
ENV2;S6;D;1;228.066;230;;12.1556;35.6657;-0.0902;0.1637;1.00E-12;2.098;1898.1
ENV2;S6;D;1;229.057;231;;12.1556;35.6656;-0.0783;0.1661;1.00E-12;2.097;1900.3
ENV2;S6;D;1;230.048;232;;12.1555;35.6655;-0.0721;0.1569;1.00E-12;2.0962;1904.6
ENV2;S6;D;1;231.039;233;;12.156;35.6655;-0.076;0.1567;1.00E-12;2.0963;1903.6
ENV2;S6;D;1;232.03;234;;12.1557;35.6655;-0.0842;0.1646;1.00E-12;2.0955;1902.8
ENV2;S6;D;1;233.021;235;;12.155;35.6655;-0.0946;0.1662;1.00E-12;2.0958;1903.8
ENV2;S6;D;1;234.012;236;;12.1554;35.6656;-0.0743;0.1769;1.00E-12;2.0952;1903.9
ENV2;S6;D;1;235.003;237;;12.1553;35.6654;-0.077;0.1686;1.00E-12;2.095;1903.2
ENV2;S6;D;1;235.994;238;;12.1548;35.6654;-0.0783;0.1663;1.00E-12;2.0938;1903.2
ENV2;S6;D;1;236.985;239;;12.1543;35.6654;-0.081;0.164;1.00E-12;2.093;1902.9
ENV2;S6;D;1;237.976;240;;12.1544;35.6654;-0.0799;0.1565;1.00E-12;2.0928;1901.6
ENV2;S6;D;1;238.967;241;;12.1528;35.6652;-0.0713;0.168;1.00E-12;2.093;1903.9
ENV2;S6;D;1;239.958;242;;12.1527;35.6653;-0.0713;0.1696;1.00E-12;2.0928;1904.4
ENV2;S6;D;1;240.949;243;;12.1522;35.6652;-0.0717;0.1672;1.00E-12;2.0919;1903.2
ENV2;S6;D;1;241.94;244;;12.1517;35.6651;-0.0754;0.1697;1.00E-12;2.0921;1904.1
ENV2;S6;D;1;242.931;245;;12.1497;35.665;-0.0885;0.1611;1.00E-12;2.0921;1905.3
ENV2;S6;D;1;243.922;246;;12.1386;35.6642;-0.0878;0.1773;1.00E-12;2.0916;1905.3
ENV2;S6;D;1;244.913;247;;12.1222;35.6633;-0.0838;0.1635;1.00E-12;2.0904;1904.5
ENV2;S6;D;1;245.904;248;;12.115;35.6628;-0.0947;0.1616;1.00E-12;2.0894;1903.3
ENV2;S6;D;1;246.895;249;;12.1097;35.6624;-0.0943;0.1541;1.00E-12;2.0886;1903.4
ENV2;S6;D;1;247.886;250;;12.104;35.6621;-0.0899;0.1601;1.00E-12;2.0877;1902.6
ENV2;S6;D;1;248.877;251;;12.1021;35.6618;-0.0831;0.1666;1.00E-12;2.0866;1902.3
ENV2;S6;D;1;249.868;252;;12.1017;35.6619;-0.065;0.1608;1.00E-12;2.0862;1905.3
ENV2;S6;D;1;250.859;253;;12.0993;35.6619;-0.0774;0.1743;1.00E-12;2.0855;1908.2
ENV2;S6;D;1;251.849;254;;12.1067;35.6614;-0.091;0.1386;1.00E-12;2.084;1898.1
ENV2;S6;D;2;2.976;3;;13.4043;35.6691;2.9472;0.4339;298.33;2.1874;905.84
ENV2;S6;D;2;3.968;4;;13.3886;35.6778;2.976;0.461;248.76;2.5755;908.29
ENV2;S6;D;2;4.961;5;;13.3887;35.6772;3.1218;0.4899;204.45;2.5422;907.11
ENV2;S6;D;2;5.953;6;;13.3882;35.6769;3.5069;0.4856;171.14;2.5417;906.83
ENV2;S6;D;2;6.945;7;;13.3883;35.677;3.8371;0.4496;145.25;2.5433;905.26
ENV2;S6;D;2;7.937;8;;13.391;35.6773;3.8932;0.4862;116.24;2.5444;906.05
ENV2;S6;D;2;8.929;9;;13.3906;35.6772;3.9321;0.4901;101.67;2.5442;905.85
ENV2;S6;D;2;9.921;10;;13.3826;35.677;3.9838;0.4853;89.879;2.5442;906.85
ENV2;S6;D;2;10.913;11;;13.3704;35.6771;4.1122;0.489;74.852;2.5443;906.56
ENV2;S6;D;2;11.905;12;;13.3664;35.677;4.1651;0.4912;65.016;2.5442;907.02
ENV2;S6;D;2;12.897;13;;13.3653;35.6769;4.1584;0.4673;58.898;2.5425;906.41
ENV2;S6;D;2;13.89;14;;13.3645;35.6769;4.1537;0.4715;49.462;2.5409;904.44
ENV2;S6;D;2;14.882;15;;13.3632;35.6769;4.1156;0.4783;43.347;2.5399;906.9
ENV2;S6;D;2;15.874;16;;13.3601;35.6768;4.1852;0.4677;39.249;2.5375;905.3
ENV2;S6;D;2;16.866;17;;13.3556;35.677;4.0875;0.4602;34.328;2.5349;906.08
ENV2;S6;D;2;17.858;18;;13.329;35.679;3.8925;0.4484;29.851;2.5314;906.64
ENV2;S6;D;2;18.85;19;;13.3144;35.6815;3.7005;0.4306;26.789;2.5252;907.04
ENV2;S6;D;2;19.842;20;;13.2889;35.6865;3.5624;0.4056;24.354;2.5176;907.52
ENV2;S6;D;2;20.834;21;;13.2635;35.6919;3.3016;0.3887;21.928;2.5052;906.57
ENV2;S6;D;2;21.826;22;;13.2442;35.6944;3.113;0.3594;19.938;2.4936;905.38
ENV2;S6;D;2;22.818;23;;13.23;35.6959;3.0002;0.3663;17.787;2.4871;906.23
ENV2;S6;D;2;23.81;24;;13.2194;35.6969;2.9637;0.3417;16.365;2.4786;906.51
ENV2;S6;D;2;24.802;25;;13.2187;35.6966;2.9387;0.3287;14.967;2.4726;907.28
ENV2;S6;D;2;25.794;26;;13.2161;35.6969;2.9562;0.3231;13.634;2.4686;906.57
ENV2;S6;D;2;26.786;27;;13.2149;35.6971;2.9378;0.3326;12.426;2.4652;905.41
ENV2;S6;D;2;27.778;28;;13.2133;35.6978;2.8477;0.3172;11.447;2.4639;905.19
ENV2;S6;D;2;28.77;29;;13.2136;35.6978;3.0119;0.3268;10.656;2.4617;905.71
ENV2;S6;D;2;29.762;30;;13.2072;35.6997;2.8477;0.3207;9.5425;2.4595;906.56
ENV2;S6;D;2;30.754;31;;13.2045;35.7009;2.95;0.3263;8.5685;2.4572;907.58
ENV2;S6;D;2;31.746;32;;13.2029;35.7023;2.7696;0.3318;7.9065;2.4547;908.69
ENV2;S6;D;2;32.738;33;;13.2024;35.7027;2.5679;0.308;7.3236;2.4526;907.09
ENV2;S6;D;2;33.73;34;;13.2012;35.7039;2.6189;0.323;6.887;2.4506;906.79
ENV2;S6;D;2;34.722;35;;13.2037;35.7028;2.8629;0.3284;6.3128;2.4469;905.86
ENV2;S6;D;2;35.714;36;;13.2001;35.7062;2.5505;0.3022;5.6304;2.447;908.23
ENV2;S6;D;2;36.706;37;;13.1991;35.7072;2.2444;0.2891;5.1737;2.4454;908.3
ENV2;S6;D;2;37.698;38;;13.1975;35.7083;2.2489;0.282;4.8594;2.4414;908.15
ENV2;S6;D;2;38.69;39;;13.1961;35.7097;2.1415;0.3142;4.5236;2.4383;906.34
ENV2;S6;D;2;39.682;40;;13.1951;35.7108;1.8378;0.2752;4.1872;2.4355;905.9
ENV2;S6;D;2;40.674;41;;13.1934;35.7126;1.9211;0.2589;3.9049;2.4308;906.81
ENV2;S6;D;2;41.666;42;;13.1931;35.7133;1.7842;0.259;3.6033;2.4281;905.2
ENV2;S6;D;2;42.658;43;;13.193;35.7137;1.7669;0.2594;3.3209;2.4249;907.03
ENV2;S6;D;2;43.65;44;;13.1928;35.7144;1.8562;0.2609;3.083;2.4227;908.27
ENV2;S6;D;2;44.642;45;;13.1926;35.715;1.6202;0.258;2.853;2.4216;908.35
ENV2;S6;D;2;45.634;46;;13.1923;35.7154;1.5492;0.28;2.678;2.4211;909.96
ENV2;S6;D;2;46.625;47;;13.1921;35.7158;1.6304;0.256;2.5175;2.4195;905.78
ENV2;S6;D;2;47.617;48;;13.1921;35.716;1.6217;0.2659;2.336;2.4182;904.76
ENV2;S6;D;2;48.609;49;;13.1922;35.7164;1.6081;0.2496;2.1811;2.4175;906.61
ENV2;S6;D;2;49.601;50;;13.1922;35.7165;1.4733;0.2624;2.0303;2.417;907.9
ENV2;S6;D;2;50.593;51;;13.1919;35.7166;1.5827;0.251;1.8733;2.4156;907.67
ENV2;S6;D;2;51.585;52;;13.1917;35.7169;1.505;0.2745;1.7422;2.4146;907.19
ENV2;S6;D;2;52.577;53;;13.1914;35.7171;1.2746;0.25;1.629;2.4141;908.86
ENV2;S6;D;2;53.569;54;;13.1913;35.7172;1.3984;0.246;1.5549;2.4132;907.53
ENV2;S6;D;2;54.561;55;;13.1913;35.7172;1.4249;0.2435;1.4391;2.4123;906.24
ENV2;S6;D;2;55.552;56;;13.1911;35.7173;1.3208;0.2406;1.3084;2.4114;908.14
ENV2;S6;D;2;56.544;57;;13.1909;35.7175;1.1977;0.2475;1.2279;2.4112;908.46
ENV2;S6;D;2;57.536;58;;13.191;35.7174;1.162;0.244;1.1614;2.4106;909.73
ENV2;S6;D;2;58.528;59;;13.1908;35.7174;1.1696;0.2377;1.1087;2.4099;907.85
ENV2;S6;D;2;59.52;60;;13.191;35.7174;1.2745;0.239;1.0239;2.409;907.39
ENV2;S6;D;2;60.512;61;;13.1907;35.7176;1.2251;0.2296;0.94416;2.4086;906.35
ENV2;S6;D;2;61.504;62;;13.1908;35.7178;1.048;0.2377;0.8827;2.4081;907.77
ENV2;S6;D;2;62.496;63;;13.1911;35.7176;1.045;0.2308;0.82923;2.4074;907.98
ENV2;S6;D;2;63.487;64;;13.1913;35.7175;1.2708;0.2444;0.78882;2.4074;907.07
ENV2;S6;D;2;64.479;65;;13.1916;35.7176;1.1702;0.2411;0.72794;2.407;907.33
ENV2;S6;D;2;65.471;66;;13.1915;35.7176;1.077;0.2311;0.67027;2.4062;907.35
ENV2;S6;D;2;66.463;67;;13.1916;35.7177;1.0472;0.2289;0.63003;2.4054;907.25
ENV2;S6;D;2;67.455;68;;13.1917;35.7176;1.0716;0.2369;0.59291;2.4049;908.2
ENV2;S6;D;2;68.446;69;;13.1917;35.7177;1.0807;0.2305;0.55798;2.4047;907.45
ENV2;S6;D;2;69.438;70;;13.1917;35.7177;1.0455;0.2278;0.51945;2.4042;907.15
ENV2;S6;D;2;70.43;71;;13.1909;35.7176;0.9874;0.2355;0.48468;2.404;907.62
ENV2;S6;D;2;71.422;72;;13.1916;35.7176;0.9327;0.2294;0.45024;2.4033;909.59
ENV2;S6;D;2;72.414;73;;13.1904;35.7176;0.9086;0.2337;0.41885;2.4024;908.09
ENV2;S6;D;2;73.406;74;;13.1901;35.7175;0.8541;0.2293;0.39022;2.4021;907.81
ENV2;S6;D;2;74.397;75;;13.1878;35.7173;0.7404;0.2215;0.36506;2.4014;909.78
ENV2;S6;D;2;75.389;76;;13.1871;35.7172;0.6797;0.2075;0.34507;2.4001;907.97
ENV2;S6;D;2;76.381;77;;13.1868;35.7172;0.6448;0.2221;0.32239;2.3994;906.25
ENV2;S6;D;2;77.373;78;;13.1863;35.7174;0.6061;0.2236;0.30073;2.3987;907.41
ENV2;S6;D;2;78.364;79;;13.1868;35.7173;0.6972;0.2163;0.27937;2.3981;906.51
ENV2;S6;D;2;79.356;80;;13.1868;35.7176;0.7565;0.2358;0.26222;2.3978;906.44
ENV2;S6;D;2;80.348;81;;13.1862;35.7176;0.7181;0.232;0.24521;2.3968;906.99
ENV2;S6;D;2;81.34;82;;13.1861;35.7176;0.6244;0.2109;0.22866;2.3955;907.92
ENV2;S6;D;2;82.331;83;;13.1857;35.7177;0.6562;0.2155;0.21222;2.3951;910.94
ENV2;S6;D;2;83.323;84;;13.1857;35.7176;0.7228;0.2149;0.20108;2.3944;908.76
ENV2;S6;D;2;84.315;85;;13.1856;35.7177;0.7989;0.2182;0.18895;2.3941;907.41
ENV2;S6;D;2;85.306;86;;13.1848;35.7176;0.7223;0.2254;0.17528;2.3943;908.77
ENV2;S6;D;2;86.298;87;;13.1795;35.7173;0.6792;0.2284;0.16233;2.3941;909.52
ENV2;S6;D;2;87.29;88;;13.1751;35.7166;0.66;0.2267;0.14875;2.3931;907.57
ENV2;S6;D;2;88.282;89;;13.1713;35.7161;0.7068;0.2359;0.13672;2.3916;907.59
ENV2;S6;D;2;89.274;90;;13.1712;35.7162;0.615;0.2157;0.12666;2.3914;906.64
ENV2;S6;D;2;90.265;91;;13.1699;35.7159;0.5719;0.2161;0.1158;2.3905;910.81
ENV2;S6;D;2;91.257;92;;13.1684;35.7158;0.5418;0.2159;0.10817;2.3892;911.15
ENV2;S6;D;2;92.249;93;;13.1671;35.7157;0.5462;0.2159;0.10299;2.3882;909.8
ENV2;S6;D;2;93.24;94;;13.159;35.7143;0.5104;0.2146;0.09385;2.3873;911.04
ENV2;S6;D;2;94.232;95;;13.1474;35.713;0.4662;0.2065;0.085793;2.387;907.89
ENV2;S6;D;2;95.224;96;;13.1416;35.7119;0.4161;0.2039;0.080323;2.3873;905.37
ENV2;S6;D;2;96.215;97;;13.1366;35.7115;0.4022;0.2016;0.075136;2.3863;906.38
ENV2;S6;D;2;97.207;98;;13.1358;35.7111;0.3666;0.2008;0.068533;2.3858;907.05
ENV2;S6;D;2;98.199;99;;13.1204;35.7094;0.378;0.2069;0.062332;2.3851;907.83
ENV2;S6;D;2;99.19;100;;13.101;35.707;0.3601;0.2035;0.055635;2.3839;908.63
ENV2;S6;D;2;100.182;101;;13.0928;35.7063;0.3066;0.1981;0.051871;2.3831;908.69
ENV2;S6;D;2;101.174;102;;13.0907;35.7059;0.2672;0.2067;0.046003;2.3818;910.11
ENV2;S6;D;2;102.165;103;;13.0893;35.7058;0.2532;0.2103;0.043443;2.3801;911.25
ENV2;S6;D;2;103.157;104;;13.0745;35.704;0.2497;0.2041;0.040045;2.3786;909.87
ENV2;S6;D;2;104.148;105;;13.0509;35.7022;0.2121;0.1851;0.03702;2.3771;907.39
ENV2;S6;D;2;105.14;106;;13.0411;35.701;0.1693;0.204;0.033185;2.3754;906.17
ENV2;S6;D;2;106.132;107;;13.0373;35.7003;0.1593;0.1949;0.025938;2.3732;906.84
ENV2;S6;D;2;107.123;108;;13.0287;35.6998;0.1524;0.1929;0.022245;2.3716;908.43
ENV2;S6;D;2;108.115;109;;13.0206;35.6995;0.1336;0.1851;0.017979;2.3702;909.12
ENV2;S6;D;2;109.107;110;;13.0122;35.6988;0.1245;0.1848;0.016264;2.3691;909.74
ENV2;S6;D;2;110.098;111;;13.007;35.6986;0.1144;0.1888;0.01331;2.3684;910.71
ENV2;S6;D;2;111.09;112;;13.0038;35.6982;0.097;0.1974;0.0093115;2.3667;910.84
ENV2;S6;D;2;112.081;113;;12.9965;35.6976;0.1074;0.1981;0.0076238;2.3649;909.62
ENV2;S6;D;2;113.073;114;;12.9879;35.697;0.1198;0.1843;0.0035269;2.364;907.26
ENV2;S6;D;2;114.065;115;;12.9687;35.6956;0.0776;0.1858;0.0010507;2.3622;906.66
ENV2;S6;D;2;115.056;116;;12.9461;35.6942;0.0485;0.1858;0.00024919;2.3599;906.73
ENV2;S6;D;2;116.048;117;;12.9393;35.6934;0.0268;0.1867;-0.000002304;2.3564;907.64
ENV2;S6;D;2;117.04;118;;12.936;35.6928;0.0275;0.1752;1.00E-12;2.354;908.72
ENV2;S6;D;2;118.031;119;;12.9348;35.6927;0.0218;0.189;1.00E-12;2.3529;909.44
ENV2;S6;D;2;119.023;120;;12.9339;35.6925;0.0311;0.1807;1.00E-12;2.352;909.93
ENV2;S6;D;2;120.014;121;;12.9335;35.6924;0.0047;0.1768;1.00E-12;2.3514;909.42
ENV2;S6;D;2;121.006;122;;12.9318;35.6921;0.0213;0.1897;1.00E-12;2.3502;909.29
ENV2;S6;D;2;121.997;123;;12.9287;35.6918;0.0189;0.1825;1.00E-12;2.3495;909.52
ENV2;S6;D;2;122.989;124;;12.9241;35.6912;0.0085;0.1765;1.00E-12;2.3494;907.45
ENV2;S6;D;2;123.98;125;;12.9158;35.6905;-0.0001;0.1749;1.00E-12;2.3489;907.45
ENV2;S6;D;2;124.972;126;;12.8921;35.6883;0.0017;0.1791;1.00E-12;2.3472;908.06
ENV2;S6;D;2;125.963;127;;12.8846;35.6875;0.0004;0.1805;1.00E-12;2.3458;908.28
ENV2;S6;D;2;126.955;128;;12.88;35.6867;-0.016;0.1695;1.00E-12;2.3447;908.72
ENV2;S6;D;2;127.946;129;;12.8765;35.6861;-0.0134;0.1787;1.00E-12;2.344;908.16
ENV2;S6;D;2;128.938;130;;12.8739;35.6857;-0.0177;0.185;1.00E-12;2.3434;909.37
ENV2;S6;D;2;129.93;131;;12.8663;35.6849;-0.0285;0.1784;1.00E-12;2.343;909.73
ENV2;S6;D;2;130.921;132;;12.8597;35.6841;-0.0431;0.1834;1.00E-12;2.3421;908.79
ENV2;S6;D;2;131.913;133;;12.8526;35.6833;-0.0271;0.1766;1.00E-12;2.3414;908.88
ENV2;S6;D;2;132.904;134;;12.8446;35.6823;-0.029;0.176;1.00E-12;2.34;907.94
ENV2;S6;D;2;133.896;135;;12.8375;35.6815;-0.0246;0.1839;1.00E-12;2.3392;908.57
ENV2;S6;D;2;134.887;136;;12.8294;35.6811;-0.0352;0.2468;1.00E-12;2.3384;910.63
ENV2;S6;D;2;135.879;137;;12.8272;35.6809;-0.0243;0.1806;1.00E-12;2.3379;910.35
ENV2;S6;D;2;136.87;138;;12.8271;35.681;-0.0454;0.1838;1.00E-12;2.3374;909.52
ENV2;S6;D;2;137.862;139;;12.8251;35.6808;-0.0454;0.177;1.00E-12;2.3358;909.01
ENV2;S6;D;2;138.853;140;;12.8226;35.6812;-0.036;0.1726;1.00E-12;2.3342;909.52
ENV2;S6;D;2;139.845;141;;12.8212;35.682;-0.0299;0.1717;1.00E-12;2.3324;907.79
ENV2;S6;D;2;140.836;142;;12.8178;35.682;-0.0297;0.1721;1.00E-12;2.3307;908.79
ENV2;S6;D;2;141.827;143;;12.8076;35.6814;-0.044;0.1662;1.00E-12;2.3286;909.63
ENV2;S6;D;2;142.819;144;;12.8011;35.681;-0.0355;0.1752;1.00E-12;2.3264;910.23
ENV2;S6;D;2;143.81;145;;12.7929;35.6805;-0.0461;0.1792;1.00E-12;2.3242;910.85
ENV2;S6;D;2;144.802;146;;12.7857;35.68;-0.0548;0.1887;1.00E-12;2.3218;910.32
ENV2;S6;D;2;145.793;147;;12.7775;35.6795;-0.0356;0.1775;1.00E-12;2.319;908.75
ENV2;S6;D;2;146.785;148;;12.7701;35.6794;-0.0336;0.1732;1.00E-12;2.3159;908.85
ENV2;S6;D;2;147.776;149;;12.7676;35.6789;-0.035;0.1881;1.00E-12;2.3127;910.28
ENV2;S6;D;2;148.768;150;;12.767;35.6787;-0.0345;0.1706;1.00E-12;2.3098;911.79
ENV2;S6;D;2;149.759;151;;12.7643;35.6782;-0.0418;0.1932;1.00E-12;2.3077;910.96
ENV2;S6;D;2;150.75;152;;12.7605;35.6778;-0.0456;0.1783;1.00E-12;2.3066;910.97
ENV2;S6;D;2;151.742;153;;12.7567;35.678;-0.0551;0.1794;1.00E-12;2.3062;912.55
ENV2;S6;D;2;152.733;154;;12.7494;35.6778;-0.0471;0.1796;1.00E-12;2.3056;912.17
ENV2;S6;D;2;153.725;155;;12.7389;35.6768;-0.039;0.1759;1.00E-12;2.3036;911.29
ENV2;S6;D;2;154.716;156;;12.7359;35.6765;-0.0561;0.178;1.00E-12;2.3013;910.28
ENV2;S6;D;2;155.707;157;;12.7273;35.6756;-0.0465;0.1791;1.00E-12;2.2996;911.09
ENV2;S6;D;2;156.699;158;;12.7039;35.6741;-0.0475;0.1786;1.00E-12;2.2975;912.28
ENV2;S6;D;2;157.69;159;;12.6788;35.6742;-0.0465;0.1901;1.00E-12;2.2951;911.24
ENV2;S6;D;2;158.681;160;;12.668;35.6748;-0.0461;0.1916;1.00E-12;2.2911;912.11
ENV2;S6;D;2;159.673;161;;12.6668;35.6747;-0.0454;0.1837;1.00E-12;2.2826;913.44
ENV2;S6;D;2;160.664;162;;12.6624;35.6748;-0.0456;0.1746;1.00E-12;2.2777;911.97
ENV2;S6;D;2;161.656;163;;12.654;35.6746;-0.0353;0.179;1.00E-12;2.2746;912.07
ENV2;S6;D;2;162.647;164;;12.6473;35.6745;-0.0599;0.1827;1.00E-12;2.2702;913.44
ENV2;S6;D;2;163.638;165;;12.646;35.6742;-0.0544;0.1896;1.00E-12;2.264;912.68
ENV2;S6;D;2;164.63;166;;12.6453;35.6742;-0.0573;0.1704;1.00E-12;2.2616;913.87
ENV2;S6;D;2;165.621;167;;12.6419;35.6743;-0.0591;0.1825;1.00E-12;2.2604;913.23
ENV2;S6;D;2;166.612;168;;12.6381;35.674;-0.0579;0.1965;1.00E-12;2.2592;912.26
ENV2;S6;D;2;167.604;169;;12.6299;35.674;-0.0497;0.1794;1.00E-12;2.2573;911.68
ENV2;S6;D;2;168.595;170;;12.6274;35.6738;-0.0618;0.2028;1.00E-12;2.2535;912.14
ENV2;S6;D;2;169.586;171;;12.6228;35.6741;-0.058;0.2297;1.00E-12;2.2498;913.01
ENV2;S6;D;2;170.578;172;;12.6185;35.6743;-0.0518;0.1692;1.00E-12;2.2478;915.11
ENV2;S6;D;2;171.569;173;;12.6179;35.6741;-0.0456;0.1667;1.00E-12;2.2462;915.64
ENV2;S6;D;2;172.56;174;;12.6179;35.674;-0.0558;0.1725;1.00E-12;2.2439;915.53
ENV2;S6;D;2;173.552;175;;12.6176;35.6741;-0.0691;0.1898;1.00E-12;2.2418;913.93
ENV2;S6;D;2;174.543;176;;12.6153;35.6742;-0.0581;0.1763;1.00E-12;2.2407;914.65
ENV2;S6;D;2;175.534;177;;12.6118;35.6742;-0.0688;0.2215;1.00E-12;2.2398;915.29
ENV2;S6;D;2;176.526;178;;12.6086;35.6742;-0.0702;0.1817;1.00E-12;2.2381;914.75
ENV2;S6;D;2;177.517;179;;12.604;35.6745;-0.0668;0.1989;1.00E-12;2.2368;913.48
ENV2;S6;D;2;178.508;180;;12.5917;35.675;-0.0617;0.1854;1.00E-12;2.2358;913.86
ENV2;S6;D;2;179.499;181;;12.5798;35.6755;-0.0694;0.1823;1.00E-12;2.2335;915.39
ENV2;S6;D;2;180.491;182;;12.5694;35.676;-0.0695;0.1825;1.00E-12;2.2298;915.11
ENV2;S6;D;2;181.482;183;;12.5533;35.6765;-0.0664;0.1698;1.00E-12;2.2238;916.79
ENV2;S6;D;2;182.473;184;;12.5424;35.6766;-0.0579;0.1738;1.00E-12;2.2176;918.64
ENV2;S6;D;2;183.464;185;;12.5378;35.6765;-0.0581;0.1832;1.00E-12;2.2125;916.65
ENV2;S6;D;2;184.455;186;;12.5308;35.6765;-0.0688;0.1754;1.00E-12;2.208;915.26
ENV2;S6;D;2;185.447;187;;12.5291;35.6765;-0.0689;0.2207;1.00E-12;2.2049;915.81
ENV2;S6;D;2;186.438;188;;12.5284;35.6763;-0.061;0.192;1.00E-12;2.2019;916.32
ENV2;S6;D;2;187.429;189;;12.526;35.6762;-0.0594;0.1783;1.00E-12;2.1986;915.29
ENV2;S6;D;2;188.421;190;;12.5198;35.6761;-0.0707;0.1694;1.00E-12;2.1953;917.65
ENV2;S6;D;2;189.411;191;;12.5155;35.6761;-0.0626;0.1599;1.00E-12;2.1938;916.96
ENV2;S6;D;2;190.403;192;;12.5156;35.676;-0.0653;0.1714;1.00E-12;2.1919;917.9
ENV2;S6;D;2;191.395;193;;12.5158;35.6759;-0.0715;0.1824;1.00E-12;2.1903;917.55
ENV2;S6;D;2;192.385;194;;12.5151;35.6757;-0.0623;0.2032;1.00E-12;2.1889;919
ENV2;S6;D;2;193.377;195;;12.5136;35.6756;-0.0672;0.1853;1.00E-12;2.1878;918.42
ENV2;S6;D;2;194.368;196;;12.5089;35.6756;-0.069;0.1742;1.00E-12;2.1873;917.87
ENV2;S6;D;2;195.359;197;;12.5051;35.6755;-0.0581;0.1747;1.00E-12;2.1873;917.02
ENV2;S6;D;2;196.35;198;;12.4786;35.6764;-0.0676;0.1769;1.00E-12;2.1859;918.53
ENV2;S6;D;2;197.342;199;;12.4802;35.6747;-0.0831;0.1646;1.00E-12;2.1805;915.49
ENV2;S6;D;2;198.333;200;;12.4421;35.6754;-0.0721;0.1654;1.00E-12;2.1788;916.85
ENV2;S6;D;2;199.324;201;;12.4357;35.6753;-0.0701;0.1717;1.00E-12;2.1769;918.47
ENV2;S6;D;2;200.315;202;;12.4113;35.6744;-0.0695;0.1685;1.00E-12;2.1732;920.31
ENV2;S6;D;2;201.306;203;;12.3784;35.674;-0.0784;0.1722;1.00E-12;2.1682;918.83
ENV2;S6;D;2;202.297;204;;12.3658;35.6739;-0.0732;0.1593;1.00E-12;2.1633;918.55
ENV2;S6;D;2;203.289;205;;12.3568;35.6733;-0.0701;0.1722;1.00E-12;2.1582;917.36
ENV2;S6;D;2;204.28;206;;12.3454;35.6732;-0.0764;0.1636;1.00E-12;2.1507;917.96
ENV2;S6;D;2;205.271;207;;12.3329;35.6721;-0.0713;0.1679;1.00E-12;2.1463;917.94
ENV2;S6;D;2;206.262;208;;12.3286;35.6721;-0.0709;0.172;1.00E-12;2.1438;917.79
ENV2;S6;D;2;207.254;209;;12.326;35.6717;-0.0747;0.1662;1.00E-12;2.1412;917.57
ENV2;S6;D;2;208.245;210;;12.3185;35.6713;-0.0777;0.1644;1.00E-12;2.1385;919.22
ENV2;S6;D;2;209.236;211;;12.3097;35.6709;-0.0709;0.1676;1.00E-12;2.137;918.98
ENV2;S6;D;2;210.227;212;;12.3051;35.6707;-0.0765;0.1691;1.00E-12;2.1346;919.4
ENV2;S6;D;2;211.218;213;;12.3001;35.6701;-0.0864;0.1618;1.00E-12;2.1329;920.08
ENV2;S6;D;2;212.209;214;;12.2933;35.6698;-0.0582;0.1749;1.00E-12;2.1321;920.61
ENV2;S6;D;2;213.2;215;;12.2848;35.6697;-0.075;0.1693;1.00E-12;2.131;921
ENV2;S6;D;2;214.191;216;;12.2694;35.669;-0.0814;0.1641;1.00E-12;2.1298;919.27
ENV2;S6;D;2;215.182;217;;12.2573;35.6688;-0.0732;0.16;1.00E-12;2.1276;918.95
ENV2;S6;D;2;216.173;218;;12.2504;35.6682;-0.064;0.1508;1.00E-12;2.125;919.04
ENV2;S6;D;2;217.164;219;;12.2449;35.6681;-0.0822;0.1712;1.00E-12;2.1233;917.2
ENV2;S6;D;2;218.155;220;;12.2276;35.6675;-0.0827;0.1618;1.00E-12;2.1215;918.05
ENV2;S6;D;2;219.147;221;;12.2192;35.6679;-0.0831;0.166;1.00E-12;2.1201;918.41
ENV2;S6;D;2;220.138;222;;12.2146;35.6682;-0.0703;0.1545;1.00E-12;2.1171;919.53
ENV2;S6;D;2;221.129;223;;12.2084;35.6683;-0.0807;0.1644;1.00E-12;2.1143;919.64
ENV2;S6;D;2;222.12;224;;12.2072;35.6682;-0.0822;0.1609;1.00E-12;2.1124;921.66
ENV2;S6;D;2;223.111;225;;12.2054;35.6682;-0.0723;0.1655;1.00E-12;2.1109;921.77
ENV2;S6;D;2;224.102;226;;12.2029;35.6682;-0.0751;0.1975;1.00E-12;2.1088;922.24
ENV2;S6;D;2;225.093;227;;12.1956;35.6682;-0.0905;0.1582;1.00E-12;2.1069;919.46
ENV2;S6;D;2;226.084;228;;12.1896;35.668;-0.0745;0.1662;1.00E-12;2.1054;919.58
ENV2;S6;D;2;227.075;229;;12.1867;35.6679;-0.0798;0.1662;1.00E-12;2.1028;918.57
ENV2;S6;D;2;228.066;230;;12.1812;35.6675;-0.0699;0.1617;1.00E-12;2.1013;919.25
ENV2;S6;D;2;229.057;231;;12.1634;35.6667;-0.0758;0.1662;1.00E-12;2.0999;921.12
ENV2;S6;D;2;230.048;232;;12.1588;35.6664;-0.0749;0.1659;1.00E-12;2.0982;921.81
ENV2;S6;D;2;231.039;233;;12.1585;35.6662;-0.0903;0.1601;1.00E-12;2.0972;921.32
ENV2;S6;D;2;232.03;234;;12.1549;35.6662;-0.0945;0.1603;1.00E-12;2.0967;921.71
ENV2;S6;D;2;233.021;235;;12.1521;35.6663;-0.0985;0.1619;1.00E-12;2.0962;922.79
ENV2;S6;D;2;234.012;236;;12.1423;35.6657;-0.0822;0.161;1.00E-12;2.0947;921.78
ENV2;S6;D;2;235.003;237;;12.1148;35.6646;-0.0872;0.2069;1.00E-12;2.0924;921.19
ENV2;S6;D;2;235.994;238;;12.1041;35.6637;-0.0863;0.1892;1.00E-12;2.0901;920.58
ENV2;S6;D;2;236.985;239;;12.0897;35.6624;-0.0785;0.161;1.00E-12;2.0882;919.4
ENV2;S6;D;2;237.976;240;;12.0827;35.6615;-0.0802;0.1731;1.00E-12;2.0867;919.89
ENV2;S6;D;2;238.967;241;;12.07;35.6602;-0.0817;0.1545;1.00E-12;2.086;922.54
ENV2;S6;D;2;239.958;242;;12.0605;35.659;-0.0817;0.1543;1.00E-12;2.0854;922.57
ENV2;S6;D;2;240.949;243;;12.0326;35.6551;-0.097;0.1526;1.00E-12;2.0844;923.31
ENV2;S6;D;2;241.94;244;;12.0263;35.6543;-0.0938;0.1518;1.00E-12;2.0837;922.76
ENV2;S6;D;2;242.931;245;;12.0207;35.653;-0.0912;0.1603;1.00E-12;2.0866;923.9
ENV2;S6;D;2;243.922;246;;12.0083;35.6507;-0.069;0.1606;1.00E-12;2.0878;922.48
ENV2;S6;D;2;244.913;247;;11.9783;35.646;-0.0823;0.1545;1.00E-12;2.0882;923.7
ENV2;S6;D;2;245.904;248;;11.9598;35.6438;-0.0826;0.1599;1.00E-12;2.0889;921.91
ENV2;S6;D;2;246.895;249;;11.9562;35.6431;-0.0852;0.1426;1.00E-12;2.0927;920.27
ENV2;S6;D;2;247.886;250;;11.9514;35.6424;-0.0867;0.1479;1.00E-12;2.0988;920.02
ENV2;S6;D;2;248.877;251;;11.9472;35.6418;-0.0823;0.1543;1.00E-12;2.1024;922.04
ENV2;S6;D;2;249.868;252;;11.9458;35.642;-0.0806;0.1543;1.00E-12;2.1032;925.52
ENV2;S6;D;2;250.859;253;;11.9451;35.642;-0.0702;0.154;1.00E-12;2.1034;926.39
ENV2;S6;D;2;251.85;254;;11.9447;35.6418;-0.0789;0.151;1.00E-12;2.1033;927.19
ENV2;S6;D;2;252.841;255;;11.9449;35.6416;-0.0773;0.1501;1.00E-12;2.1019;925.02
ENV2;S6;D;3;1.984;2;;13.9807;35.7348;1.4369;0.561;1326.9;2.1289;2297.6
ENV2;S6;D;3;2.976;3;;13.4741;35.6311;1.439;0.5667;1021.5;2.7042;2157.9
ENV2;S6;D;3;3.969;4;;13.5939;35.6618;1.3603;0.5755;856.71;2.5829;1965.3
ENV2;S6;D;3;4.961;5;;13.5872;35.6621;1.3991;0.5659;593.78;2.5858;1850
ENV2;S6;D;3;5.953;6;;13.5618;35.6647;1.6263;0.5519;514.98;2.586;2016.6
ENV2;S6;D;3;6.945;7;;13.5185;35.6678;2.2057;0.5558;396.98;2.5845;1773.1
ENV2;S6;D;3;7.937;8;;13.4558;35.6698;2.8405;0.5454;318.28;2.5856;1732.6
ENV2;S6;D;3;8.929;9;;13.4434;35.6724;2.9785;0.5071;318.65;2.586;1945.8
ENV2;S6;D;3;9.921;10;;13.43;35.6745;2.9321;0.491;284.88;2.5828;2052.8
ENV2;S6;D;3;10.913;11;;13.3837;35.6771;3.1441;0.4749;245.41;2.5749;1998.1
ENV2;S6;D;3;11.905;12;;13.3381;35.6797;3.2427;0.4622;192.32;2.5607;2049.3
ENV2;S6;D;3;12.897;13;;13.3147;35.6828;3.1635;0.4243;150.93;2.5466;1693.8
ENV2;S6;D;3;13.889;14;;13.3028;35.6846;3.1808;0.4104;161.04;2.5352;1661.6
ENV2;S6;D;3;14.882;15;;13.2921;35.6852;3.2651;0.3766;200.61;2.5215;2402.8
ENV2;S6;D;3;15.874;16;;13.2891;35.6852;3.3486;0.3767;154.83;2.5122;2280.5
ENV2;S6;D;3;16.866;17;;13.2869;35.6847;3.4685;0.382;107.27;2.5075;1800.9
ENV2;S6;D;3;17.858;18;;13.2868;35.6843;3.6787;0.3898;115.94;2.5026;2087.9
ENV2;S6;D;3;18.85;19;;13.2861;35.6845;3.6847;0.382;119.73;2.5009;1982.7
ENV2;S6;D;3;19.842;20;;13.2861;35.6844;3.7217;0.3884;109.79;2.4998;1897.4
ENV2;S6;D;3;20.834;21;;13.286;35.6841;3.811;0.3851;99.132;2.4985;2213.9
ENV2;S6;D;3;21.826;22;;13.2858;35.6841;3.8032;0.4014;88.045;2.4968;2527.7
ENV2;S6;D;3;22.818;23;;13.2861;35.6839;3.8496;0.3711;81.49;2.4963;2629.1
ENV2;S6;D;3;23.81;24;;13.2841;35.684;3.8597;0.3938;73.523;2.496;2312.6
ENV2;S6;D;3;24.802;25;;13.2785;35.6841;3.8227;0.3823;63.324;2.4953;2381.1
ENV2;S6;D;3;25.794;26;;13.2768;35.684;3.7556;0.3816;54.228;2.4932;2473.3
ENV2;S6;D;3;26.786;27;;13.2672;35.6839;3.7115;0.3526;47.865;2.4907;2408.9
ENV2;S6;D;3;27.778;28;;13.2371;35.6857;3.4729;0.3474;36.464;2.4878;2229.3
ENV2;S6;D;3;28.77;29;;13.1981;35.6917;2.4477;0.2927;23.337;2.4754;1732.7
ENV2;S6;D;3;29.762;30;;13.1762;35.6985;2.8015;0.2858;17.301;2.4442;1424.9
ENV2;S6;D;3;30.754;31;;13.1806;35.7068;1.6882;0.2599;15.991;2.4426;1516.8
ENV2;S6;D;3;31.746;32;;13.1813;35.7071;1.1702;0.2494;14.826;2.4363;1510.3
ENV2;S6;D;3;32.738;33;;13.1823;35.7077;1.1761;0.2325;14.44;2.4292;1481.5
ENV2;S6;D;3;33.73;34;;13.1832;35.7083;1.1001;0.2411;14.124;2.4249;1483.3
ENV2;S6;D;3;34.722;35;;13.1843;35.7088;1.0197;0.2329;13.782;2.4219;1668.1
ENV2;S6;D;3;35.714;36;;13.1851;35.7096;0.9725;0.2493;15.341;2.4199;1603.9
ENV2;S6;D;3;36.706;37;;13.187;35.7104;0.952;0.2345;17.051;2.4189;1954.1
ENV2;S6;D;3;37.698;38;;13.1877;35.711;0.9256;0.2267;15.598;2.4184;1676.7
ENV2;S6;D;3;38.69;39;;13.1885;35.7121;0.8446;0.2312;13.815;2.4172;1423.1
ENV2;S6;D;3;39.682;40;;13.1886;35.7127;0.7394;0.2477;14.529;2.4156;1467.2
ENV2;S6;D;3;40.674;41;;13.1883;35.7123;0.7455;0.2081;15.244;2.4136;2325.1
ENV2;S6;D;3;41.666;42;;13.1865;35.7132;0.7178;0.2096;10.526;2.4133;1745.3
ENV2;S6;D;3;42.658;43;;13.1856;35.7136;0.611;0.2188;7.4444;2.4121;1379.4
ENV2;S6;D;3;43.65;44;;13.1856;35.7136;0.5812;0.2266;7.164;2.4107;1406.5
ENV2;S6;D;3;44.642;45;;13.1854;35.7136;0.5691;0.2454;6.6538;2.4101;1378.4
ENV2;S6;D;3;45.634;46;;13.1858;35.7135;0.5608;0.215;7.1954;2.4088;1426.1
ENV2;S6;D;3;46.625;47;;13.1856;35.7138;0.6001;0.2068;9.645;2.4072;1503.1
ENV2;S6;D;3;47.617;48;;13.1848;35.7141;0.5761;0.2075;9.151;2.4072;1464.8
ENV2;S6;D;3;48.609;49;;13.1859;35.7136;0.5588;0.2082;9.4278;2.4051;2130.2
ENV2;S6;D;3;49.601;50;;13.1849;35.7143;0.5856;0.2084;8.5929;2.4052;2280.3
ENV2;S6;D;3;50.593;51;;13.1849;35.7143;0.5635;0.214;7.908;2.4046;1985.4
ENV2;S6;D;3;51.585;52;;13.1849;35.7142;0.5485;0.2178;7.2778;2.4039;1605.2
ENV2;S6;D;3;52.577;53;;13.1852;35.7141;0.5676;0.2077;6.4169;2.4044;1461.2
ENV2;S6;D;3;53.569;54;;13.1851;35.7143;0.5708;0.2066;5.8567;2.4045;1324.2
ENV2;S6;D;3;54.561;55;;13.1855;35.7144;0.5718;0.2163;5.566;2.4041;1355.2
ENV2;S6;D;3;55.553;56;;13.1856;35.7144;0.5529;0.227;5.318;2.4036;1553.4
ENV2;S6;D;3;56.544;57;;13.1859;35.7147;0.568;0.2219;5.2047;2.4024;1814.5
ENV2;S6;D;3;57.536;58;;13.1869;35.7153;0.7058;0.2275;5.132;2.4015;1683.6
ENV2;S6;D;3;58.528;59;;13.1877;35.7157;0.7336;0.2225;5.1064;2.4021;2223.3
ENV2;S6;D;3;59.52;60;;13.1881;35.716;0.6913;0.2192;4.8733;2.4025;2294.2
ENV2;S6;D;3;60.512;61;;13.189;35.7164;0.7154;0.224;4.5358;2.4018;1999.8
ENV2;S6;D;3;61.504;62;;13.1893;35.7165;0.8081;0.2302;4.1963;2.4018;2217.8
ENV2;S6;D;3;62.495;63;;13.1888;35.7167;0.7623;0.2415;4.0819;2.4019;2378.6
ENV2;S6;D;3;63.487;64;;13.1887;35.7168;0.7483;0.2314;3.8784;2.4016;2190.5
ENV2;S6;D;3;64.479;65;;13.1882;35.7169;0.7474;0.2272;3.6383;2.4011;2129.6
ENV2;S6;D;3;65.471;66;;13.1876;35.7171;0.7632;0.2211;3.4217;2.4003;2329.2
ENV2;S6;D;3;66.463;67;;13.1874;35.717;0.7301;0.2293;3.2014;2.3993;2383.4
ENV2;S6;D;3;67.455;68;;13.1865;35.7171;0.7246;0.2243;2.9046;2.3987;2324.3
ENV2;S6;D;3;68.446;69;;13.1852;35.7171;0.6582;0.2179;2.7589;2.3982;2306.7
ENV2;S6;D;3;69.438;70;;13.1805;35.7172;0.6387;0.2265;2.6544;2.3978;2315.4
ENV2;S6;D;3;70.43;71;;13.1804;35.7172;0.588;0.2221;2.5003;2.3975;2297.5
ENV2;S6;D;3;71.422;72;;13.1804;35.7171;0.5603;0.2199;2.3316;2.3967;2288
ENV2;S6;D;3;72.414;73;;13.179;35.7171;0.5303;0.2193;2.1951;2.3951;2271.9
ENV2;S6;D;3;73.405;74;;13.1805;35.7167;0.5456;0.2135;2.036;2.3936;2172.7
ENV2;S6;D;3;74.397;75;;13.1748;35.7168;0.5028;0.2077;1.9086;2.3947;1654.8
ENV2;S6;D;3;75.389;76;;13.1726;35.7165;0.4844;0.2068;1.7752;2.3943;1609.8
ENV2;S6;D;3;76.381;77;;13.1705;35.7164;0.4686;0.2205;1.6411;2.3936;2152.3
ENV2;S6;D;3;77.373;78;;13.1711;35.7164;0.4592;0.2209;1.5623;2.3921;2203.2
ENV2;S6;D;3;78.364;79;;13.1713;35.7164;0.4232;0.2031;1.5365;2.3907;1589.4
ENV2;S6;D;3;79.356;80;;13.169;35.7164;0.4319;0.1946;1.4895;2.3903;1242.9
ENV2;S6;D;3;80.348;81;;13.1683;35.7163;0.4331;0.2099;1.4068;2.3904;1358.9
ENV2;S6;D;3;81.34;82;;13.1679;35.7164;0.4211;0.2424;1.3257;2.3898;2127.4
ENV2;S6;D;3;82.331;83;;13.1682;35.7161;0.4367;0.2418;1.299;2.3873;1940.4
ENV2;S6;D;3;83.323;84;;13.1679;35.7162;0.4408;0.2162;1.2052;2.3863;1774.4
ENV2;S6;D;3;84.315;85;;13.1677;35.7162;0.4267;0.2052;1.1161;2.3868;1890.6
ENV2;S6;D;3;85.307;86;;13.1678;35.7163;0.4456;0.2022;1.0696;2.3869;1826.5
ENV2;S6;D;3;86.298;87;;13.1682;35.7164;0.4433;0.2255;1.0107;2.3863;2294.6
ENV2;S6;D;3;87.29;88;;13.1684;35.7164;0.4278;0.243;0.95109;2.3855;2283.1
ENV2;S6;D;3;88.282;89;;13.1682;35.7164;0.419;0.2271;0.89467;2.385;2251.1
ENV2;S6;D;3;89.273;90;;13.1682;35.7162;0.4459;0.216;0.84409;2.3848;1698.7
ENV2;S6;D;3;90.265;91;;13.1684;35.7164;0.4687;0.2074;0.79831;2.3851;1218.9
ENV2;S6;D;3;91.257;92;;13.1685;35.7164;0.4453;0.1963;0.7494;2.3847;1223.6
ENV2;S6;D;3;92.248;93;;13.1686;35.7165;0.4243;0.2143;0.69259;2.3835;1244
ENV2;S6;D;3;93.24;94;;13.1683;35.7163;0.4614;0.2084;0.6293;2.3827;1476.6
ENV2;S6;D;3;94.232;95;;13.1682;35.7162;0.4323;0.2039;0.53878;2.3836;1828.8
ENV2;S6;D;3;95.224;96;;13.1685;35.7164;0.4125;0.2128;0.45572;2.3839;1872.1
ENV2;S6;D;3;96.215;97;;13.169;35.7165;0.4125;0.2181;0.42873;2.3834;1519.1
ENV2;S6;D;3;97.207;98;;13.1692;35.7164;0.4043;0.2186;0.40641;2.3829;1230.7
ENV2;S6;D;3;98.199;99;;13.1618;35.7159;0.3949;0.2133;0.3764;2.3821;1211.7
ENV2;S6;D;3;99.19;100;;13.1575;35.7159;0.4237;0.2027;0.36169;2.3815;1209.7
ENV2;S6;D;3;100.182;101;;13.1564;35.7157;0.3689;0.2085;0.38893;2.3804;1205.3
ENV2;S6;D;3;101.174;102;;13.1581;35.7159;0.4061;0.2159;0.37052;2.3794;1195.2
ENV2;S6;D;3;102.165;103;;13.1593;35.7158;0.3814;0.1966;0.34121;2.3787;1190.2
ENV2;S6;D;3;103.157;104;;13.1592;35.7157;0.3866;0.2027;0.28464;2.3775;1270.9
ENV2;S6;D;3;104.149;105;;13.1531;35.7154;0.3481;0.2125;0.26733;2.3777;1187.4
ENV2;S6;D;3;105.14;106;;13.1456;35.7149;0.3411;0.204;0.25205;2.3769;1185.4
ENV2;S6;D;3;106.132;107;;13.1399;35.7145;0.3335;0.1945;0.23336;2.3764;1185.1
ENV2;S6;D;3;107.123;108;;13.1388;35.7144;0.2705;0.1947;0.22459;2.3748;1185.8
ENV2;S6;D;3;108.115;109;;13.1387;35.7142;0.274;0.2061;0.2242;2.3729;1168
ENV2;S6;D;3;109.107;110;;13.1377;35.7143;0.3018;0.2002;0.21242;2.3727;1167.4
ENV2;S6;D;3;110.098;111;;13.1375;35.7141;0.2728;0.196;0.20152;2.3723;1167.8
ENV2;S6;D;3;111.09;112;;13.1311;35.7135;0.2538;0.1849;0.18328;2.3716;1162.8
ENV2;S6;D;3;112.082;113;;13.1354;35.7136;0.2607;0.1937;0.1592;2.3691;1166
ENV2;S6;D;3;113.073;114;;13.1304;35.7135;0.2365;0.19;0.16524;2.3687;1205.7
ENV2;S6;D;3;114.065;115;;13.1286;35.7132;0.2181;0.1899;0.16154;2.3686;1361
ENV2;S6;D;3;115.056;116;;13.1286;35.7131;0.2257;0.2043;0.15537;2.3682;1483.3
ENV2;S6;D;3;116.048;117;;13.1286;35.7131;0.2222;0.2058;0.14096;2.3668;1309.8
ENV2;S6;D;3;117.04;118;;13.1223;35.7124;0.2195;0.2021;0.12748;2.3658;1180.1
ENV2;S6;D;3;118.031;119;;13.1165;35.7123;0.2076;0.2403;0.11502;2.3646;1153.4
ENV2;S6;D;3;119.023;120;;13.1126;35.712;0.189;0.2253;0.11124;2.3629;1151
ENV2;S6;D;3;120.014;121;;13.1202;35.7122;0.1781;0.1778;0.10311;2.3608;1172.2
ENV2;S6;D;3;121.006;122;;13.1052;35.7113;0.1892;0.1956;0.092788;2.3611;1633.3
ENV2;S6;D;3;121.997;123;;13.1029;35.7113;0.1756;0.1954;0.085778;2.36;1731.1
ENV2;S6;D;3;122.989;124;;13.1025;35.7114;0.1384;0.1959;0.078819;2.3586;1702.6
ENV2;S6;D;3;123.981;125;;13.103;35.7113;0.159;0.1952;0.074637;2.3573;1681.2
ENV2;S6;D;3;124.972;126;;13.0976;35.7112;0.1878;0.18;0.069169;2.3562;1665.9
ENV2;S6;D;3;125.963;127;;13.0846;35.7116;0.2141;0.1975;0.067646;2.3554;1290.8
ENV2;S6;D;3;126.955;128;;13.0826;35.7117;0.1959;0.2026;0.063832;2.3547;1131.5
ENV2;S6;D;3;127.946;129;;13.0808;35.7114;0.1955;0.2131;0.053318;2.3547;1149.3
ENV2;S6;D;3;128.938;130;;13.0649;35.7117;0.1925;0.213;0.044654;2.3548;1256.5
ENV2;S6;D;3;129.929;131;;13.0687;35.7113;0.2267;0.1989;0.044744;2.3545;1389.5
ENV2;S6;D;3;130.921;132;;13.0615;35.7112;0.2302;0.1948;0.043985;2.3559;1752.9
ENV2;S6;D;3;131.913;133;;13.0593;35.7114;0.2264;0.2056;0.036454;2.3557;1717.3
ENV2;S6;D;3;132.904;134;;13.0596;35.7112;0.2417;0.2076;0.034352;2.3546;1720.7
ENV2;S6;D;3;133.895;135;;13.0592;35.7111;0.3122;0.208;0.033478;2.3543;1639.3
ENV2;S6;D;3;134.887;136;;13.059;35.7112;0.2973;0.2068;0.032412;2.3543;1195.2
ENV2;S6;D;3;135.879;137;;13.0538;35.7111;0.2495;0.2086;0.029316;2.354;1135.4
ENV2;S6;D;3;136.87;138;;13.0518;35.711;0.2454;0.2268;0.022981;2.3528;1146.3
ENV2;S6;D;3;137.862;139;;13.0525;35.7107;0.2629;0.2144;0.015829;2.3512;1173.8
ENV2;S6;D;3;138.853;140;;13.0454;35.7106;0.2358;0.2044;0.0095837;2.3513;1495.7
ENV2;S6;D;3;139.845;141;;13.0356;35.7105;0.2286;0.2073;0.0080578;2.3507;1665.9
ENV2;S6;D;3;140.836;142;;13.0237;35.7106;0.1943;0.2087;0.0060197;2.3477;1646.7
ENV2;S6;D;3;141.827;143;;13.0154;35.7104;0.1698;0.2078;0.006683;2.3417;1357.2
ENV2;S6;D;3;142.819;144;;13.0039;35.7102;0.1382;0.2012;0.0016206;2.3374;1256.6
ENV2;S6;D;3;143.81;145;;13.0007;35.7101;0.1095;0.1955;0.0043567;2.3337;1279.9
ENV2;S6;D;3;144.802;146;;12.9877;35.7098;0.0835;0.196;0.0012044;2.3304;1208.7
ENV2;S6;D;3;145.793;147;;12.9845;35.7098;0.0669;0.1999;0.00010356;2.3264;1139.7
ENV2;S6;D;3;146.785;148;;12.985;35.7095;0.0908;0.1921;3.80E-06;2.3166;1133.7
ENV2;S6;D;3;147.776;149;;12.9821;35.7093;0.0847;0.2067;-1.28E-07;2.3087;1143.2
ENV2;S6;D;3;148.768;150;;12.9759;35.7091;0.0622;0.2079;1.00E-12;2.3066;1198.4
ENV2;S6;D;3;149.759;151;;12.9705;35.7091;0.0291;0.1793;1.00E-12;2.3047;1181.9
ENV2;S6;D;3;150.75;152;;12.9599;35.7086;0.0455;0.1902;1.00E-12;2.3019;1218.5
ENV2;S6;D;3;151.742;153;;12.9382;35.7075;0.0147;0.1889;1.00E-12;2.2985;1302.3
ENV2;S6;D;3;152.733;154;;12.9226;35.7065;0.004;0.1832;1.00E-12;2.295;1179.8
ENV2;S6;D;3;153.724;155;;12.9177;35.7059;0.0033;0.1874;1.00E-12;2.2907;1129.2
ENV2;S6;D;3;154.716;156;;12.9133;35.705;-0.0082;0.197;1.00E-12;2.2854;1126.3
ENV2;S6;D;3;155.707;157;;12.9067;35.7046;-0.0277;0.1846;1.00E-12;2.2806;1123.4
ENV2;S6;D;3;156.699;158;;12.896;35.7042;-0.0163;0.1962;1.00E-12;2.2751;1165.6
ENV2;S6;D;3;157.69;159;;12.8815;35.7032;-0.0219;0.1839;1.00E-12;2.2724;1495.5
ENV2;S6;D;3;158.681;160;;12.8751;35.7029;-0.0519;0.1789;1.00E-12;2.2703;1523.8
ENV2;S6;D;3;159.673;161;;12.8556;35.7015;-0.0565;0.1793;1.00E-12;2.2682;1361.8
ENV2;S6;D;3;160.664;162;;12.7923;35.6977;-0.0568;0.1825;1.00E-12;2.2654;1142.6
ENV2;S6;D;3;161.656;163;;12.7179;35.6933;-0.0667;0.1706;1.00E-12;2.2573;1123.9
ENV2;S6;D;3;162.647;164;;12.6831;35.6918;-0.0692;0.1705;1.00E-12;2.2451;1141.7
ENV2;S6;D;3;163.638;165;;12.6626;35.6899;-0.07;0.1886;1.00E-12;2.2369;1126.7
ENV2;S6;D;3;164.63;166;;12.6539;35.6914;-0.0695;0.1916;1.00E-12;2.2306;1123.2
ENV2;S6;D;3;165.621;167;;12.6603;35.6942;-0.0695;0.1762;1.00E-12;2.2255;1123
ENV2;S6;D;3;166.612;168;;12.6674;35.6971;-0.0523;0.1768;1.00E-12;2.2193;1134.6
ENV2;S6;D;3;167.604;169;;12.6682;35.6992;-0.0707;0.1802;1.00E-12;2.2055;1149.2
ENV2;S6;D;3;168.595;170;;12.6334;35.6967;-0.0695;0.1774;1.00E-12;2.1971;1121.3
ENV2;S6;D;3;169.586;171;;12.6157;35.6943;-0.0773;0.1745;1.00E-12;2.1933;1139.4
ENV2;S6;D;3;170.578;172;;12.6085;35.6923;-0.0831;0.1705;1.00E-12;2.1892;1200.7
ENV2;S6;D;3;171.569;173;;12.5982;35.6904;-0.0823;0.1643;1.00E-12;2.1863;1139.5
ENV2;S6;D;3;172.56;174;;12.5979;35.6898;-0.072;0.2076;1.00E-12;2.185;1124.9
ENV2;S6;D;3;173.552;175;;12.5967;35.6892;-0.0654;0.1749;1.00E-12;2.1863;1124.1
ENV2;S6;D;3;174.543;176;;12.5938;35.6886;-0.0646;0.1745;1.00E-12;2.1858;1126.7
ENV2;S6;D;3;175.534;177;;12.5478;35.6806;-0.0698;0.1784;1.00E-12;2.1858;1164.8
ENV2;S6;D;3;176.526;178;;12.5047;35.6764;-0.0695;0.1781;1.00E-12;2.1847;1187
ENV2;S6;D;3;177.517;179;;12.4588;35.6772;-0.0702;0.1729;1.00E-12;2.1854;1134.7
ENV2;S6;D;3;178.508;180;;12.4341;35.6768;-0.0773;0.1762;1.00E-12;2.1854;1129.6
ENV2;S6;D;3;179.499;181;;12.4154;35.6753;-0.0719;0.1759;1.00E-12;2.1791;1149.8
ENV2;S6;D;3;180.491;182;;12.4047;35.6747;-0.0686;0.1873;1.00E-12;2.1709;1321.7
ENV2;S6;D;3;181.482;183;;12.3885;35.6749;-0.0695;0.1792;1.00E-12;2.1671;1160.3
ENV2;S6;D;3;182.473;184;;12.3877;35.6743;-0.07;0.1853;1.00E-12;2.1626;1133.6
ENV2;S6;D;3;183.464;185;;12.3866;35.6738;-0.0686;0.1796;1.00E-12;2.1572;1136.9
ENV2;S6;D;3;184.456;186;;12.3847;35.6739;-0.0695;0.1895;1.00E-12;2.1553;1165
ENV2;S6;D;3;185.447;187;;12.3819;35.6736;-0.0702;0.1945;1.00E-12;2.1547;1151.5
ENV2;S6;D;3;186.438;188;;12.3787;35.6733;-0.0695;0.1884;1.00E-12;2.1536;1135.1
ENV2;S6;D;3;187.429;189;;12.3738;35.673;-0.0695;0.1822;1.00E-12;2.1524;1132
ENV2;S6;D;3;188.421;190;;12.3745;35.6723;-0.0703;0.176;1.00E-12;2.1486;1137.3
ENV2;S6;D;3;189.412;191;;12.3635;35.672;-0.0797;0.1698;1.00E-12;2.1483;1147.9
ENV2;S6;D;3;190.403;192;;12.3555;35.6719;-0.0741;0.1744;1.00E-12;2.1477;1141.6
ENV2;S6;D;3;191.394;193;;12.3479;35.6716;-0.0719;0.1812;1.00E-12;2.1473;1138.9
ENV2;S6;D;3;192.386;194;;12.3419;35.6712;-0.0789;0.1878;1.00E-12;2.146;1140.8
ENV2;S6;D;3;193.377;195;;12.3386;35.6709;-0.071;0.1772;1.00E-12;2.1444;1138.3
ENV2;S6;D;3;194.368;196;;12.3351;35.6703;-0.0691;0.1859;1.00E-12;2.142;1130.3
ENV2;S6;D;3;195.359;197;;12.3317;35.6702;-0.0706;0.1886;1.00E-12;2.1412;1131.3
ENV2;S6;D;3;196.35;198;;12.3225;35.6694;-0.0709;0.1865;1.00E-12;2.1408;1132.7
ENV2;S6;D;3;197.342;199;;12.2956;35.6684;-0.0675;0.1821;1.00E-12;2.1402;1134.3
ENV2;S6;D;3;198.333;200;;12.277;35.6681;-0.0805;0.1782;1.00E-12;2.1382;1134
ENV2;S6;D;3;199.324;201;;12.2697;35.6671;-0.0702;0.1793;1.00E-12;2.1343;1135.2
ENV2;S6;D;3;200.315;202;;12.2567;35.6662;-0.0752;0.175;1.00E-12;2.1305;1139.8
ENV2;S6;D;3;201.306;203;;12.2379;35.6655;-0.0704;0.1883;1.00E-12;2.1293;1151.5
ENV2;S6;D;3;202.297;204;;12.2301;35.6653;-0.0695;0.1889;1.00E-12;2.1279;1149.4
ENV2;S6;D;3;203.289;205;;12.2202;35.6644;-0.0756;0.1892;1.00E-12;2.1266;1142.8
ENV2;S6;D;3;204.28;206;;12.2064;35.6644;-0.0826;0.1891;1.00E-12;2.1251;1142.6
ENV2;S6;D;3;205.271;207;;12.2002;35.6635;-0.0933;0.1888;1.00E-12;2.1237;1143.8
ENV2;S6;D;3;206.262;208;;12.1833;35.6623;-0.0841;0.1864;1.00E-12;2.1223;1145.9
ENV2;S6;D;3;207.253;209;;12.1843;35.6618;-0.0735;0.1717;1.00E-12;2.1194;1148.9
ENV2;S6;D;3;208.244;210;;12.1882;35.6613;-0.0694;0.1633;1.00E-12;2.119;1149.9
ENV2;S6;D;3;209.235;211;;12.1486;35.6591;-0.0702;0.1695;1.00E-12;2.1187;1149.6
ENV2;S6;D;3;210.226;212;;12.1287;35.6583;-0.0701;0.1783;1.00E-12;2.1173;1169.9
ENV2;S6;D;3;211.217;213;;12.1194;35.6571;-0.0824;0.1698;1.00E-12;2.1165;1277.2
ENV2;S6;D;3;212.209;214;;12.1175;35.6569;-0.0817;0.1704;1.00E-12;2.1162;1307.3
ENV2;S6;D;3;213.2;215;;12.1175;35.6567;-0.0809;0.1681;1.00E-12;2.1151;1179.8
ENV2;S6;D;3;214.191;216;;12.117;35.6566;-0.0809;0.1691;1.00E-12;2.1143;1166.3
ENV2;S6;D;3;215.182;217;;12.1108;35.6563;-0.0826;0.1675;1.00E-12;2.1141;1168.4
ENV2;S6;D;3;216.173;218;;12.1188;35.6558;-0.0799;0.1642;1.00E-12;2.1125;1198.3
ENV2;S6;D;3;217.164;219;;12.1003;35.6548;-0.0933;0.1668;1.00E-12;2.1136;1343.2
ENV2;S6;D;3;218.155;220;;12.0922;35.6548;-0.0881;0.1714;1.00E-12;2.1134;1261
ENV2;S6;D;3;219.147;221;;12.0818;35.6548;-0.07;0.1778;1.00E-12;2.1126;1176.8
ENV2;S6;D;3;220.138;222;;12.0722;35.654;-0.0682;0.1781;1.00E-12;2.1118;1175.3
ENV2;S6;D;3;221.129;223;;12.0658;35.6536;-0.0764;0.1789;1.00E-12;2.1101;1178.5
ENV2;S6;D;3;222.12;224;;12.0612;35.6524;-0.083;0.1701;1.00E-12;2.1082;1176.4
ENV2;S6;D;3;223.111;225;;12.049;35.6521;-0.08;0.1693;1.00E-12;2.1078;1177.2
ENV2;S6;D;3;224.102;226;;12.0387;35.6518;-0.0812;0.1748;1.00E-12;2.1074;1187.3
ENV2;S6;D;3;225.093;227;;12.0251;35.6512;-0.0829;0.1802;1.00E-12;2.1063;1218.8
ENV2;S6;D;3;226.084;228;;12.0216;35.6513;-0.081;0.1654;1.00E-12;2.1054;1243.4
ENV2;S6;D;3;227.075;229;;12.0239;35.6509;-0.0772;0.1752;1.00E-12;2.1026;1246.1
ENV2;S6;D;3;228.066;230;;12.0194;35.65;-0.0683;0.167;1.00E-12;2.1002;1597.9
ENV2;S6;D;3;229.057;231;;12.0057;35.6498;-0.0695;0.1731;1.00E-12;2.1003;1380.9
ENV2;S6;D;3;230.048;232;;12.001;35.6493;-0.0702;0.178;1.00E-12;2.0998;1183.8
ENV2;S6;D;3;231.039;233;;11.9935;35.6488;-0.0695;0.178;1.00E-12;2.0986;1169.2
ENV2;S6;D;3;232.03;234;;11.9875;35.6484;-0.0706;0.1784;1.00E-12;2.0982;1165.4
ENV2;S6;D;3;233.021;235;;11.9855;35.6483;-0.0681;0.1717;1.00E-12;2.0971;1160.9
ENV2;S6;D;3;234.012;236;;11.9595;35.646;-0.0717;0.1693;1.00E-12;2.0977;1157.5
ENV2;S6;D;3;235.003;237;;11.956;35.6447;-0.0865;0.1714;1.00E-12;2.0962;1177.1
ENV2;S6;D;3;235.994;238;;11.9419;35.6436;-0.0851;0.1639;1.00E-12;2.0972;1158.9
ENV2;S6;D;3;236.985;239;;11.9322;35.6432;-0.0697;0.1722;1.00E-12;2.0958;1157.7
ENV2;S6;D;3;237.976;240;;11.9224;35.6424;-0.0884;0.1764;1.00E-12;2.0947;1156
ENV2;S6;D;3;238.967;241;;11.9175;35.642;-0.0908;0.1765;1.00E-12;2.0937;1156.1
ENV2;S6;D;3;239.958;242;;11.9134;35.6414;-0.0846;0.1712;1.00E-12;2.0937;1154.7
ENV2;S6;D;3;240.949;243;;11.9065;35.6404;-0.0882;0.1715;1.00E-12;2.0947;1155
ENV2;S6;D;3;241.94;244;;11.8985;35.6396;-0.0839;0.1658;1.00E-12;2.0959;1154.8
ENV2;S6;D;3;242.931;245;;11.896;35.6394;-0.0946;0.1657;1.00E-12;2.0966;1154.9
ENV2;S6;D;3;243.922;246;;11.8936;35.639;-0.0755;0.1703;1.00E-12;2.0974;1154.4
ENV2;S6;D;3;244.913;247;;11.8901;35.6388;-0.0774;0.1696;1.00E-12;2.0975;1162.8
ENV2;S6;D;3;245.904;248;;11.8817;35.6383;-0.0818;0.1721;1.00E-12;2.0966;1158.7
ENV2;S6;D;3;246.895;249;;11.8776;35.6379;-0.0817;0.1904;1.00E-12;2.0961;1154.4
ENV2;S6;D;3;247.886;250;;11.8754;35.6377;-0.0721;0.1749;1.00E-12;2.0956;1157.7
ENV2;S6;D;3;248.877;251;;11.8701;35.6369;-0.0702;0.1703;1.00E-12;2.0951;1161.5
ENV2;S6;D;3;249.868;252;;11.8639;35.6366;-0.0729;0.1715;1.00E-12;2.0945;1159.4
ENV2;S6;D;3;250.859;253;;11.8616;35.6354;-0.0832;0.166;1.00E-12;2.095;1159.8
ENV2;S6;D;3;251.85;254;;11.8544;35.6341;-0.088;0.1565;1.00E-12;2.0978;1154.9
ENV2;S6;D;4;5.952;6;;13.4445;35.684;1.3629;0.4793;568.47;2.487;992.53
ENV2;S6;D;4;6.945;7;;13.5732;35.6304;1.4151;0.5393;413.14;2.5747;365.37
ENV2;S6;D;4;7.937;8;;13.5738;35.6309;1.4448;0.5159;396.19;2.5679;701.56
ENV2;S6;D;4;8.929;9;;13.5654;35.6308;1.7733;0.5951;328.76;2.5681;850.05
ENV2;S6;D;4;9.921;10;;13.5645;35.6306;1.8039;0.9273;296.59;2.5669;710.55
ENV2;S6;D;4;10.913;11;;13.5609;35.6304;1.9045;0.5814;278.2;2.5662;919.88
ENV2;S6;D;4;11.905;12;;13.5654;35.631;2.3068;0.4774;225.72;2.5663;642.43
ENV2;S6;D;4;12.897;13;;13.5661;35.6315;2.4692;0.4837;198.94;2.5661;782.6
ENV2;S6;D;4;13.89;14;;13.5526;35.6286;2.4439;0.5142;155.11;2.5662;361.84
ENV2;S6;D;4;14.882;15;;13.5437;35.6275;2.571;0.5261;129;2.5653;384.71
ENV2;S6;D;4;15.874;16;;13.5582;35.6298;3.0059;0.4761;145.23;2.5633;712.56
ENV2;S6;D;4;16.866;17;;13.5565;35.6301;3.1554;0.5117;94.078;2.5629;373.03
ENV2;S6;D;4;17.858;18;;13.552;35.6296;3.1653;0.5282;81.72;2.5624;379.56
ENV2;S6;D;4;18.85;19;;13.5552;35.6299;3.3706;0.5088;96.385;2.5613;898.55
ENV2;S6;D;4;19.842;20;;13.5543;35.6299;3.4688;0.4943;87.884;2.5627;781.68
ENV2;S6;D;4;20.834;21;;13.5151;35.6264;3.6364;0.4913;74.592;2.56;773.15
ENV2;S6;D;4;21.826;22;;13.5071;35.6252;3.7432;0.5017;61.243;2.5577;1601.8
ENV2;S6;D;4;22.818;23;;13.4918;35.625;3.7199;0.5302;51.132;2.5576;1777.9
ENV2;S6;D;4;23.81;24;;13.4896;35.6252;3.7379;0.5329;46.304;2.5566;1767.1
ENV2;S6;D;4;24.802;25;;13.4876;35.6247;3.6372;0.5328;46.385;2.5562;1644.1
ENV2;S6;D;4;25.794;26;;13.4915;35.6234;3.6053;0.494;42.17;2.5568;661.35
ENV2;S6;D;4;26.786;27;;13.4728;35.6249;3.6774;0.5281;34.352;2.5554;1568.2
ENV2;S6;D;4;27.778;28;;13.4709;35.6264;3.6524;0.5267;31.472;2.5551;1783.2
ENV2;S6;D;4;28.77;29;;13.4659;35.6296;3.6985;0.532;28.837;2.555;1750.5
ENV2;S6;D;4;29.762;30;;13.4643;35.6313;3.7031;0.5356;26.76;2.5541;1450
ENV2;S6;D;4;30.754;31;;13.4628;35.6323;3.7121;0.4845;23.054;2.5491;771.49
ENV2;S6;D;4;31.746;32;;13.4602;35.6344;3.705;0.4888;19.324;2.5443;1612.5
ENV2;S6;D;4;32.738;33;;13.4553;35.6372;3.5836;0.504;16.396;2.5438;913.17
ENV2;S6;D;4;33.73;34;;13.4519;35.6397;3.5929;0.5049;13.952;2.5429;741.07
ENV2;S6;D;4;34.722;35;;13.4503;35.6418;3.6706;0.5074;12.114;2.5412;687.99
ENV2;S6;D;4;35.714;36;;13.4449;35.6427;3.5523;0.4534;12.483;2.5331;1012.1
ENV2;S6;D;4;36.706;37;;13.4356;35.6435;3.4498;0.4379;10.749;2.5276;934.61
ENV2;S6;D;4;37.698;38;;13.4298;35.6438;3.3975;0.4842;8.9761;2.5267;1207.5
ENV2;S6;D;4;38.69;39;;13.418;35.6477;3.341;0.4645;7.6907;2.5258;863.19
ENV2;S6;D;4;39.682;40;;13.2973;35.6759;3.2432;0.4412;7.2687;2.5249;886.4
ENV2;S6;D;4;40.674;41;;13.1822;35.6863;2.3888;0.3187;7.3855;2.4941;754.08
ENV2;S6;D;4;41.666;42;;13.1485;35.6841;1.5796;0.2577;6.2083;2.4576;616.5
ENV2;S6;D;4;42.658;43;;13.1459;35.6846;1.2888;0.2397;5.6883;2.4475;1192.7
ENV2;S6;D;4;43.65;44;;13.146;35.686;1.0558;0.229;5.4692;2.4382;887.43
ENV2;S6;D;4;44.642;45;;13.147;35.6882;0.9445;0.2316;5.3305;2.4298;749.07
ENV2;S6;D;4;45.633;46;;13.1465;35.6885;0.8315;0.2213;5.0258;2.4227;677.34
ENV2;S6;D;4;46.625;47;;13.1467;35.6906;0.7162;0.2177;4.6687;2.417;707.78
ENV2;S6;D;4;47.617;48;;13.1474;35.6921;0.669;0.2102;4.1914;2.4143;821.5
ENV2;S6;D;4;48.609;49;;13.1479;35.6924;0.6273;0.2209;3.8249;2.412;1436.6
ENV2;S6;D;4;49.601;50;;13.1481;35.6926;0.6047;0.2203;3.6137;2.4101;1436.5
ENV2;S6;D;4;50.593;51;;13.1482;35.6925;0.6071;0.2071;3.4604;2.407;1163
ENV2;S6;D;4;51.585;52;;13.1483;35.6926;0.6777;0.1971;3.3655;2.405;719.54
ENV2;S6;D;4;52.577;53;;13.1486;35.6928;0.6504;0.2029;2.9401;2.4041;416.06
ENV2;S6;D;4;53.569;54;;13.1487;35.6929;0.6014;0.2177;2.5983;2.4033;1207.6
ENV2;S6;D;4;54.561;55;;13.1489;35.6934;0.5805;0.2211;2.3122;2.4024;735.02
ENV2;S6;D;4;55.553;56;;13.1498;35.6949;0.5632;0.2211;2.0816;2.4022;445.69
ENV2;S6;D;4;56.544;57;;13.1513;35.6959;0.4967;0.2378;2.3082;2.402;990.09
ENV2;S6;D;4;57.536;58;;13.1538;35.6984;0.4319;0.2174;2.2192;2.4008;916.12
ENV2;S6;D;4;58.528;59;;13.154;35.6984;0.4242;0.2044;2.0341;2.3992;948.07
ENV2;S6;D;4;59.52;60;;13.1545;35.6986;0.4454;0.2154;1.85;2.3989;851.63
ENV2;S6;D;4;60.512;61;;13.1581;35.7019;0.4432;0.2007;1.7041;2.3984;566
ENV2;S6;D;4;61.504;62;;13.1599;35.7033;0.4092;0.2036;1.7542;2.3972;1005.1
ENV2;S6;D;4;62.496;63;;13.1607;35.7042;0.3692;0.2113;1.6524;2.3953;780.42
ENV2;S6;D;4;63.487;64;;13.161;35.7046;0.3894;0.2117;1.5177;2.3943;1209.5
ENV2;S6;D;4;64.479;65;;13.1618;35.7054;0.3659;0.2045;1.4586;2.394;1182.3
ENV2;S6;D;4;65.471;66;;13.1627;35.7061;0.355;0.2254;1.3809;2.3944;624.12
ENV2;S6;D;4;66.463;67;;13.1647;35.7073;0.3729;0.2176;1.3082;2.3937;724.29
ENV2;S6;D;4;67.455;68;;13.1658;35.7078;0.3714;0.2028;1.2183;2.393;1319.5
ENV2;S6;D;4;68.447;69;;13.1669;35.7085;0.3803;0.2039;1.1296;2.3931;481.24
ENV2;S6;D;4;69.438;70;;13.1682;35.7089;0.4086;0.2091;1.0532;2.3935;379.84
ENV2;S6;D;4;70.43;71;;13.169;35.7092;0.3726;0.2047;1.0621;2.3932;937.71
ENV2;S6;D;4;71.422;72;;13.1715;35.7111;0.4014;0.1974;0.94898;2.3921;1358.2
ENV2;S6;D;4;72.414;73;;13.1688;35.7123;0.4331;0.2208;0.82633;2.3915;1031
ENV2;S6;D;4;73.405;74;;13.1648;35.7125;0.3855;0.226;0.7393;2.3916;941.19
ENV2;S6;D;4;74.397;75;;13.1615;35.7124;0.3455;0.2122;0.76773;2.3909;699.73
ENV2;S6;D;4;75.389;76;;13.1587;35.7121;0.3152;0.1964;0.77557;2.3886;710.03
ENV2;S6;D;4;76.381;77;;13.1579;35.7123;0.3037;0.2055;0.7415;2.3875;937.6
ENV2;S6;D;4;77.373;78;;13.1565;35.7127;0.3128;0.2065;0.71289;2.3864;1100.9
ENV2;S6;D;4;78.364;79;;13.1552;35.7128;0.2827;0.2032;0.69807;2.3844;1660.9
ENV2;S6;D;4;79.356;80;;13.1528;35.7133;0.2974;0.1962;0.62051;2.382;1526.1
ENV2;S6;D;4;80.348;81;;13.1525;35.7136;0.2968;0.1967;0.52807;2.3815;605.35
ENV2;S6;D;4;81.339;82;;13.1516;35.7135;0.3011;0.2107;0.4888;2.3813;890.06
ENV2;S6;D;4;82.332;83;;13.1511;35.7133;0.291;0.2088;0.56274;2.3794;664.39
ENV2;S6;D;4;83.323;84;;13.1516;35.7137;0.3038;0.2145;0.48401;2.3792;1414.8
ENV2;S6;D;4;84.315;85;;13.1518;35.7136;0.311;0.2059;0.42576;2.3794;1446.1
ENV2;S6;D;4;85.307;86;;13.1507;35.7137;0.309;0.2047;0.37839;2.3795;537.6
ENV2;S6;D;4;86.298;87;;13.1471;35.7136;0.2918;0.2099;0.34199;2.3788;1908.6
ENV2;S6;D;4;87.29;88;;13.1397;35.7139;0.3149;0.2149;0.37612;2.379;486.85
ENV2;S6;D;4;88.282;89;;13.1387;35.7139;0.3045;0.215;0.33382;2.3782;416.52
ENV2;S6;D;4;89.274;90;;13.1374;35.7138;0.3321;0.215;0.29409;2.3775;373.81
ENV2;S6;D;4;90.265;91;;13.1358;35.7137;0.33;0.2174;0.26019;2.3764;371.06
ENV2;S6;D;4;91.257;92;;13.1354;35.7137;0.3247;0.2213;0.23182;2.3756;372.85
ENV2;S6;D;4;92.249;93;;13.1356;35.7134;0.3291;0.2067;0.29856;2.3752;787.78
ENV2;S6;D;4;93.24;94;;13.1341;35.7136;0.344;0.2163;0.29042;2.3758;814.63
ENV2;S6;D;4;94.232;95;;13.1335;35.7135;0.3651;0.2213;0.25339;2.3753;359.89
ENV2;S6;D;4;95.224;96;;13.1323;35.7136;0.3702;0.2467;0.22578;2.3757;373.03
ENV2;S6;D;4;96.215;97;;13.1314;35.7135;0.3713;0.2516;0.22423;2.375;372.97
ENV2;S6;D;4;97.207;98;;13.1287;35.7133;0.3839;0.2237;0.22502;2.3742;370.04
ENV2;S6;D;4;98.199;99;;13.1258;35.7132;0.3865;0.2158;0.2112;2.3762;371.14
ENV2;S6;D;4;99.19;100;;13.1239;35.7133;0.4483;0.2156;0.19305;2.3763;393.8
ENV2;S6;D;4;100.182;101;;13.121;35.7133;0.4578;0.2268;0.18292;2.3764;454.46
ENV2;S6;D;4;101.174;102;;13.1202;35.7132;0.4616;0.2199;0.18569;2.3764;942.24
ENV2;S6;D;4;102.165;103;;13.1184;35.7135;0.4513;0.2233;0.17387;2.3768;633.93
ENV2;S6;D;4;103.157;104;;13.1188;35.7134;0.5599;0.2373;0.16151;2.3773;381.12
ENV2;S6;D;4;104.148;105;;13.1188;35.7133;0.5605;0.2732;0.14851;2.3793;371.42
ENV2;S6;D;4;105.14;106;;13.1164;35.7134;0.5261;0.2267;0.13247;2.3808;372.99
ENV2;S6;D;4;106.132;107;;13.1136;35.7134;0.5037;0.2272;0.1207;2.381;374.57
ENV2;S6;D;4;107.124;108;;13.109;35.7137;0.5407;0.2329;0.11271;2.3803;371.83
ENV2;S6;D;4;108.115;109;;13.1074;35.7138;0.5353;0.2395;0.10971;2.3803;370.64
ENV2;S6;D;4;109.107;110;;13.1067;35.7138;0.4926;0.2262;0.10598;2.3821;1026.6
ENV2;S6;D;4;110.098;111;;13.1067;35.7139;0.4899;0.2272;0.09659;2.3823;1814.6
ENV2;S6;D;4;111.09;112;;13.1067;35.7139;0.4921;0.2381;0.089687;2.3823;848.05
ENV2;S6;D;4;112.082;113;;13.1061;35.7138;0.4649;0.2405;0.08008;2.3821;372.16
ENV2;S6;D;4;113.073;114;;13.1061;35.7137;0.4444;0.2252;0.072405;2.3825;441.94
ENV2;S6;D;4;114.065;115;;13.1056;35.7138;0.4244;0.2207;0.068258;2.382;1767.3
ENV2;S6;D;4;115.056;116;;13.1059;35.7139;0.4431;0.2208;0.061364;2.381;1775.8
ENV2;S6;D;4;116.048;117;;13.106;35.7138;0.4447;0.2291;0.05501;2.3807;1536.3
ENV2;S6;D;4;117.04;118;;13.1057;35.7137;0.4478;0.233;0.052386;2.3801;485.33
ENV2;S6;D;4;118.031;119;;13.1054;35.7137;0.4269;0.2269;0.049558;2.38;374.12
ENV2;S6;D;4;119.023;120;;13.1037;35.7138;0.4222;0.2185;0.039988;2.3799;415.16
ENV2;S6;D;4;120.014;121;;13.1032;35.7137;0.424;0.2264;0.038953;2.3791;1687.9
ENV2;S6;D;4;121.006;122;;13.1018;35.7135;0.4032;0.2319;0.035389;2.3783;1771.1
ENV2;S6;D;4;121.997;123;;13.0999;35.7134;0.4186;0.2333;0.031001;2.3784;1766.1
ENV2;S6;D;4;122.989;124;;13.0978;35.7132;0.4014;0.2279;0.028672;2.3778;1447.6
ENV2;S6;D;4;123.98;125;;13.0953;35.7128;0.3809;0.2195;0.027682;2.3775;630.7
ENV2;S6;D;4;124.972;126;;13.0943;35.7129;0.3423;0.2124;0.023551;2.376;385.86
ENV2;S6;D;4;125.963;127;;13.0942;35.7127;0.3218;0.2186;0.016939;2.3743;369.32
ENV2;S6;D;4;126.955;128;;13.0937;35.7129;0.3043;0.2159;0.0125;2.3729;1206.5
ENV2;S6;D;4;127.947;129;;13.0944;35.7128;0.3259;0.2204;0.010921;2.3723;1788.2
ENV2;S6;D;4;128.938;130;;13.0944;35.7127;0.3461;0.2106;0.0087527;2.3711;1664.1
ENV2;S6;D;4;129.93;131;;13.094;35.7128;0.3278;0.2141;0.0040948;2.3705;1417.2
ENV2;S6;D;4;130.921;132;;13.0935;35.713;0.3389;0.2266;0.00099245;2.3703;435.45
ENV2;S6;D;4;131.913;133;;13.0935;35.7129;0.32;0.2187;0.00091235;2.3694;374.14
ENV2;S6;D;4;132.904;134;;13.0925;35.7131;0.3038;0.2204;7.96E-06;2.3688;370.56
ENV2;S6;D;4;133.896;135;;13.0918;35.7129;0.3059;0.2173;1.00E-12;2.3684;369.38
ENV2;S6;D;4;134.887;136;;13.091;35.7132;0.3025;0.2176;1.00E-12;2.3678;390.68
ENV2;S6;D;4;135.879;137;;13.081;35.7125;0.2972;0.226;1.00E-12;2.3674;1023.1
ENV2;S6;D;4;136.87;138;;13.0743;35.7127;0.2474;0.2149;1.00E-12;2.3663;1088
ENV2;S6;D;4;137.861;139;;13.0745;35.7125;0.2367;0.2056;1.00E-12;2.3645;440.98
ENV2;S6;D;4;138.853;140;;13.0698;35.7123;0.2234;0.2106;1.00E-12;2.3605;373.16
ENV2;S6;D;4;139.845;141;;13.0642;35.712;0.1789;0.1954;1.00E-12;2.3539;616.79
ENV2;S6;D;4;140.836;142;;13.0579;35.7119;0.133;0.2022;1.00E-12;2.3482;1255.6
ENV2;S6;D;4;141.827;143;;13.0448;35.7113;0.1163;0.2039;1.00E-12;2.3451;375.26
ENV2;S6;D;4;142.819;144;;13.0303;35.7113;0.0899;0.1967;1.00E-12;2.3424;372.56
ENV2;S6;D;4;143.81;145;;13.0059;35.7106;0.0614;0.1893;1.00E-12;2.3392;371.13
ENV2;S6;D;4;144.802;146;;13.0147;35.7103;0.0326;0.1792;1.00E-12;2.3252;549.78
ENV2;S6;D;4;145.793;147;;12.9814;35.7095;0.0238;0.1722;1.00E-12;2.3173;1750
ENV2;S6;D;4;146.785;148;;12.973;35.709;0.0069;0.1771;1.00E-12;2.3163;1592
ENV2;S6;D;4;147.776;149;;12.9555;35.7085;0.0133;0.1844;1.00E-12;2.313;678.93
ENV2;S6;D;4;148.768;150;;12.9395;35.7081;-0.0103;0.1839;1.00E-12;2.3091;344.59
ENV2;S6;D;4;149.759;151;;12.9477;35.7075;-0.0288;0.1786;1.00E-12;2.2968;566.35
ENV2;S6;D;4;150.75;152;;12.9197;35.7066;-0.0171;0.1831;1.00E-12;2.2896;1831.8
ENV2;S6;D;4;151.742;153;;12.9099;35.7066;-0.0363;0.1767;1.00E-12;2.2869;1629.4
ENV2;S6;D;4;152.733;154;;12.9039;35.7061;-0.0281;0.1768;1.00E-12;2.2818;402.15
ENV2;S6;D;4;153.725;155;;12.8958;35.7056;-0.044;0.1775;1.00E-12;2.276;385.76
ENV2;S6;D;4;154.716;156;;12.8903;35.7056;-0.0329;0.1723;1.00E-12;2.2731;438.94
ENV2;S6;D;4;155.707;157;;12.8854;35.7052;-0.0221;0.1819;1.00E-12;2.2714;382.8
ENV2;S6;D;4;156.699;158;;12.8793;35.7046;-0.0208;0.1814;1.00E-12;2.2691;371.43
ENV2;S6;D;4;157.69;159;;12.8798;35.7034;-0.0274;0.1845;1.00E-12;2.2652;1111.4
ENV2;S6;D;4;158.682;160;;12.7911;35.6903;-0.0268;0.1939;1.00E-12;2.265;1802.4
ENV2;S6;D;4;159.673;161;;12.7549;35.6866;-0.0289;0.1947;1.00E-12;2.2634;1784.3
ENV2;S6;D;4;160.664;162;;12.7489;35.6855;-0.0565;0.1905;1.00E-12;2.2618;1786.4
ENV2;S6;D;4;161.656;163;;12.7438;35.6845;-0.0573;0.19;1.00E-12;2.2618;1174.5
ENV2;S6;D;4;162.647;164;;12.7356;35.6832;-0.0573;0.1824;1.00E-12;2.2631;402.33
ENV2;S6;D;4;163.638;165;;12.7217;35.6827;-0.0655;0.183;1.00E-12;2.2639;371.45
ENV2;S6;D;4;164.63;166;;12.737;35.6846;-0.069;0.1808;1.00E-12;2.2639;900.54
ENV2;S6;D;4;165.621;167;;12.6826;35.6812;-0.0695;0.1933;1.00E-12;2.2623;1718.7
ENV2;S6;D;4;166.612;168;;12.6603;35.6801;-0.0688;0.1844;1.00E-12;2.2605;1199.6
ENV2;S6;D;4;167.604;169;;12.6535;35.6796;-0.0696;0.1845;1.00E-12;2.2576;268.33
ENV2;S6;D;4;168.595;170;;12.6575;35.6789;-0.0741;0.1743;1.00E-12;2.2512;837.48
ENV2;S6;D;4;169.586;171;;12.6431;35.6781;-0.0676;0.1753;1.00E-12;2.246;1374.3
ENV2;S6;D;4;170.578;172;;12.6396;35.6781;-0.0688;0.1912;1.00E-12;2.2451;397.87
ENV2;S6;D;4;171.569;173;;12.6376;35.6776;-0.0684;0.1906;1.00E-12;2.2428;1058.4
ENV2;S6;D;4;172.56;174;;12.6372;35.6774;-0.0656;0.177;1.00E-12;2.2395;1066.6
ENV2;S6;D;4;173.552;175;;12.6186;35.6765;-0.0738;0.1845;1.00E-12;2.2373;987.01
ENV2;S6;D;4;174.543;176;;12.5864;35.6771;-0.069;0.1786;1.00E-12;2.2334;534.28
ENV2;S6;D;4;175.534;177;;12.585;35.6769;-0.0781;0.1834;1.00E-12;2.2252;703.34
ENV2;S6;D;4;176.525;178;;12.5831;35.6769;-0.0706;0.1845;1.00E-12;2.2205;378.14
ENV2;S6;D;4;177.517;179;;12.5817;35.6767;-0.0747;0.1845;1.00E-12;2.2175;375.31
ENV2;S6;D;4;178.508;180;;12.5831;35.6764;-0.0759;0.1849;1.00E-12;2.2137;372.27
ENV2;S6;D;4;179.5;181;;12.5765;35.6762;-0.0796;0.1774;1.00E-12;2.2105;853.78
ENV2;S6;D;4;180.49;182;;12.56;35.6764;-0.0691;0.1784;1.00E-12;2.209;913.46
ENV2;S6;D;4;181.482;183;;12.5555;35.6763;-0.0719;0.1801;1.00E-12;2.2072;397.94
ENV2;S6;D;4;182.473;184;;12.5548;35.6763;-0.0782;0.1845;1.00E-12;2.2042;381.26
ENV2;S6;D;4;183.464;185;;12.558;35.6763;-0.0688;0.1845;1.00E-12;2.2011;1192.2
ENV2;S6;D;4;184.456;186;;12.5556;35.6761;-0.0688;0.1845;1.00E-12;2.1994;1745.1
ENV2;S6;D;4;185.447;187;;12.557;35.6759;-0.0682;0.1762;1.00E-12;2.1952;888.56
ENV2;S6;D;4;186.438;188;;12.5144;35.6756;-0.0683;0.1784;1.00E-12;2.1954;433.94
ENV2;S6;D;4;187.429;189;;12.4928;35.6762;-0.0689;0.1729;1.00E-12;2.1948;886.86
ENV2;S6;D;4;188.42;190;;12.4958;35.6762;-0.0586;0.179;1.00E-12;2.1935;738.16
ENV2;S6;D;4;189.412;191;;12.4897;35.6757;-0.0439;0.1906;1.00E-12;2.1897;376.02
ENV2;S6;D;4;190.403;192;;12.4752;35.6754;-0.0665;0.1804;1.00E-12;2.1844;396.57
ENV2;S6;D;4;191.394;193;;12.4711;35.6754;-0.074;0.179;1.00E-12;2.1755;866.54
ENV2;S6;D;4;192.386;194;;12.4306;35.6746;-0.0712;0.1795;1.00E-12;2.1684;1092.6
ENV2;S6;D;4;193.377;195;;12.4096;35.6738;-0.0801;0.1784;1.00E-12;2.1667;363.66
ENV2;S6;D;4;194.368;196;;12.3833;35.6738;-0.0713;0.1784;1.00E-12;2.1642;374.8
ENV2;S6;D;4;195.359;197;;12.3649;35.6734;-0.0694;0.1784;1.00E-12;2.1608;380.33
ENV2;S6;D;4;196.351;198;;12.3603;35.6733;-0.0667;0.1784;1.00E-12;2.1574;391.05
ENV2;S6;D;4;197.341;199;;12.372;35.6723;-0.0896;0.1745;1.00E-12;2.1484;456.97
ENV2;S6;D;4;198.333;200;;12.3579;35.6718;-0.0699;0.1724;1.00E-12;2.1444;376.91
ENV2;S6;D;4;199.324;201;;12.3528;35.672;-0.0779;0.1765;1.00E-12;2.1435;383.14
ENV2;S6;D;4;200.315;202;;12.3513;35.6718;-0.0833;0.1822;1.00E-12;2.143;1210.4
ENV2;S6;D;4;201.306;203;;12.3535;35.6712;-0.0816;0.1675;1.00E-12;2.1401;717.1
ENV2;S6;D;4;202.297;204;;12.3442;35.6712;-0.0882;0.1719;1.00E-12;2.1391;986.78
ENV2;S6;D;4;203.288;205;;12.3389;35.6711;-0.0772;0.1797;1.00E-12;2.1384;856.78
ENV2;S6;D;4;204.28;206;;12.3383;35.6709;-0.0779;0.1747;1.00E-12;2.1373;384.92
ENV2;S6;D;4;205.271;207;;12.3381;35.6707;-0.0775;0.1793;1.00E-12;2.1361;374.23
ENV2;S6;D;4;206.262;208;;12.3355;35.6705;-0.0803;0.1976;1.00E-12;2.1349;368.98
ENV2;S6;D;4;207.253;209;;12.3328;35.6705;-0.0943;0.1967;1.00E-12;2.1341;370.81
ENV2;S6;D;4;208.244;210;;12.3359;35.6701;-0.0684;0.1688;1.00E-12;2.1328;1529.7
ENV2;S6;D;4;209.236;211;;12.331;35.6703;-0.0818;0.1762;1.00E-12;2.1323;386.06
ENV2;S6;D;4;210.227;212;;12.3294;35.6702;-0.0762;0.1784;1.00E-12;2.1314;946.78
ENV2;S6;D;4;211.218;213;;12.3226;35.6698;-0.0714;0.1784;1.00E-12;2.1305;376.95
ENV2;S6;D;4;212.209;214;;12.3225;35.6697;-0.0814;0.1723;1.00E-12;2.13;491.27
ENV2;S6;D;4;213.2;215;;12.315;35.6689;-0.0678;0.1589;1.00E-12;2.1293;1225.8
ENV2;S6;D;4;214.191;216;;12.2947;35.6681;-0.0924;0.1967;1.00E-12;2.1296;352.54
ENV2;S6;D;4;215.182;217;;12.2316;35.6664;-0.0785;0.1812;1.00E-12;2.1287;377.55
ENV2;S6;D;4;216.173;218;;12.2133;35.6659;-0.072;0.1756;1.00E-12;2.1266;424.45
ENV2;S6;D;4;217.164;219;;12.2117;35.6657;-0.0892;0.181;1.00E-12;2.1235;587.45
ENV2;S6;D;4;218.156;220;;12.2068;35.6645;-0.0889;0.1719;1.00E-12;2.118;1240.6
ENV2;S6;D;4;219.147;221;;12.2014;35.6637;-0.0717;0.1726;1.00E-12;2.1163;624.44
ENV2;S6;D;4;220.138;222;;12.1988;35.6635;-0.0907;0.1779;1.00E-12;2.1151;698.18
ENV2;S6;D;4;221.129;223;;12.1938;35.6634;-0.0867;0.1828;1.00E-12;2.1142;415.99
ENV2;S6;D;4;222.119;224;;12.1864;35.6623;-0.0735;0.1614;1.00E-12;2.1116;1551.6
ENV2;S6;D;4;223.111;225;;12.1808;35.6623;-0.0722;0.1742;1.00E-12;2.1119;1791.2
ENV2;S6;D;4;224.102;226;;12.1786;35.662;-0.0804;0.1752;1.00E-12;2.1114;1767.4
ENV2;S6;D;4;225.093;227;;12.1759;35.6619;-0.0934;0.1785;1.00E-12;2.111;1497.4
ENV2;S6;D;4;226.084;228;;12.1735;35.6614;-0.0723;0.188;1.00E-12;2.1099;1663.7
ENV2;S6;D;4;227.075;229;;12.1719;35.6612;-0.0691;0.1732;1.00E-12;2.1093;1483.2
ENV2;S6;D;4;228.066;230;;12.1685;35.6608;-0.079;0.1781;1.00E-12;2.109;361.52
ENV2;S6;D;4;229.057;231;;12.1678;35.6606;-0.0887;0.1783;1.00E-12;2.1083;370.1
ENV2;S6;D;4;230.048;232;;12.157;35.6601;-0.0796;0.1763;1.00E-12;2.1078;432.86
ENV2;S6;D;4;231.039;233;;12.1516;35.6599;-0.0922;0.1949;1.00E-12;2.1068;1066.1
ENV2;S6;D;4;232.03;234;;12.1491;35.6596;-0.0826;0.2007;1.00E-12;2.1059;1254.3
ENV2;S6;D;4;233.021;235;;12.1417;35.6592;-0.0703;0.1861;1.00E-12;2.1054;1732.6
ENV2;S6;D;4;234.012;236;;12.1339;35.6585;-0.081;0.1967;1.00E-12;2.1046;1781
ENV2;S6;D;4;235.003;237;;12.1155;35.6572;-0.0714;0.1818;1.00E-12;2.1039;1642.2
ENV2;S6;D;4;235.994;238;;12.1238;35.6574;-0.0766;0.178;1.00E-12;2.1024;937.85
ENV2;S6;D;4;236.985;239;;12.0988;35.6562;-0.0807;0.1868;1.00E-12;2.1017;1796
ENV2;S6;D;4;237.976;240;;12.0967;35.6556;-0.0777;0.1947;1.00E-12;2.1011;733.65
ENV2;S6;D;4;238.967;241;;12.0919;35.6551;-0.0794;0.1957;1.00E-12;2.0997;380.39
ENV2;S6;D;4;239.958;242;;12.0858;35.6546;-0.0883;0.2028;1.00E-12;2.0989;373.07
ENV2;S6;D;4;240.949;243;;12.0693;35.6531;-0.0726;0.2049;1.00E-12;2.0978;373.07
ENV2;S6;D;4;241.94;244;;12.0475;35.6526;-0.0682;0.2316;1.00E-12;2.0972;375.25
ENV2;S6;D;4;242.931;245;;12.0389;35.6522;-0.0695;0.6405;1.00E-12;2.0966;376.81
ENV2;S6;D;4;243.922;246;;12.0491;35.652;-0.0744;0.3013;1.00E-12;2.0943;672.06
ENV2;S6;D;4;244.913;247;;12.0247;35.6504;-0.0896;0.2162;1.00E-12;2.0936;1185
ENV2;S6;D;4;245.904;248;;12.0223;35.6502;-0.0702;0.2272;1.00E-12;2.0926;1685.1
ENV2;S6;D;4;246.895;249;;12.0193;35.6499;-0.0939;0.2333;1.00E-12;2.092;535.7
ENV2;S6;D;4;247.886;250;;12.0172;35.6495;-0.0743;0.2187;1.00E-12;2.0916;373.51
ENV2;S6;D;4;248.877;251;;12.0159;35.6494;-0.0681;0.2284;1.00E-12;2.0913;375.06
ENV2;S6;D;4;249.868;252;;12.0138;35.6492;-0.0702;0.2366;1.00E-12;2.0904;375.06
ENV2;S6;D;4;250.859;253;;12.0124;35.6489;-0.0793;0.2213;1.00E-12;2.0902;375.06
ENV2;S6;D;4;251.85;254;;12.0159;35.6488;-0.0794;0.2271;1.00E-12;2.0896;557.93
ENV2;S6;D;4;252.841;255;;12.0125;35.6484;-0.0849;0.2226;1.00E-12;2.0886;377.89
ENV2;S6;D;5;2.976;3;;13.7546;35.7041;0.7036;0.4729;904.49;2.1179;1811.8
ENV2;S6;D;5;3.969;4;;13.9792;35.6284;0.8224;0.4802;921.04;2.3136;2286.2
ENV2;S6;D;5;4.961;5;;13.8214;35.5545;0.8127;0.499;588.56;2.6029;2071.2
ENV2;S6;D;5;5.953;6;;13.7961;35.5724;0.8281;0.4911;559.75;2.5679;1952
ENV2;S6;D;5;6.945;7;;13.8056;35.5698;1.019;0.4984;470.31;2.568;2001.3
ENV2;S6;D;5;7.937;8;;13.7901;35.5733;1.1144;0.4974;387.49;2.5678;1808.6
ENV2;S6;D;5;8.929;9;;13.7942;35.5724;1.3382;0.5179;335.48;2.5677;1857.9
ENV2;S6;D;5;9.921;10;;13.7929;35.5727;1.396;0.5161;311.26;2.5673;1803.1
ENV2;S6;D;5;10.913;11;;13.795;35.5721;1.5416;0.5079;277.87;2.5664;1895.8
ENV2;S6;D;5;11.905;12;;13.7793;35.5757;1.7442;0.5142;227.93;2.5655;1899.4
ENV2;S6;D;5;12.898;13;;13.7372;35.5849;2.115;0.5282;198.81;2.5654;1820.9
ENV2;S6;D;5;13.89;14;;13.6794;35.5932;2.3473;0.5169;174.83;2.5644;1758.9
ENV2;S6;D;5;14.881;15;;13.5671;35.6118;2.7594;0.498;154.59;2.5609;1770
ENV2;S6;D;5;15.874;16;;13.5035;35.6284;2.9253;0.4958;151.34;2.5568;1816.8
ENV2;S6;D;5;16.866;17;;13.33;35.6571;3.2356;0.5111;131.55;2.5533;1830.6
ENV2;S6;D;5;17.858;18;;13.3075;35.6569;3.6802;0.4484;104.19;2.5333;1748.2
ENV2;S6;D;5;18.85;19;;13.31;35.6589;3.6277;0.437;92.545;2.5187;1789.7
ENV2;S6;D;5;19.842;20;;13.3087;35.6602;3.8569;0.4291;80.684;2.5162;1752.4
ENV2;S6;D;5;20.834;21;;13.2977;35.6643;3.5835;0.4098;73.146;2.5094;1702.6
ENV2;S6;D;5;21.826;22;;13.2684;35.6727;3.5238;0.3767;60.305;2.5019;1730.1
ENV2;S6;D;5;22.818;23;;13.2114;35.6822;3.3537;0.3981;51.947;2.499;1718.9
ENV2;S6;D;5;23.81;24;;13.1995;35.6827;3.0543;0.335;50.272;2.4871;1711
ENV2;S6;D;5;24.802;25;;13.1991;35.6827;3.0207;0.3091;45.696;2.4706;1671.9
ENV2;S6;D;5;25.794;26;;13.201;35.683;3.0543;0.3131;38.836;2.4619;1656.9
ENV2;S6;D;5;26.786;27;;13.2028;35.6837;2.8804;0.3111;35.096;2.4579;1664
ENV2;S6;D;5;27.778;28;;13.1997;35.683;2.8134;0.3225;30.169;2.4574;1673.1
ENV2;S6;D;5;28.77;29;;13.198;35.6833;2.6787;0.3248;27.404;2.4565;1679.6
ENV2;S6;D;5;29.762;30;;13.1962;35.6827;2.653;0.3082;26.094;2.4518;1660.3
ENV2;S6;D;5;30.754;31;;13.1911;35.6822;2.3174;0.2986;23.693;2.4485;1651.7
ENV2;S6;D;5;31.746;32;;13.1849;35.682;2.2507;0.2702;23.641;2.443;1635.7
ENV2;S6;D;5;32.738;33;;13.182;35.6821;2.0972;0.2789;19.675;2.4412;1654.8
ENV2;S6;D;5;33.73;34;;13.1818;35.6824;2.065;0.2778;18.021;2.4384;1638.7
ENV2;S6;D;5;34.722;35;;13.174;35.6842;1.9923;0.2709;16.742;2.435;1650.7
ENV2;S6;D;5;35.714;36;;13.1619;35.6854;1.8232;0.2707;16.161;2.4333;1656.2
ENV2;S6;D;5;36.706;37;;13.1569;35.6865;1.5667;0.2608;15.338;2.4293;1665.8
ENV2;S6;D;5;37.698;38;;13.1541;35.6891;1.237;0.2235;13.539;2.4203;1638.7
ENV2;S6;D;5;38.69;39;;13.1558;35.6898;1.2143;0.2324;12.098;2.4165;1676
ENV2;S6;D;5;39.682;40;;13.1596;35.6908;1.2231;0.2453;11.551;2.4143;1685.5
ENV2;S6;D;5;40.674;41;;13.16;35.6908;1.2439;0.2422;11.288;2.414;1663
ENV2;S6;D;5;41.666;42;;13.1627;35.6918;1.3233;0.2402;10.439;2.414;1655.8
ENV2;S6;D;5;42.658;43;;13.1682;35.6945;1.3744;0.2397;9.4027;2.4132;1680.3
ENV2;S6;D;5;43.65;44;;13.1792;35.7027;1.3132;0.2357;8.7216;2.4136;1678
ENV2;S6;D;5;44.642;45;;13.185;35.7079;1.321;0.2431;8.2987;2.413;1688.7
ENV2;S6;D;5;45.633;46;;13.188;35.7092;1.2977;0.2467;7.9844;2.412;1693.2
ENV2;S6;D;5;46.625;47;;13.1901;35.7101;1.3511;0.2457;7.3802;2.4125;1679
ENV2;S6;D;5;47.617;48;;13.1914;35.7109;1.3539;0.24;6.5909;2.4136;1672.5
ENV2;S6;D;5;48.609;49;;13.193;35.7125;1.3433;0.2493;6.1241;2.413;1675.5
ENV2;S6;D;5;49.601;50;;13.1929;35.7125;1.3316;0.2563;5.8455;2.4125;1686.4
ENV2;S6;D;5;50.593;51;;13.191;35.7123;1.3048;0.2525;5.5235;2.4116;1693.2
ENV2;S6;D;5;51.585;52;;13.1911;35.7125;1.2799;0.2517;5.1331;2.4113;1687.6
ENV2;S6;D;5;52.577;53;;13.1915;35.7127;1.273;0.2467;4.773;2.4103;1676.5
ENV2;S6;D;5;53.569;54;;13.1919;35.7125;1.2166;0.2449;4.3724;2.4097;1632.2
ENV2;S6;D;5;54.561;55;;13.1928;35.7135;1.1386;0.2283;4.0313;2.4089;1639.3
ENV2;S6;D;5;55.553;56;;13.1932;35.7137;1.2086;0.238;3.7143;2.4089;1653.5
ENV2;S6;D;5;56.544;57;;13.1944;35.7144;1.1806;0.2433;3.4757;2.4087;1651.3
ENV2;S6;D;5;57.536;58;;13.1939;35.7143;1.1336;0.2485;3.32;2.4072;1645.7
ENV2;S6;D;5;58.528;59;;13.1945;35.7145;1.1097;0.2476;3.0785;2.4055;1617.7
ENV2;S6;D;5;59.52;60;;13.1935;35.7142;1.0365;0.2416;2.8025;2.4051;1589
ENV2;S6;D;5;60.512;61;;13.194;35.7145;0.9015;0.2215;2.5993;2.4042;1607.2
ENV2;S6;D;5;61.504;62;;13.1957;35.715;1.0349;0.2273;2.3844;2.4039;1599
ENV2;S6;D;5;62.495;63;;13.193;35.7144;1.0629;0.2308;2.1873;2.4034;1599.8
ENV2;S6;D;5;63.487;64;;13.1929;35.7143;1.0402;0.2381;2.0914;2.4023;1592.9
ENV2;S6;D;5;64.479;65;;13.1936;35.7145;0.9176;0.2229;2.1089;2.4015;1554
ENV2;S6;D;5;65.471;66;;13.1943;35.7149;0.9935;0.2282;1.848;2.4022;1580.6
ENV2;S6;D;5;66.463;67;;13.1933;35.7148;1.0507;0.2398;1.6522;2.4019;1586.7
ENV2;S6;D;5;67.455;68;;13.1928;35.7147;0.9744;0.2295;1.5401;2.4011;1585.3
ENV2;S6;D;5;68.446;69;;13.191;35.714;0.8378;0.224;1.6375;2.3994;1550.6
ENV2;S6;D;5;69.438;70;;13.1903;35.7143;0.8765;0.2217;1.4738;2.3998;1574
ENV2;S6;D;5;70.43;71;;13.1877;35.7136;0.8543;0.2341;1.4092;2.3996;1578.8
ENV2;S6;D;5;71.422;72;;13.1879;35.7135;0.7443;0.2358;1.3857;2.399;1576.3
ENV2;S6;D;5;72.414;73;;13.1885;35.7137;0.7239;0.2268;1.2951;2.3982;1574.5
ENV2;S6;D;5;73.406;74;;13.1884;35.7138;0.7952;0.2373;1.2067;2.3974;1579
ENV2;S6;D;5;74.397;75;;13.19;35.7142;0.7765;0.2352;1.1961;2.3969;1577.2
ENV2;S6;D;5;75.389;76;;13.1907;35.7142;0.7613;0.2348;1.1583;2.3965;1615.3
ENV2;S6;D;5;76.381;77;;13.1867;35.7135;0.7436;0.2254;1.0849;2.3958;1639.4
ENV2;S6;D;5;77.373;78;;13.1847;35.715;0.6717;0.2275;1.0042;2.3951;1660.2
ENV2;S6;D;5;78.364;79;;13.1849;35.7149;0.5778;0.2135;0.94589;2.3953;1701.7
ENV2;S6;D;5;79.356;80;;13.1848;35.715;0.5383;0.2089;0.90519;2.3941;1714.9
ENV2;S6;D;5;80.348;81;;13.1839;35.7157;0.4938;0.2071;0.861;2.3924;1677
ENV2;S6;D;5;81.34;82;;13.1833;35.7161;0.4855;0.2056;0.80664;2.3911;1687.7
ENV2;S6;D;5;82.331;83;;13.1823;35.7166;0.4458;0.2147;0.76551;2.3908;1720.2
ENV2;S6;D;5;83.323;84;;13.1819;35.7168;0.4022;0.2119;0.71177;2.3895;1703.5
ENV2;S6;D;5;84.315;85;;13.1821;35.7169;0.3928;0.2037;0.64564;2.3882;1703.5
ENV2;S6;D;5;85.307;86;;13.1822;35.717;0.4037;0.2089;0.6019;2.3882;1640.8
ENV2;S6;D;5;86.298;87;;13.1825;35.7168;0.409;0.2113;0.57159;2.3869;1666.7
ENV2;S6;D;5;87.29;88;;13.1816;35.7167;0.3847;0.2104;0.53924;2.3858;1621
ENV2;S6;D;5;88.282;89;;13.1786;35.7165;0.4195;0.1975;0.50964;2.3857;1613.3
ENV2;S6;D;5;89.274;90;;13.1734;35.716;0.4073;0.2113;0.48427;2.3856;1604.3
ENV2;S6;D;5;90.265;91;;13.1677;35.7152;0.3946;0.2178;0.46137;2.3844;1576.4
ENV2;S6;D;5;91.257;92;;13.1643;35.7148;0.3622;0.2029;0.43436;2.3835;1596
ENV2;S6;D;5;92.249;93;;13.1525;35.7134;0.3725;0.2077;0.41324;2.3836;1606.7
ENV2;S6;D;5;93.24;94;;13.1515;35.7132;0.3664;0.2112;0.38856;2.3837;1567.8
ENV2;S6;D;5;94.232;95;;13.1549;35.7134;0.3586;0.2151;0.36272;2.3839;1587.8
ENV2;S6;D;5;95.224;96;;13.1504;35.7131;0.3774;0.2179;0.34401;2.3837;1588.1
ENV2;S6;D;5;96.215;97;;13.1494;35.7132;0.3997;0.218;0.32662;2.3833;1600.6
ENV2;S6;D;5;97.207;98;;13.1489;35.7129;0.4008;0.215;0.30925;2.3829;1586.5
ENV2;S6;D;5;98.199;99;;13.1449;35.7125;0.4006;0.215;0.2938;2.3829;1589.5
ENV2;S6;D;5;99.19;100;;13.1432;35.7124;0.3999;0.2206;0.28004;2.3829;1580.3
ENV2;S6;D;5;100.182;101;;13.1467;35.7125;0.3822;0.2126;0.26788;2.3829;1584.4
ENV2;S6;D;5;101.174;102;;13.1394;35.7119;0.3761;0.2131;0.25563;2.3835;1585.8
ENV2;S6;D;5;102.165;103;;13.1314;35.7119;0.401;0.2208;0.23912;2.3824;1585.9
ENV2;S6;D;5;103.157;104;;13.1311;35.7121;0.4565;0.2139;0.21777;2.383;1610
ENV2;S6;D;5;104.148;105;;13.13;35.7119;0.4936;0.2101;0.2037;2.3831;1621.4
ENV2;S6;D;5;105.14;106;;13.1286;35.7119;0.4895;0.2245;0.19838;2.3827;1607.9
ENV2;S6;D;5;106.132;107;;13.1232;35.7116;0.4079;0.2031;0.18936;2.3818;1636.3
ENV2;S6;D;5;107.123;108;;13.1188;35.7113;0.4747;0.2278;0.1763;2.3812;1643.4
ENV2;S6;D;5;108.115;109;;13.1166;35.7107;0.4703;0.2332;0.16391;2.3811;1653.8
ENV2;S6;D;5;109.107;110;;13.1112;35.7099;0.4494;0.2289;0.15726;2.3808;1633.7
ENV2;S6;D;5;110.098;111;;13.1074;35.709;0.3835;0.2306;0.14761;2.3795;1620.5
ENV2;S6;D;5;111.09;112;;13.1073;35.7089;0.3555;0.2145;0.13556;2.3781;1591.7
ENV2;S6;D;5;112.082;113;;13.1041;35.7084;0.3328;0.2212;0.12557;2.3775;1634.8
ENV2;S6;D;5;113.073;114;;13.1032;35.7081;0.322;0.2266;0.11719;2.3769;1643.6
ENV2;S6;D;5;114.065;115;;13.1019;35.7076;0.2447;0.1989;0.11301;2.3751;1614
ENV2;S6;D;5;115.056;116;;13.0944;35.7072;0.2789;0.2027;0.10295;2.3743;1650
ENV2;S6;D;5;116.048;117;;13.0902;35.7067;0.2724;0.2057;0.091127;2.3738;1664.2
ENV2;S6;D;5;117.04;118;;13.0845;35.7062;0.2357;0.2148;0.080317;2.3735;1662.9
ENV2;S6;D;5;118.031;119;;13.0792;35.7058;0.1839;0.2064;0.078728;2.3717;1653.1
ENV2;S6;D;5;119.022;120;;13.0757;35.7055;0.122;0.1939;0.085452;2.3675;1654.5
ENV2;S6;D;5;120.014;121;;13.076;35.7057;0.1296;0.1894;0.078146;2.3658;1672.9
ENV2;S6;D;5;121.006;122;;13.0744;35.7054;0.1059;0.2048;0.074971;2.3638;1685.9
ENV2;S6;D;5;121.997;123;;13.0681;35.7056;0.0942;0.2149;0.069611;2.362;1685.2
ENV2;S6;D;5;122.989;124;;13.0644;35.7054;0.0976;0.1963;0.06408;2.3619;1695.2
ENV2;S6;D;5;123.98;125;;13.0618;35.7051;0.1149;0.1967;0.055666;2.3613;1708.2
ENV2;S6;D;5;124.972;126;;13.0609;35.7049;0.1057;0.1967;0.05405;2.3608;1709.4
ENV2;S6;D;5;125.964;127;;13.0604;35.7047;0.089;0.1828;0.053641;2.3591;1672.7
ENV2;S6;D;5;126.955;128;;13.0578;35.7048;0.0972;0.1845;0.050428;2.3581;1676.7
ENV2;S6;D;5;127.946;129;;13.0521;35.7043;0.0946;0.1801;0.045467;2.356;1725
ENV2;S6;D;5;128.938;130;;13.0381;35.7044;0.0707;0.1832;0.040538;2.3553;1754.1
ENV2;S6;D;5;129.93;131;;13.027;35.7035;0.042;0.1839;0.038916;2.3534;1753.4
ENV2;S6;D;5;130.921;132;;13.0193;35.7024;0.0359;0.1834;0.032926;2.3505;1705.5
ENV2;S6;D;5;131.912;133;;13.0176;35.7021;0.0399;0.1751;0.030987;2.3483;1667.4
ENV2;S6;D;5;132.904;134;;13.0112;35.7009;0.0462;0.175;0.030669;2.3472;1669.7
ENV2;S6;D;5;133.896;135;;12.9964;35.6991;0.0405;0.1752;0.028093;2.3459;1707.5
ENV2;S6;D;5;134.887;136;;12.9915;35.6988;0.0278;0.1695;0.026712;2.3453;1676.1
ENV2;S6;D;5;135.879;137;;12.9817;35.697;0.0507;0.1738;0.024115;2.3458;1746.1
ENV2;S6;D;5;136.87;138;;12.979;35.6967;0.0265;0.1904;0.020224;2.3455;1756.7
ENV2;S6;D;5;137.861;139;;12.972;35.6961;0.0359;0.1945;0.010771;2.345;1765.2
ENV2;S6;D;5;138.853;140;;12.9665;35.6955;0.0387;0.1948;0.0065465;2.3446;1769.4
ENV2;S6;D;5;139.845;141;;12.9622;35.6952;0.0172;0.1825;0.0078104;2.3438;1741.6
ENV2;S6;D;5;140.836;142;;12.9485;35.6939;0.0118;0.1806;0.0077212;2.3428;1807.2
ENV2;S6;D;5;141.827;143;;12.9475;35.694;0.0038;0.1906;0.0058254;2.3417;1810.4
ENV2;S6;D;5;142.819;144;;12.9488;35.6939;0.0038;0.1801;0.0030697;2.3409;1803.1
ENV2;S6;D;5;143.81;145;;12.9466;35.6933;-0.004;0.1837;0.00159;2.3402;1784.9
ENV2;S6;D;5;144.802;146;;12.9455;35.693;-0.0064;0.1756;0.00068512;2.3397;1749.7
ENV2;S6;D;5;145.793;147;;12.9439;35.6929;-0.0003;0.1784;2.32E-06;2.3399;1780.8
ENV2;S6;D;5;146.785;148;;12.9437;35.6928;0.0053;0.1819;1.00E-12;2.3397;1797.5
ENV2;S6;D;5;147.776;149;;12.9437;35.6925;-0.0332;0.1715;1.00E-12;2.3397;1760.5
ENV2;S6;D;5;148.768;150;;12.9458;35.6933;-0.029;0.1671;1.00E-12;2.3398;1738.4
ENV2;S6;D;5;149.759;151;;12.9489;35.6941;-0.0091;0.1784;1.00E-12;2.3394;1767.6
ENV2;S6;D;5;150.75;152;;12.95;35.6944;0.0027;0.1784;1.00E-12;2.3386;1775.6
ENV2;S6;D;5;151.742;153;;12.9494;35.6944;-0.0087;0.1812;1.00E-12;2.3376;1733.7
ENV2;S6;D;5;152.733;154;;12.9427;35.6939;-0.0189;0.1694;1.00E-12;2.3351;1721.5
ENV2;S6;D;5;153.724;155;;12.9394;35.6939;-0.006;0.1742;1.00E-12;2.3328;1766.5
ENV2;S6;D;5;154.716;156;;12.9364;35.6945;-0.0137;0.1725;1.00E-12;2.3317;1792.8
ENV2;S6;D;5;155.707;157;;12.9245;35.6941;-0.0222;0.1719;1.00E-12;2.3304;1814.7
ENV2;S6;D;5;156.699;158;;12.9114;35.6947;-0.0317;0.1662;1.00E-12;2.3285;1837.5
ENV2;S6;D;5;157.69;159;;12.8935;35.6925;-0.0422;0.177;1.00E-12;2.3235;1880
ENV2;S6;D;5;158.682;160;;12.8798;35.6893;-0.0329;0.1742;1.00E-12;2.314;1968.9
ENV2;S6;D;5;159.673;161;;12.8766;35.6884;-0.0438;0.173;1.00E-12;2.3134;1988.9
ENV2;S6;D;5;160.664;162;;12.864;35.686;-0.0432;0.1729;1.00E-12;2.314;2014.6
ENV2;S6;D;5;161.656;163;;12.8613;35.6858;-0.0426;0.1727;1.00E-12;2.3139;2025.6
ENV2;S6;D;5;162.647;164;;12.8597;35.6853;-0.0627;0.1868;1.00E-12;2.3137;1999.8
ENV2;S6;D;5;163.638;165;;12.8612;35.6853;-0.0588;0.1624;1.00E-12;2.3156;1784.9
ENV2;S6;D;5;164.63;166;;12.8588;35.6849;-0.0532;0.1803;1.00E-12;2.3163;1799.8
ENV2;S6;D;5;165.621;167;;12.8424;35.6829;-0.0481;0.1882;1.00E-12;2.3168;1764.4
ENV2;S6;D;5;166.612;168;;12.8357;35.6826;-0.0657;0.1751;1.00E-12;2.3163;1695
ENV2;S6;D;5;167.604;169;;12.8326;35.6822;-0.0559;0.1631;1.00E-12;2.3161;1695.4
ENV2;S6;D;5;168.595;170;;12.8239;35.6818;-0.0664;0.1768;1.00E-12;2.316;1687.1
ENV2;S6;D;5;169.586;171;;12.8203;35.6817;-0.0668;0.1846;1.00E-12;2.3154;1685.2
ENV2;S6;D;5;170.578;172;;12.8193;35.6819;-0.0684;0.1795;1.00E-12;2.3139;1687.8
ENV2;S6;D;5;171.569;173;;12.82;35.6823;-0.0613;0.1818;1.00E-12;2.312;1685.8
ENV2;S6;D;5;172.56;174;;12.8203;35.6827;-0.065;0.1713;1.00E-12;2.3079;1707.9
ENV2;S6;D;5;173.552;175;;12.8188;35.686;-0.0666;0.1846;1.00E-12;2.3058;1720.4
ENV2;S6;D;5;174.543;176;;12.8111;35.6875;-0.0644;0.1782;1.00E-12;2.3041;1734.9
ENV2;S6;D;5;175.534;177;;12.8061;35.6874;-0.0675;0.1816;1.00E-12;2.3016;1743.5
ENV2;S6;D;5;176.525;178;;12.8102;35.6869;-0.0679;0.1671;1.00E-12;2.2894;1750.7
ENV2;S6;D;5;177.517;179;;12.8156;35.6927;-0.0675;0.1603;1.00E-12;2.2843;1728.9
ENV2;S6;D;5;178.508;180;;12.8128;35.6938;-0.0671;0.166;1.00E-12;2.2818;1712.8
ENV2;S6;D;5;179.499;181;;12.8061;35.6939;-0.0577;0.1694;1.00E-12;2.2747;1684.3
ENV2;S6;D;5;180.49;182;;12.7922;35.6931;-0.0773;0.1806;1.00E-12;2.2655;1673.2
ENV2;S6;D;5;181.482;183;;12.7793;35.694;-0.072;0.1758;1.00E-12;2.2579;1696
ENV2;S6;D;5;182.473;184;;12.7775;35.694;-0.0659;0.1692;1.00E-12;2.246;1747.5
ENV2;S6;D;5;183.465;185;;12.7708;35.6943;-0.0905;0.1784;1.00E-12;2.2413;1729.7
ENV2;S6;D;5;184.456;186;;12.7563;35.6945;-0.0597;0.1733;1.00E-12;2.2391;1698.2
ENV2;S6;D;5;185.447;187;;12.7296;35.6963;-0.0585;0.1723;1.00E-12;2.2365;1678.4
ENV2;S6;D;5;186.438;188;;12.7105;35.6953;-0.0669;0.1773;1.00E-12;2.233;1658.4
ENV2;S6;D;5;187.429;189;;12.698;35.694;-0.0688;0.1722;1.00E-12;2.2231;1628.1
ENV2;S6;D;5;188.42;190;;12.6598;35.6885;-0.0678;0.1671;1.00E-12;2.2121;1643.3
ENV2;S6;D;5;189.412;191;;12.6245;35.6831;-0.0705;0.1717;1.00E-12;2.2082;1656.7
ENV2;S6;D;5;190.403;192;;12.5898;35.6798;-0.0673;0.1784;1.00E-12;2.2072;1672.9
ENV2;S6;D;5;191.394;193;;12.5695;35.6783;-0.0587;0.1799;1.00E-12;2.2067;1671.1
ENV2;S6;D;5;192.385;194;;12.5603;35.6779;-0.0612;0.1823;1.00E-12;2.2057;1658.4
ENV2;S6;D;5;193.377;195;;12.5579;35.6775;-0.0662;0.1784;1.00E-12;2.2044;1643.1
ENV2;S6;D;5;194.368;196;;12.5165;35.6769;-0.0721;0.1817;1.00E-12;2.2014;1602.8
ENV2;S6;D;5;195.359;197;;12.4977;35.6753;-0.0756;0.1845;1.00E-12;2.1972;1578.7
ENV2;S6;D;5;196.35;198;;12.4645;35.6748;-0.0531;0.1723;1.00E-12;2.194;1564.8
ENV2;S6;D;5;197.341;199;;12.4503;35.6745;-0.0667;0.176;1.00E-12;2.1901;1556
ENV2;S6;D;5;198.333;200;;12.4491;35.6743;-0.0774;0.1728;1.00E-12;2.1812;1508
ENV2;S6;D;5;199.324;201;;12.4174;35.6719;-0.0688;0.1689;1.00E-12;2.1747;1468.6
ENV2;S6;D;5;200.315;202;;12.3651;35.6709;-0.0766;0.1858;1.00E-12;2.1718;1470.3
ENV2;S6;D;5;201.306;203;;12.3471;35.6705;-0.0745;0.1872;1.00E-12;2.1675;1463.5
ENV2;S6;D;5;202.298;204;;12.3442;35.6698;-0.0756;0.1785;1.00E-12;2.1624;1455.3
ENV2;S6;D;5;203.289;205;;12.3438;35.6695;-0.0735;0.1801;1.00E-12;2.1569;1440.8
ENV2;S6;D;5;204.28;206;;12.3454;35.6691;-0.0815;0.1771;1.00E-12;2.1522;1435.3
ENV2;S6;D;5;205.271;207;;12.3423;35.6686;-0.0698;0.1686;1.00E-12;2.1474;1430.5
ENV2;S6;D;5;206.262;208;;12.3326;35.6681;-0.0749;0.1795;1.00E-12;2.1461;1421
ENV2;S6;D;5;207.253;209;;12.3235;35.6679;-0.0951;0.1909;1.00E-12;2.1455;1420.5
ENV2;S6;D;5;208.244;210;;12.3201;35.6679;-0.076;0.1784;1.00E-12;2.1454;1419.2
ENV2;S6;D;5;209.236;211;;12.3248;35.6676;-0.0713;0.17;1.00E-12;2.143;1414.5
ENV2;S6;D;5;210.227;212;;12.3145;35.667;-0.0681;0.1596;1.00E-12;2.1417;1402
ENV2;S6;D;5;211.218;213;;12.3055;35.6668;-0.073;0.1757;1.00E-12;2.141;1409.5
ENV2;S6;D;5;212.209;214;;12.3025;35.6667;-0.0681;0.1828;1.00E-12;2.1395;1412.9
ENV2;S6;D;5;213.2;215;;12.2983;35.6664;-0.0836;0.1707;1.00E-12;2.1373;1411.8
ENV2;S6;D;5;214.191;216;;12.2932;35.6661;-0.0849;0.1659;1.00E-12;2.1361;1406.1
ENV2;S6;D;5;215.182;217;;12.2874;35.6659;-0.0744;0.18;1.00E-12;2.1352;1408.5
ENV2;S6;D;5;216.173;218;;12.2831;35.6657;-0.0707;0.1879;1.00E-12;2.1344;1408.6
ENV2;S6;D;5;217.164;219;;12.2867;35.6655;-0.079;0.1794;1.00E-12;2.1322;1394.5
ENV2;S6;D;5;218.155;220;;12.2794;35.6656;-0.0712;0.1763;1.00E-12;2.1314;1397.2
ENV2;S6;D;5;219.147;221;;12.2785;35.6655;-0.0787;0.1917;1.00E-12;2.1313;1400.4
ENV2;S6;D;5;220.138;222;;12.2799;35.6656;-0.0857;0.1975;1.00E-12;2.1309;1393.3
ENV2;S6;D;5;221.128;223;;12.28;35.6654;-0.0654;0.1774;1.00E-12;2.1302;1389.3
ENV2;S6;D;5;222.119;224;;12.2803;35.6654;-0.0882;0.178;1.00E-12;2.1291;1394.4
ENV2;S6;D;5;223.111;225;;12.2809;35.6651;-0.0778;0.1671;1.00E-12;2.1277;1393.9
ENV2;S6;D;5;224.102;226;;12.2789;35.6651;-0.0705;0.156;1.00E-12;2.1276;1381.9
ENV2;S6;D;5;225.093;227;;12.2777;35.6651;-0.0959;0.1684;1.00E-12;2.1272;1394.8
ENV2;S6;D;5;226.084;228;;12.2765;35.6651;-0.0876;0.226;1.00E-12;2.1266;1401.1
ENV2;S6;D;5;227.075;229;;12.2769;35.665;-0.07;0.1838;1.00E-12;2.1261;1403.1
ENV2;S6;D;5;228.066;230;;12.2774;35.6647;-0.0708;0.1715;1.00E-12;2.1255;1391.6
ENV2;S6;D;5;229.057;231;;12.2726;35.6649;-0.0899;0.1668;1.00E-12;2.1256;1384.2
ENV2;S6;D;5;230.048;232;;12.2696;35.6647;-0.0826;0.1736;1.00E-12;2.1256;1402.8
ENV2;S6;D;5;231.039;233;;12.2651;35.6646;-0.0702;0.1764;1.00E-12;2.125;1412.8
ENV2;S6;D;5;232.03;234;;12.2634;35.6646;-0.0756;0.1746;1.00E-12;2.1243;1410.6
ENV2;S6;D;5;233.021;235;;12.263;35.6646;-0.0774;0.1783;1.00E-12;2.1234;1401
ENV2;S6;D;5;234.012;236;;12.262;35.6644;-0.072;0.1689;1.00E-12;2.1226;1403
ENV2;S6;D;5;235.003;237;;12.2615;35.6643;-0.0774;0.1677;1.00E-12;2.121;1414.3
ENV2;S6;D;5;235.994;238;;12.2577;35.6642;-0.0729;0.1842;1.00E-12;2.1201;1408.2
ENV2;S6;D;5;236.985;239;;12.2543;35.664;-0.0654;0.1782;1.00E-12;2.1199;1414
ENV2;S6;D;5;237.976;240;;12.2464;35.6638;-0.0683;0.1784;1.00E-12;2.1193;1417.9
ENV2;S6;D;5;238.967;241;;12.2363;35.6635;-0.0814;0.1826;1.00E-12;2.1175;1421.6
ENV2;S6;D;5;239.958;242;;12.2295;35.6632;-0.0867;0.1724;1.00E-12;2.1161;1409.3
ENV2;S6;D;5;240.949;243;;12.2007;35.6617;-0.0697;0.1727;1.00E-12;2.1152;1389.1
ENV2;S6;D;5;241.94;244;;12.1776;35.6615;-0.0883;0.1764;1.00E-12;2.114;1374.5
ENV2;S6;D;5;242.931;245;;12.1702;35.6609;-0.0762;0.1638;1.00E-12;2.1118;1380.8
ENV2;S6;D;5;243.922;246;;12.1632;35.6606;-0.0715;0.1764;1.00E-12;2.1089;1387.1
ENV2;S6;D;5;244.913;247;;12.1591;35.6601;-0.0739;0.1742;1.00E-12;2.1075;1363.9
ENV2;S6;D;5;245.904;248;;12.1579;35.6599;-0.0715;0.1758;1.00E-12;2.1068;1346.5
ENV2;S6;D;5;246.895;249;;12.1583;35.6598;-0.0727;0.1807;1.00E-12;2.106;1348.2
ENV2;S6;D;5;247.886;250;;12.1578;35.6597;-0.0683;0.1762;1.00E-12;2.1056;1353.9
ENV2;S6;D;5;248.877;251;;12.1554;35.6596;-0.067;0.1724;1.00E-12;2.105;1352.7
ENV2;S6;D;5;249.868;252;;12.1561;35.6592;-0.0794;0.1805;1.00E-12;2.1035;1326
ENV2;S6;D;5;250.859;253;;12.1272;35.6571;-0.0736;0.2027;1.00E-12;2.1034;1317.3
ENV2;S6;D;5;251.85;254;;12.108;35.6565;-0.0732;0.1782;1.00E-12;2.1019;1324.6
ENV2;S6;D;5;252.84;255;;12.0886;35.6557;-0.0672;0.1784;1.00E-12;2.1009;1331.3
ENV2;S6;D;6;3.969;4;;14.0774;35.5361;0.6117;0.4733;408.7;2.3295;1212.6
ENV2;S6;D;6;4.961;5;;13.9275;35.571;0.7533;0.4956;353.07;2.5873;1209.9
ENV2;S6;D;6;5.953;6;;13.9218;35.58;0.8473;0.5237;305.31;2.5678;1211.9
ENV2;S6;D;6;6.945;7;;13.9109;35.5801;0.9629;0.5006;262.29;2.5674;1212.2
ENV2;S6;D;6;7.937;8;;13.906;35.58;1.0657;0.5145;229.86;2.5676;1211.2
ENV2;S6;D;6;8.929;9;;13.9027;35.5798;1.2008;0.502;201.66;2.5679;1212.2
ENV2;S6;D;6;9.921;10;;13.8879;35.5803;1.3188;0.5142;177.31;2.5673;1210.4
ENV2;S6;D;6;10.913;11;;13.8722;35.581;1.4381;0.5223;157.32;2.5666;1211
ENV2;S6;D;6;11.905;12;;13.8659;35.5816;1.5661;0.5004;141.86;2.5673;1211.7
ENV2;S6;D;6;12.897;13;;13.8557;35.5831;1.6422;0.5126;123.41;2.5675;1209.5
ENV2;S6;D;6;13.889;14;;13.844;35.5886;1.8869;0.5406;111.73;2.5661;1208.3
ENV2;S6;D;6;14.882;15;;13.8409;35.5924;2.129;0.5101;100.68;2.5658;1213.9
ENV2;S6;D;6;15.874;16;;13.8373;35.599;2.4827;0.5142;90.573;2.5656;1208
ENV2;S6;D;6;16.866;17;;13.8296;35.6035;2.8529;0.5226;79.041;2.568;1208
ENV2;S6;D;6;17.858;18;;13.7939;35.6131;3.476;0.5257;71.858;2.5697;1214.4
ENV2;S6;D;6;18.85;19;;13.7494;35.6094;3.9737;0.5368;64.562;2.5696;1210.7
ENV2;S6;D;6;19.842;20;;13.7157;35.6014;4.3658;0.4903;55.741;2.5669;1202.3
ENV2;S6;D;6;20.834;21;;13.5062;35.5817;4.2729;0.5157;47.995;2.5622;1206.8
ENV2;S6;D;6;21.826;22;;13.3899;35.5776;3.8503;0.4757;41.949;2.5454;1207.5
ENV2;S6;D;6;22.818;23;;13.3155;35.5738;3.4206;0.4486;36.567;2.5227;1206.1
ENV2;S6;D;6;23.81;24;;13.2023;35.5718;2.659;0.4306;32.378;2.5077;1204.9
ENV2;S6;D;6;24.802;25;;13.1546;35.5709;1.8701;0.3457;29.505;2.4774;1203.8
ENV2;S6;D;6;25.794;26;;13.1506;35.5835;1.7314;0.3322;26.78;2.4601;1206.5
ENV2;S6;D;6;26.786;27;;13.1554;35.5914;1.728;0.3359;24.061;2.4482;1203.3
ENV2;S6;D;6;27.778;28;;13.1524;35.5976;1.7071;0.3197;21.752;2.4412;1202.8
ENV2;S6;D;6;28.77;29;;13.1439;35.6036;1.7713;0.3277;20.118;2.4386;1206.3
ENV2;S6;D;6;29.762;30;;13.1229;35.6109;2.0294;0.3416;18.391;2.4378;1206.5
ENV2;S6;D;6;30.754;31;;13.1022;35.6161;2.0071;0.3367;16.754;2.4371;1202
ENV2;S6;D;6;31.746;32;;13.0903;35.6172;1.8287;0.3266;15.218;2.4341;1203
ENV2;S6;D;6;32.738;33;;13.0846;35.6188;1.6657;0.319;14.039;2.4292;1205.6
ENV2;S6;D;6;33.73;34;;13.0753;35.6205;1.4736;0.3121;12.697;2.4259;1206.2
ENV2;S6;D;6;34.722;35;;13.0671;35.6217;1.2315;0.3072;11.658;2.423;1205.1
ENV2;S6;D;6;35.714;36;;13.06;35.6226;1.0383;0.2887;10.861;2.4173;1201.2
ENV2;S6;D;6;36.706;37;;13.0489;35.6286;0.846;0.2815;10.118;2.4126;1201.1
ENV2;S6;D;6;37.698;38;;13.0378;35.6344;0.6517;0.2756;9.4068;2.4058;1202.3
ENV2;S6;D;6;38.69;39;;13.032;35.6352;0.5958;0.2694;8.7859;2.3981;1204.3
ENV2;S6;D;6;39.682;40;;13.0231;35.6362;0.5942;0.2741;8.045;2.3946;1205
ENV2;S6;D;6;40.674;41;;13.0209;35.6384;0.5736;0.2648;7.5154;2.3913;1206.5
ENV2;S6;D;6;41.666;42;;13.0174;35.6428;0.6019;0.2712;7.159;2.3903;1204.5
ENV2;S6;D;6;42.658;43;;13.0176;35.6444;0.6105;0.2785;6.8197;2.3907;1200.3
ENV2;S6;D;6;43.65;44;;13.0189;35.6464;0.6021;0.2574;6.2786;2.3913;1202.9
ENV2;S6;D;6;44.642;45;;13.0264;35.6514;0.6688;0.2702;5.6892;2.392;1215.2
ENV2;S6;D;6;45.634;46;;13.0302;35.6544;0.7448;0.2917;5.4203;2.3925;1216.3
ENV2;S6;D;6;46.625;47;;13.0309;35.6552;0.7164;0.2711;5.193;2.3956;1206
ENV2;S6;D;6;47.617;48;;13.033;35.6567;0.7152;0.2758;4.9254;2.3986;1210.1
ENV2;S6;D;6;48.609;49;;13.0344;35.6578;0.746;0.2769;4.5709;2.3987;1214
ENV2;S6;D;6;49.601;50;;13.0342;35.6582;0.74;0.2636;4.2702;2.3991;1205.2
ENV2;S6;D;6;50.593;51;;13.0332;35.6581;0.7179;0.275;3.9784;2.3988;1213.8
ENV2;S6;D;6;51.585;52;;13.0318;35.6583;0.7303;0.2671;3.7668;2.398;1219.9
ENV2;S6;D;6;52.577;53;;13.0306;35.6585;0.7256;0.2884;3.5299;2.3979;1221.1
ENV2;S6;D;6;53.569;54;;13.0258;35.6585;0.69;0.254;3.3775;2.3976;1208.2
ENV2;S6;D;6;54.561;55;;13.0166;35.6588;0.6555;0.2701;3.1922;2.3954;1227.2
ENV2;S6;D;6;55.553;56;;13.0129;35.6586;0.618;0.26;2.9968;2.394;1221.9
ENV2;S6;D;6;56.544;57;;13.0125;35.6586;0.5704;0.2599;2.8032;2.3928;1216.5
ENV2;S6;D;6;57.536;58;;13.0094;35.6579;0.5453;0.2392;2.6565;2.3913;1227.4
ENV2;S6;D;6;58.528;59;;13.0018;35.6587;0.5141;0.2751;2.4902;2.3911;1231.1
ENV2;S6;D;6;59.52;60;;13.006;35.6637;0.429;0.2639;2.3449;2.3895;1225.3
ENV2;S6;D;6;60.512;61;;13.0057;35.6651;0.3662;0.2451;2.2384;2.3866;1225.4
ENV2;S6;D;6;61.504;62;;13.0132;35.6688;0.3735;0.2482;2.1344;2.3843;1227.9
ENV2;S6;D;6;62.495;63;;13.0118;35.6688;0.3864;0.2441;2.0074;2.3833;1234.2
ENV2;S6;D;6;63.487;64;;13.0119;35.6695;0.3706;0.2451;1.8599;2.3834;1232.8
ENV2;S6;D;6;64.479;65;;13.0114;35.6696;0.369;0.2532;1.7666;2.3829;1228.2
ENV2;S6;D;6;65.471;66;;13.0097;35.6694;0.3582;0.2351;1.6844;2.382;1231.1
ENV2;S6;D;6;66.463;67;;13.0076;35.669;0.3794;0.2528;1.6194;2.3817;1236.1
ENV2;S6;D;6;67.455;68;;13.0052;35.669;0.3874;0.2451;1.5571;2.3817;1233.1
ENV2;S6;D;6;68.446;69;;13.004;35.669;0.3649;0.2611;1.4672;2.3811;1234.1
ENV2;S6;D;6;69.438;70;;13.0029;35.6692;0.36;0.2548;1.3734;2.3804;1248.6
ENV2;S6;D;6;70.43;71;;12.9951;35.6692;0.3095;0.2447;1.2862;2.3796;1251.8
ENV2;S6;D;6;71.422;72;;12.988;35.6691;0.3144;0.244;1.1862;2.3783;1243.5
ENV2;S6;D;6;72.414;73;;12.9889;35.6692;0.291;0.2404;1.1272;2.3762;1247.3
ENV2;S6;D;6;73.405;74;;12.9902;35.6695;0.2968;0.2382;1.0754;2.3742;1247.1
ENV2;S6;D;6;74.397;75;;12.9813;35.6691;0.2897;0.25;1.024;2.3735;1243.8
ENV2;S6;D;6;75.389;76;;12.9676;35.6681;0.2644;0.2377;0.96897;2.3724;1239.2
ENV2;S6;D;6;76.381;77;;12.9596;35.6675;0.2682;0.2352;0.91254;2.3704;1248.2
ENV2;S6;D;6;77.373;78;;12.9508;35.6664;0.2326;0.2427;0.85375;2.3685;1257.3
ENV2;S6;D;6;78.364;79;;12.9454;35.6658;0.2154;0.2391;0.79667;2.3646;1255.9
ENV2;S6;D;6;79.356;80;;12.9419;35.6654;0.2224;0.2455;0.74662;2.3611;1255.6
ENV2;S6;D;6;80.348;81;;12.9371;35.6649;0.2089;0.2392;0.70286;2.359;1258.5
ENV2;S6;D;6;81.34;82;;12.9341;35.6645;0.1943;0.235;0.65778;2.3568;1255.7
ENV2;S6;D;6;82.331;83;;12.9315;35.664;0.1999;0.2409;0.61957;2.3553;1256.4
ENV2;S6;D;6;83.323;84;;12.9294;35.6637;0.2037;0.2411;0.58605;2.3536;1249.3
ENV2;S6;D;6;84.315;85;;12.9281;35.6634;0.1805;0.2306;0.55132;2.3517;1245.9
ENV2;S6;D;6;85.307;86;;12.9242;35.6626;0.1972;0.2331;0.52217;2.3506;1247.8
ENV2;S6;D;6;86.298;87;;12.9089;35.6603;0.178;0.247;0.49408;2.3499;1249.5
ENV2;S6;D;6;87.29;88;;12.9058;35.6603;0.1642;0.2319;0.46925;2.3484;1250.7
ENV2;S6;D;6;88.282;89;;12.8947;35.6615;0.1363;0.2506;0.43891;2.3455;1250.5
ENV2;S6;D;6;89.274;90;;12.8946;35.6633;0.1103;0.228;0.40653;2.3417;1251.8
ENV2;S6;D;6;90.265;91;;12.8952;35.6632;0.1226;0.2365;0.3806;2.339;1256
ENV2;S6;D;6;91.257;92;;12.8944;35.6631;0.1163;0.229;0.35579;2.3373;1254
ENV2;S6;D;6;92.249;93;;12.8933;35.6627;0.14;0.2358;0.34425;2.3363;1250.7
ENV2;S6;D;6;93.24;94;;12.8924;35.6622;0.1262;0.2326;0.32812;2.3359;1248.4
ENV2;S6;D;6;94.232;95;;12.8915;35.6621;0.102;0.2305;0.31003;2.335;1247.6
ENV2;S6;D;6;95.224;96;;12.894;35.6629;0.1045;0.2274;0.29192;2.3331;1250.1
ENV2;S6;D;6;96.215;97;;12.8944;35.6627;0.128;0.2274;0.274;2.3328;1251.7
ENV2;S6;D;6;97.207;98;;12.893;35.6631;0.1277;0.2385;0.25687;2.3323;1251.2
ENV2;S6;D;6;98.199;99;;12.8919;35.6635;0.1364;0.2287;0.24196;2.3324;1251
ENV2;S6;D;6;99.19;100;;12.8902;35.6637;0.1129;0.2251;0.22433;2.3323;1251.7
ENV2;S6;D;6;100.182;101;;12.885;35.6643;0.1031;0.2255;0.21206;2.3317;1253.1
ENV2;S6;D;6;101.174;102;;12.8833;35.6646;0.106;0.2218;0.19984;2.3307;1251.6
ENV2;S6;D;6;102.165;103;;12.8823;35.6645;0.0958;0.2304;0.18999;2.3291;1248.5
ENV2;S6;D;6;103.157;104;;12.8805;35.6646;0.1002;0.2257;0.17894;2.3275;1251.3
ENV2;S6;D;6;104.149;105;;12.8785;35.6648;0.1032;0.2334;0.16833;2.3268;1255
ENV2;S6;D;6;105.14;106;;12.8732;35.6655;0.1029;0.2228;0.15405;2.3261;1251.1
ENV2;S6;D;6;106.132;107;;12.8707;35.6655;0.0933;0.2201;0.14407;2.3258;1251.6
ENV2;S6;D;6;107.123;108;;12.8574;35.6654;0.0964;0.2311;0.13456;2.3233;1254.1
ENV2;S6;D;6;108.115;109;;12.8417;35.6638;0.0885;0.2365;0.12548;2.3222;1253.7
ENV2;S6;D;6;109.107;110;;12.827;35.6662;0.0521;0.2491;0.11899;2.3194;1255.5
ENV2;S6;D;6;110.098;111;;12.8213;35.6667;0.0513;0.2275;0.11035;2.314;1255
ENV2;S6;D;6;111.09;112;;12.8216;35.6667;0.0417;0.2224;0.10305;2.3074;1251.4
ENV2;S6;D;6;112.082;113;;12.8225;35.6671;0.033;0.2264;0.09634;2.3031;1251.4
ENV2;S6;D;6;113.073;114;;12.8232;35.6674;0.0275;0.2274;0.087765;2.3011;1257.2
ENV2;S6;D;6;114.065;115;;12.8211;35.6673;0.0249;0.2197;0.08322;2.3005;1257.5
ENV2;S6;D;6;115.056;116;;12.8205;35.6674;0.0177;0.2151;0.078542;2.2994;1252.3
ENV2;S6;D;6;116.048;117;;12.8158;35.667;0.0265;0.2052;0.074308;2.2981;1252.3
ENV2;S6;D;6;117.039;118;;12.8121;35.6665;0.0042;0.2321;0.068745;2.2966;1256.3
ENV2;S6;D;6;118.031;119;;12.8094;35.6665;-0.0032;0.2251;0.064338;2.2943;1256.2
ENV2;S6;D;6;119.023;120;;12.8067;35.6667;0.0039;0.2274;0.05691;2.2911;1255.9
ENV2;S6;D;6;120.014;121;;12.8063;35.6678;0.0008;0.2195;0.051495;2.2889;1256.9
ENV2;S6;D;6;121.006;122;;12.8009;35.6675;-0.0022;0.2175;0.046937;2.2863;1255.8
ENV2;S6;D;6;121.997;123;;12.7939;35.6666;-0.0008;0.2164;0.043185;2.2849;1258.1
ENV2;S6;D;6;122.989;124;;12.7902;35.666;0.0008;0.2228;0.038107;2.2835;1259.9
ENV2;S6;D;6;123.98;125;;12.7829;35.6648;0.0143;0.2459;0.035965;2.2822;1261.4
ENV2;S6;D;6;124.972;126;;12.7629;35.6667;-0.0172;0.2294;0.033623;2.2794;1257.3
ENV2;S6;D;6;125.964;127;;12.7526;35.6704;-0.0313;0.2159;0.027355;2.273;1257.5
ENV2;S6;D;6;126.955;128;;12.7569;35.6733;-0.023;0.2141;0.024186;2.2694;1262.6
ENV2;S6;D;6;127.946;129;;12.7466;35.6721;-0.0267;0.2152;0.022359;2.2672;1262.2
ENV2;S6;D;6;128.938;130;;12.734;35.6706;-0.0209;0.2249;0.019713;2.2659;1260.2
ENV2;S6;D;6;129.93;131;;12.7265;35.6704;-0.0256;0.2201;0.013347;2.2634;1259.2
ENV2;S6;D;6;130.921;132;;12.7219;35.6729;-0.0305;0.237;0.008834;2.2589;1259.9
ENV2;S6;D;6;131.913;133;;12.7106;35.6734;-0.0416;0.2314;0.0067982;2.2536;1260.5
ENV2;S6;D;6;132.904;134;;12.7082;35.673;-0.042;0.2256;0.0041998;2.2515;1264.9
ENV2;S6;D;6;133.895;135;;12.7066;35.6727;-0.0291;0.2276;0.0019814;2.2487;1262.6
ENV2;S6;D;6;134.887;136;;12.7037;35.6724;-0.0242;0.2345;0.00020906;2.247;1258.6
ENV2;S6;D;6;135.879;137;;12.6909;35.671;-0.0396;0.2243;1.87E-06;2.2455;1257.9
ENV2;S6;D;6;136.87;138;;12.6677;35.6694;-0.0025;0.2335;0.000092885;2.2432;1260.5
ENV2;S6;D;6;137.862;139;;12.6559;35.6688;-0.0383;0.2401;-0.000006833;2.2366;1262.1
ENV2;S6;D;6;138.853;140;;12.6438;35.6675;-0.0268;0.2458;1.00E-12;2.2317;1260.7
ENV2;S6;D;6;139.844;141;;12.6246;35.6656;-0.0459;0.2548;1.00E-12;2.2258;1262.3
ENV2;S6;D;6;140.836;142;;12.6091;35.6653;-0.025;0.2806;1.00E-12;2.2192;1262.6
ENV2;S6;D;6;141.827;143;;12.6056;35.6648;-0.0211;0.2641;1.00E-12;2.2139;1262.9
ENV2;S6;D;6;142.819;144;;12.5997;35.6642;-0.0239;0.2671;1.00E-12;2.2087;1260.3
ENV2;S6;D;6;143.81;145;;12.5899;35.6636;-0.0427;0.2758;1.00E-12;2.2044;1261.1
ENV2;S6;D;6;144.802;146;;12.5847;35.6631;-0.0404;0.2814;1.00E-12;2.1998;1260.8
ENV2;S6;D;6;145.793;147;;12.5725;35.6621;-0.0297;0.2801;1.00E-12;2.1943;1258.2
ENV2;S6;D;6;146.784;148;;12.564;35.6616;-0.0294;0.2944;1.00E-12;2.1898;1258.1
ENV2;S6;D;6;147.776;149;;12.5622;35.6612;-0.0179;0.2906;1.00E-12;2.186;1262.4
ENV2;S6;D;6;148.767;150;;12.5533;35.6611;-0.0269;0.3074;1.00E-12;2.1821;1264
ENV2;S6;D;6;149.759;151;;12.5497;35.6611;-0.0129;0.3099;1.00E-12;2.1788;1263.2
ENV2;S6;D;6;150.75;152;;12.5454;35.6609;-0.0098;0.3299;1.00E-12;2.1751;1261.3
ENV2;S6;D;6;151.742;153;;12.5235;35.6611;-0.0228;0.3319;1.00E-12;2.1718;1262.3
ENV2;S6;D;6;152.733;154;;12.4968;35.662;0.0146;0.3322;1.00E-12;2.169;1263.5
ENV2;S6;D;6;153.724;155;;12.4777;35.6625;0.001;0.3371;1.00E-12;2.1636;1263.7
ENV2;S6;D;6;154.716;156;;12.4632;35.6628;-0.0106;0.3373;1.00E-12;2.1547;1262
ENV2;S6;D;6;155.707;157;;12.4526;35.6632;0.0016;0.3494;1.00E-12;2.1472;1261
ENV2;S6;D;6;156.699;158;;12.4393;35.6633;-0.0151;0.3429;1.00E-12;2.1424;1263.5
ENV2;S6;D;6;157.69;159;;12.4178;35.6638;-0.026;0.3425;1.00E-12;2.1382;1263.7
ENV2;S6;D;6;158.681;160;;12.4086;35.6639;-0.04;0.335;1.00E-12;2.1329;1264.5
ENV2;S6;D;6;159.673;161;;12.4049;35.6637;-0.0288;0.3275;1.00E-12;2.128;1264.3
ENV2;S6;D;6;160.664;162;;12.3999;35.6639;-0.0436;0.3375;1.00E-12;2.125;1266.3
ENV2;S6;D;6;161.656;163;;12.3959;35.6638;-0.0256;0.3482;1.00E-12;2.1228;1269.3
ENV2;S6;D;6;162.647;164;;12.3927;35.6636;-0.0241;0.3403;1.00E-12;2.1201;1268
ENV2;S6;D;6;163.638;165;;12.3882;35.6637;-0.031;0.3406;1.00E-12;2.118;1266.2
ENV2;S6;D;6;164.63;166;;12.3821;35.6638;-0.0432;0.3379;1.00E-12;2.1161;1266.7
ENV2;S6;D;6;165.621;167;;12.3758;35.6638;-0.0511;0.3281;1.00E-12;2.1139;1266.4
ENV2;S6;D;6;166.612;168;;12.3666;35.664;-0.0466;0.3362;1.00E-12;2.1125;1266.4
ENV2;S6;D;6;167.604;169;;12.3456;35.6646;-0.0387;0.3445;1.00E-12;2.1113;1265.6
ENV2;S6;D;6;168.595;170;;12.328;35.6648;-0.0522;0.3345;1.00E-12;2.1091;1267.5
ENV2;S6;D;6;169.586;171;;12.3188;35.6649;-0.0555;0.325;1.00E-12;2.1055;1264.8
ENV2;S6;D;6;170.577;172;;12.3138;35.6647;-0.0523;0.3838;1.00E-12;2.1026;1264.1
ENV2;S6;D;6;171.569;173;;12.309;35.6647;-0.061;0.3828;1.00E-12;2.1003;1262.2
ENV2;S6;D;6;172.56;174;;12.3063;35.6646;-0.0575;0.3312;1.00E-12;2.0981;1263.1
ENV2;S6;D;6;173.552;175;;12.3032;35.6646;-0.053;0.3336;1.00E-12;2.0973;1263
ENV2;S6;D;6;174.543;176;;12.2938;35.6646;-0.0541;0.3293;1.00E-12;2.0962;1263.1
ENV2;S6;D;6;175.534;177;;12.2844;35.6645;-0.0469;0.3295;1.00E-12;2.0947;1262.8
ENV2;S6;D;6;176.526;178;;12.2815;35.6643;-0.0472;0.3357;1.00E-12;2.0928;1261.8
ENV2;S6;D;6;177.517;179;;12.2807;35.6643;-0.0603;0.3307;1.00E-12;2.0919;1260.4
ENV2;S6;D;6;178.508;180;;12.2812;35.6642;-0.0447;0.3412;1.00E-12;2.0909;1261.1
ENV2;S6;D;6;179.499;181;;12.2804;35.6641;-0.0468;0.3461;1.00E-12;2.09;1262.1
ENV2;S6;D;6;180.491;182;;12.2804;35.6639;-0.0581;0.3237;1.00E-12;2.0886;1261.2
ENV2;S6;D;6;181.482;183;;12.2773;35.6641;-0.056;0.3288;1.00E-12;2.088;1259.7
ENV2;S6;D;6;182.473;184;;12.2727;35.6642;-0.0476;0.3322;1.00E-12;2.0879;1259.4
ENV2;S6;D;6;183.464;185;;12.2718;35.6639;-0.0396;0.3329;1.00E-12;2.0875;1259.4
ENV2;S6;D;6;184.456;186;;12.268;35.6639;-0.0548;0.3511;1.00E-12;2.0868;1258.2
ENV2;S6;D;6;185.447;187;;12.2614;35.6641;-0.0574;0.3325;1.00E-12;2.0865;1260.3
ENV2;S6;D;6;186.438;188;;12.2607;35.6639;-0.0474;0.3326;1.00E-12;2.0859;1260.5
ENV2;S6;D;6;187.43;189;;12.2588;35.6637;-0.0532;0.3203;1.00E-12;2.0846;1259.1
ENV2;S6;D;6;188.42;190;;12.2568;35.664;-0.0511;0.317;1.00E-12;2.0832;1257
ENV2;S6;D;6;189.412;191;;12.2549;35.6639;-0.0613;0.3462;1.00E-12;2.0828;1256.8
ENV2;S6;D;6;190.403;192;;12.2546;35.6639;-0.0615;0.3277;1.00E-12;2.0824;1257.4
ENV2;S6;D;6;191.394;193;;12.2546;35.6639;-0.0608;0.3304;1.00E-12;2.0819;1257.2
ENV2;S6;D;6;192.386;194;;12.2546;35.6639;-0.0631;0.3223;1.00E-12;2.0812;1257.1
ENV2;S6;D;6;193.377;195;;12.2534;35.6639;-0.0602;0.3134;1.00E-12;2.0801;1255.9
ENV2;S6;D;6;194.368;196;;12.2487;35.664;-0.0614;0.3173;1.00E-12;2.0794;1255.8
ENV2;S6;D;6;195.359;197;;12.2469;35.6639;-0.0594;0.3298;1.00E-12;2.0794;1256.8
ENV2;S6;D;6;196.35;198;;12.2427;35.664;-0.0619;0.3316;1.00E-12;2.0792;1257.2
ENV2;S6;D;6;197.341;199;;12.2416;35.6638;-0.0645;0.3192;1.00E-12;2.0781;1256.5
ENV2;S6;D;6;198.333;200;;12.2405;35.6638;-0.0536;0.3199;1.00E-12;2.0779;1254.4
ENV2;S6;D;6;199.324;201;;12.2377;35.6637;-0.0471;0.35;1.00E-12;2.0776;1253.9
ENV2;S6;D;6;200.315;202;;12.2333;35.664;-0.0603;0.3296;1.00E-12;2.077;1254.6
ENV2;S6;D;6;201.306;203;;12.2333;35.6638;-0.0611;0.3264;1.00E-12;2.0766;1256.3
ENV2;S6;D;6;202.297;204;;12.2259;35.6636;-0.0519;0.3172;1.00E-12;2.0773;1256.2
ENV2;S6;D;6;203.289;205;;12.2145;35.6634;-0.062;0.3125;1.00E-12;2.078;1254.8
ENV2;S6;D;6;204.28;206;;12.2118;35.6633;-0.0691;0.3174;1.00E-12;2.0783;1254.5
ENV2;S6;D;6;205.271;207;;12.2052;35.6629;-0.0764;0.3114;1.00E-12;2.0794;1256.1
ENV2;S6;D;6;206.262;208;;12.2008;35.6627;-0.0616;0.31;1.00E-12;2.0798;1255.6
ENV2;S6;D;6;207.253;209;;12.1988;35.6627;-0.0614;0.3216;1.00E-12;2.0794;1255.6
ENV2;S6;D;6;208.245;210;;12.1983;35.6627;-0.0677;0.3078;1.00E-12;2.0794;1255
ENV2;S6;D;6;209.236;211;;12.1916;35.6623;-0.0508;0.3013;1.00E-12;2.0796;1253.7
ENV2;S6;D;6;210.227;212;;12.1847;35.6621;-0.0604;0.3014;1.00E-12;2.0796;1255.3
ENV2;S6;D;6;211.218;213;;12.1812;35.6619;-0.0598;0.3005;1.00E-12;2.0789;1255.8
ENV2;S6;D;6;212.209;214;;12.1712;35.6612;-0.0693;0.3025;1.00E-12;2.0783;1255
ENV2;S6;D;6;213.2;215;;12.1525;35.66;-0.071;0.2955;1.00E-12;2.0767;1255.2
ENV2;S6;D;6;214.191;216;;12.1463;35.6599;-0.0618;0.2852;1.00E-12;2.0774;1259.8
ENV2;S6;D;6;215.182;217;;12.1418;35.6591;-0.0598;0.3208;1.00E-12;2.0792;1256.9
ENV2;S6;D;6;216.173;218;;12.1166;35.6578;-0.061;0.2887;1.00E-12;2.0809;1254.1
ENV2;S6;D;6;217.164;219;;12.1117;35.6576;-0.066;0.2803;1.00E-12;2.0825;1253.5
ENV2;S6;D;6;218.155;220;;12.1105;35.6574;-0.0623;0.2624;1.00E-12;2.0838;1254.4
ENV2;S6;D;6;219.146;221;;12.1081;35.657;-0.066;0.267;1.00E-12;2.0837;1263.4
ENV2;S6;D;6;220.138;222;;12.0972;35.6561;-0.0666;0.2832;1.00E-12;2.0833;1265
ENV2;S6;D;6;221.129;223;;12.0795;35.6555;-0.0748;0.2769;1.00E-12;2.0832;1255.4
ENV2;S6;D;6;222.12;224;;12.0742;35.6549;-0.0547;0.2693;1.00E-12;2.083;1254.1
ENV2;S6;D;6;223.111;225;;12.0694;35.6548;-0.063;0.2987;1.00E-12;2.0829;1254.3
ENV2;S6;D;6;224.102;226;;12.0631;35.6539;-0.0706;0.2644;1.00E-12;2.0829;1253.8
ENV2;S6;D;6;225.093;227;;12.058;35.6533;-0.0802;0.2749;1.00E-12;2.0824;1253.1
ENV2;S6;D;6;226.084;228;;12.0573;35.6531;-0.0646;0.2806;1.00E-12;2.0824;1257.1
ENV2;S6;D;6;227.075;229;;12.0567;35.6529;-0.0754;0.3055;1.00E-12;2.0832;1271
ENV2;S6;D;6;228.066;230;;12.0565;35.6528;-0.0802;0.2816;1.00E-12;2.0839;1261
ENV2;S6;D;6;229.057;231;;12.0557;35.6527;-0.0724;0.2698;1.00E-12;2.0838;1254.1
ENV2;S6;D;6;230.048;232;;12.0552;35.6526;-0.0631;0.2603;1.00E-12;2.0833;1252.3
ENV2;S6;D;6;231.039;233;;12.0555;35.6526;-0.0639;0.2835;1.00E-12;2.0833;1257.1
ENV2;S6;D;6;232.03;234;;12.055;35.6526;-0.0796;0.2789;1.00E-12;2.0826;1258.4
ENV2;S6;D;6;233.021;235;;12.0542;35.6523;-0.0613;0.2761;1.00E-12;2.0818;1256.5
ENV2;S6;D;6;234.012;236;;12.0528;35.652;-0.0698;0.2571;1.00E-12;2.0832;1251
ENV2;S6;D;6;235.003;237;;12.0496;35.6517;-0.0803;0.2719;1.00E-12;2.0835;1249.7
ENV2;S6;D;6;235.994;238;;12.0442;35.6512;-0.0666;0.302;1.00E-12;2.0832;1252.3
ENV2;S6;D;6;236.985;239;;12.0299;35.6504;-0.0617;0.2889;1.00E-12;2.0829;1255.4
ENV2;S6;D;6;237.976;240;;12.0196;35.6495;-0.0669;0.2556;1.00E-12;2.0825;1254.9
ENV2;S6;D;6;238.967;241;;12.0062;35.6484;-0.0772;0.2418;1.00E-12;2.0825;1251.4
ENV2;S6;D;6;239.958;242;;12.0008;35.6477;-0.066;0.3345;1.00E-12;2.0838;1250.1
ENV2;S6;D;6;240.949;243;;11.9956;35.6472;-0.0815;0.2639;1.00E-12;2.0847;1248.9
ENV2;S6;D;6;241.94;244;;11.9904;35.6469;-0.0833;0.2469;1.00E-12;2.0852;1249.3
ENV2;S6;D;6;242.931;245;;11.9877;35.6466;-0.0628;0.2574;1.00E-12;2.0852;1250.2
ENV2;S6;D;6;243.922;246;;11.9856;35.6463;-0.077;0.234;1.00E-12;2.0857;1249.3
ENV2;S6;D;6;244.913;247;;11.9846;35.646;-0.08;0.2312;1.00E-12;2.0856;1248.7
ENV2;S6;D;6;245.904;248;;11.9777;35.6455;-0.0643;0.2238;1.00E-12;2.0863;1249
ENV2;S6;D;6;246.895;249;;11.9744;35.6453;-0.0675;0.2563;1.00E-12;2.0864;1252.4
ENV2;S6;D;6;247.886;250;;11.9734;35.645;-0.0711;0.2594;1.00E-12;2.0859;1249
ENV2;S6;D;6;248.877;251;;11.9725;35.645;-0.0756;0.2503;1.00E-12;2.0858;1247.6
ENV2;S6;D;6;249.868;252;;11.9683;35.6445;-0.0824;0.2555;1.00E-12;2.086;1248.3
ENV2;S6;D;6;250.859;253;;11.9555;35.6434;-0.0704;0.232;1.00E-12;2.0857;1247.3
ENV2;S6;D;6;251.85;254;;11.9458;35.6423;-0.0727;0.2317;1.00E-12;2.086;1246.9
ENV2;S6;D;6;252.84;255;;11.9484;35.6419;-0.0824;0.2161;1.00E-12;2.0893;1253
ENV2;S6;D;7;2.976;3;;14.2547;35.3774;0.8403;4.2497;1140.9;1.8707;1899.5
ENV2;S6;D;7;3.969;4;;14.0283;35.4807;1.0269;-0.3862;915.37;2.4848;1877.1
ENV2;S6;D;7;4.961;5;;13.934;35.4387;0.9851;0.8171;804.39;2.6164;1876.1
ENV2;S6;D;7;5.953;6;;13.9732;35.4292;1.2903;0.7538;674.42;2.6209;1878.5
ENV2;S6;D;7;6.945;7;;13.9956;35.4299;1.3903;0.6534;570.54;2.628;1876.6
ENV2;S6;D;7;7.937;8;;13.9707;35.4298;1.3533;0.6981;485.45;2.6273;1875.5
ENV2;S6;D;7;8.929;9;;13.9546;35.4308;1.4602;0.6904;423.37;2.6261;1878.9
ENV2;S6;D;7;9.921;10;;13.843;35.4496;2.2463;0.6669;365.24;2.6258;1875.7
ENV2;S6;D;7;10.913;11;;13.8152;35.4465;2.4936;0.671;294.51;2.6207;1878
ENV2;S6;D;7;11.905;12;;13.8366;35.4364;2.1649;0.6452;255.09;2.6179;1873.6
ENV2;S6;D;7;12.897;13;;13.7785;35.4535;2.5918;0.6809;222.95;2.6188;1870.8
ENV2;S6;D;7;13.89;14;;13.7317;35.462;3.3131;0.6562;184.49;2.6179;1876.7
ENV2;S6;D;7;14.882;15;;13.5698;35.4745;4.3178;0.6439;147.83;2.6062;1879.4
ENV2;S6;D;7;15.874;16;;13.7623;35.4542;5.461;0.6209;129.67;2.5858;1871.4
ENV2;S6;D;7;16.866;17;;13.7498;35.4571;5.3235;0.6197;106.46;2.5891;1873.6
ENV2;S6;D;7;17.858;18;;13.7262;35.4676;5.3087;0.6177;87.757;2.5926;1878.1
ENV2;S6;D;7;18.85;19;;13.7085;35.4732;5.1075;0.6053;77.599;2.5937;1874.6
ENV2;S6;D;7;19.842;20;;13.4578;35.5096;4.9353;0.5909;66.638;2.5891;1874.3
ENV2;S6;D;7;20.834;21;;13.3416;35.5296;4.1777;0.5187;55.395;2.5595;1873.3
ENV2;S6;D;7;21.826;22;;13.3299;35.5354;3.7953;0.5123;47.312;2.5238;1870.2
ENV2;S6;D;7;22.818;23;;13.3207;35.5391;3.6252;0.4972;39.369;2.5069;1878.7
ENV2;S6;D;7;23.81;24;;13.308;35.5427;3.4729;0.4602;36.376;2.4925;1873.1
ENV2;S6;D;7;24.802;25;;13.2932;35.5457;3.3681;0.4586;33.901;2.4878;1869.7
ENV2;S6;D;7;25.794;26;;13.2546;35.5553;3.1918;0.4646;29.241;2.4834;1875.1
ENV2;S6;D;7;26.786;27;;13.2211;35.5627;2.7403;0.4164;23.947;2.4708;1876.5
ENV2;S6;D;7;27.778;28;;13.1923;35.566;2.4427;0.3911;20.692;2.4548;1875.6
ENV2;S6;D;7;28.77;29;;13.1546;35.5676;2.2889;0.3874;19.437;2.4453;1877.2
ENV2;S6;D;7;29.762;30;;13.1376;35.5681;2.0513;0.3777;18.707;2.4391;1872
ENV2;S6;D;7;30.754;31;;13.0981;35.573;1.9062;0.3671;17.043;2.4334;1866.9
ENV2;S6;D;7;31.746;32;;13.0531;35.5901;1.6147;0.3793;14.759;2.4265;1869.8
ENV2;S6;D;7;32.738;33;;13.0904;35.61;1.4582;0.3613;12.401;2.4127;1878.7
ENV2;S6;D;7;33.73;34;;13.0981;35.6256;1.3315;0.3136;11.734;2.4035;1873.1
ENV2;S6;D;7;34.722;35;;13.0933;35.6272;1.2467;0.3111;11.199;2.4031;1869.3
ENV2;S6;D;7;35.714;36;;13.0916;35.6289;1.194;0.3175;10.3;2.4026;1869.3
ENV2;S6;D;7;36.706;37;;13.0926;35.6306;1.1361;0.3153;9.2574;2.4017;1874
ENV2;S6;D;7;37.698;38;;13.0984;35.6354;1.1307;0.3152;8.3604;2.4014;1877.5
ENV2;S6;D;7;38.69;39;;13.116;35.6466;1.1025;0.2996;7.5534;2.4015;1876.3
ENV2;S6;D;7;39.682;40;;13.1375;35.6593;1.1447;0.3169;6.9808;2.4031;1875.3
ENV2;S6;D;7;40.674;41;;13.1453;35.6646;1.2338;0.318;6.6417;2.406;1875.5
ENV2;S6;D;7;41.666;42;;13.1433;35.6701;1.2982;0.3171;6.2688;2.4094;1874.4
ENV2;S6;D;7;42.658;43;;13.1435;35.6732;1.3137;0.3406;5.7983;2.4119;1873.1
ENV2;S6;D;7;43.65;44;;13.1462;35.6755;1.3457;0.3107;5.234;2.4134;1875.9
ENV2;S6;D;7;44.642;45;;13.1469;35.6785;1.3137;0.3091;4.5878;2.4148;1880.5
ENV2;S6;D;7;45.634;46;;13.1456;35.679;1.2254;0.3027;4.2605;2.4161;1877.7
ENV2;S6;D;7;46.625;47;;13.1332;35.6766;1.2242;0.3112;4.1231;2.4165;1875.3
ENV2;S6;D;7;47.617;48;;13.0964;35.6713;1.1422;0.3018;3.8843;2.416;1875
ENV2;S6;D;7;48.609;49;;13.062;35.6701;0.9134;0.2776;3.5916;2.4141;1875.3
ENV2;S6;D;7;49.601;50;;13.0546;35.6706;0.5933;0.2586;3.2744;2.4077;1878.3
ENV2;S6;D;7;50.593;51;;13.0515;35.6701;0.4917;0.2477;3.001;2.396;1879.4
ENV2;S6;D;7;51.585;52;;13.0365;35.6689;0.4408;0.2475;2.8121;2.3908;1877.3
ENV2;S6;D;7;52.577;53;;13.0237;35.6696;0.36;0.2441;2.6408;2.3872;1878.1
ENV2;S6;D;7;53.569;54;;13.0167;35.6702;0.2931;0.2432;2.4576;2.3826;1879.3
ENV2;S6;D;7;54.561;55;;13.0149;35.6703;0.2679;0.2449;2.3185;2.3778;1879.3
ENV2;S6;D;7;55.552;56;;13.0126;35.6704;0.2658;0.2295;2.2107;2.3748;1878.6
ENV2;S6;D;7;56.544;57;;13.0087;35.6706;0.2481;0.2467;2.1145;2.3726;1877.1
ENV2;S6;D;7;57.536;58;;13.0037;35.6706;0.2375;0.2449;2.0172;2.3709;1878.2
ENV2;S6;D;7;58.528;59;;13.0004;35.6708;0.2371;0.2477;1.8878;2.37;1881
ENV2;S6;D;7;59.52;60;;12.9956;35.6711;0.2331;0.2336;1.7339;2.369;1882.1
ENV2;S6;D;7;60.512;61;;12.9907;35.6713;0.2022;0.2249;1.598;2.3666;1883.1
ENV2;S6;D;7;61.504;62;;12.9824;35.6715;0.1933;0.2356;1.5133;2.3647;1881.1
ENV2;S6;D;7;62.496;63;;12.9796;35.6715;0.1727;0.2304;1.4575;2.3637;1878.9
ENV2;S6;D;7;63.487;64;;12.9769;35.6713;0.1871;0.2222;1.401;2.363;1879.2
ENV2;S6;D;7;64.479;65;;12.9743;35.671;0.1934;0.2258;1.3382;2.3628;1881
ENV2;S6;D;7;65.471;66;;12.9656;35.6701;0.1705;0.2364;1.2627;2.3618;1882.3
ENV2;S6;D;7;66.463;67;;12.9608;35.6698;0.1667;0.2323;1.1656;2.3603;1883.4
ENV2;S6;D;7;67.455;68;;12.9532;35.6696;0.1451;0.2319;1.0715;2.3584;1885.4
ENV2;S6;D;7;68.447;69;;12.9464;35.6698;0.1272;0.2182;1.0089;2.3564;1885.3
ENV2;S6;D;7;69.438;70;;12.9436;35.6705;0.1241;0.2394;0.96794;2.3547;1881.1
ENV2;S6;D;7;70.43;71;;12.943;35.6707;0.1293;0.2234;0.93307;2.3531;1878.8
ENV2;S6;D;7;71.422;72;;12.9419;35.6709;0.1167;0.2121;0.89534;2.3522;1879.4
ENV2;S6;D;7;72.414;73;;12.9392;35.6712;0.1246;0.2248;0.84457;2.3509;1883.3
ENV2;S6;D;7;73.405;74;;12.9352;35.6713;0.1196;0.231;0.78984;2.3502;1887.5
ENV2;S6;D;7;74.397;75;;12.9251;35.6715;0.1013;0.2259;0.73224;2.349;1889.1
ENV2;S6;D;7;75.389;76;;12.9044;35.6727;0.0813;0.2234;0.68144;2.3464;1884.2
ENV2;S6;D;7;76.381;77;;12.8966;35.672;0.0711;0.2191;0.65527;2.3438;1880.3
ENV2;S6;D;7;77.373;78;;12.8881;35.6717;0.0367;0.2169;0.62574;2.3425;1880.8
ENV2;S6;D;7;78.364;79;;12.8777;35.672;0.0558;0.2126;0.60161;2.3403;1883.8
ENV2;S6;D;7;79.356;80;;12.8743;35.6722;0.0266;0.2232;0.56896;2.3377;1888
ENV2;S6;D;7;80.348;81;;12.8678;35.6731;0.0145;0.2119;0.53239;2.3345;1889.2
ENV2;S6;D;7;81.34;82;;12.8662;35.6735;0.0144;0.2205;0.49835;2.3301;1887.5
ENV2;S6;D;7;82.331;83;;12.8658;35.6737;0.0143;0.2218;0.467;2.3265;1888.5
ENV2;S6;D;7;83.323;84;;12.8633;35.6737;0.0177;0.2296;0.44395;2.3243;1890.9
ENV2;S6;D;7;84.315;85;;12.843;35.6737;0.0177;0.2172;0.42713;2.3222;1888.3
ENV2;S6;D;7;85.307;86;;12.8243;35.6742;0.0037;0.2027;0.41213;2.3191;1883.6
ENV2;S6;D;7;86.298;87;;12.8194;35.6746;-0.0081;0.2266;0.38937;2.3158;1887.1
ENV2;S6;D;7;87.29;88;;12.8146;35.6745;-0.0038;0.2226;0.36422;2.3128;1892.2
ENV2;S6;D;7;88.282;89;;12.8138;35.6743;-0.0036;0.2331;0.34072;2.3084;1895.6
ENV2;S6;D;7;89.273;90;;12.8107;35.6741;-0.0019;0.2232;0.31623;2.3034;1893.1
ENV2;S6;D;7;90.265;91;;12.8065;35.6744;-0.0136;0.2254;0.30119;2.3015;1890.5
ENV2;S6;D;7;91.257;92;;12.8048;35.6744;-0.0021;0.2161;0.28953;2.3;1889.6
ENV2;S6;D;7;92.249;93;;12.8005;35.6745;-0.0203;0.212;0.27772;2.2983;1892.5
ENV2;S6;D;7;93.24;94;;12.7982;35.6745;-0.0419;0.215;0.265;2.2957;1895.5
ENV2;S6;D;7;94.232;95;;12.7943;35.6746;-0.015;0.2131;0.25274;2.2932;1896.7
ENV2;S6;D;7;95.224;96;;12.7934;35.6744;-0.0099;0.2159;0.23009;2.291;1895.9
ENV2;S6;D;7;96.215;97;;12.7932;35.6744;-0.0197;0.2167;0.21428;2.2895;1898.9
ENV2;S6;D;7;97.207;98;;12.7919;35.6743;-0.0161;0.2155;0.20085;2.2877;1898.2
ENV2;S6;D;7;98.199;99;;12.7901;35.6744;-0.0158;0.2092;0.19537;2.2867;1892.2
ENV2;S6;D;7;99.19;100;;12.783;35.6741;-0.0364;0.206;0.18493;2.2854;1891.9
ENV2;S6;D;7;100.182;101;;12.7595;35.6754;-0.0453;0.2178;0.17318;2.2846;1894.8
ENV2;S6;D;7;101.174;102;;12.7469;35.6755;-0.0001;0.2246;0.16546;2.2832;1899.6
ENV2;S6;D;7;102.165;103;;12.7358;35.6754;-0.0245;0.2251;0.15504;2.2794;1904
ENV2;S6;D;7;103.157;104;;12.7201;35.6755;-0.0412;0.2277;0.14376;2.2736;1902.8
ENV2;S6;D;7;104.149;105;;12.7103;35.6754;-0.0354;0.2154;0.13459;2.2683;1899.3
ENV2;S6;D;7;105.14;106;;12.7012;35.6754;-0.0375;0.2269;0.12552;2.2639;1899.5
ENV2;S6;D;7;106.132;107;;12.694;35.6752;-0.045;0.2224;0.11629;2.2599;1899.4
ENV2;S6;D;7;107.124;108;;12.6828;35.6754;-0.0367;0.2182;0.11;2.2559;1900.4
ENV2;S6;D;7;108.115;109;;12.6779;35.6752;-0.0453;0.2264;0.10316;2.2506;1904.8
ENV2;S6;D;7;109.107;110;;12.6667;35.675;-0.0369;0.239;0.09581;2.2464;1904.4
ENV2;S6;D;7;110.098;111;;12.6624;35.6753;-0.0517;0.2417;0.087753;2.2438;1902.7
ENV2;S6;D;7;111.09;112;;12.6607;35.6752;-0.0496;0.2384;0.082399;2.2409;1903.8
ENV2;S6;D;7;112.081;113;;12.6534;35.6751;-0.0306;0.2367;0.076077;2.2377;1908.2
ENV2;S6;D;7;113.073;114;;12.6424;35.675;-0.0524;0.2469;0.071755;2.2329;1906.3
ENV2;S6;D;7;114.065;115;;12.6434;35.6743;-0.0577;0.2422;0.066985;2.2282;1903.2
ENV2;S6;D;7;115.056;116;;12.616;35.6741;-0.0375;0.2611;0.06251;2.2252;1905.5
ENV2;S6;D;7;116.048;117;;12.5986;35.6747;-0.0447;0.2615;0.054701;2.2216;1909.2
ENV2;S6;D;7;117.039;118;;12.5961;35.6743;-0.0454;0.2602;0.0475;2.2143;1911.3
ENV2;S6;D;7;118.031;119;;12.5919;35.6741;-0.0545;0.3113;0.044897;2.2072;1911
ENV2;S6;D;7;119.023;120;;12.5875;35.674;-0.0473;0.2695;0.042471;2.2032;1910.3
ENV2;S6;D;7;120.014;121;;12.5806;35.6738;-0.0464;0.2683;0.03914;2.2002;1910
ENV2;S6;D;7;121.006;122;;12.5683;35.6739;-0.0456;0.2841;0.03672;2.1974;1911.2
ENV2;S6;D;7;121.997;123;;12.5633;35.6739;-0.0455;0.277;0.031263;2.194;1911.2
ENV2;S6;D;7;122.989;124;;12.5568;35.6738;-0.0527;0.2791;0.026739;2.1895;1911.2
ENV2;S6;D;7;123.98;125;;12.5418;35.6742;-0.0535;0.2776;0.022798;2.1847;1914.8
ENV2;S6;D;7;124.972;126;;12.524;35.6737;-0.0586;0.2788;0.017649;2.1802;1916.7
ENV2;S6;D;7;125.964;127;;12.5031;35.6737;-0.0579;0.2797;0.016463;2.1772;1913.6
ENV2;S6;D;7;126.955;128;;12.4951;35.6737;-0.0562;0.2858;0.013428;2.174;1910
ENV2;S6;D;7;127.946;129;;12.4926;35.6735;-0.0475;0.2906;0.011368;2.1702;1907.2
ENV2;S6;D;7;128.938;130;;12.4908;35.6734;-0.0548;0.2968;0.0070087;2.1655;1910.5
ENV2;S6;D;7;129.93;131;;12.4899;35.6734;-0.0573;0.3006;0.0050125;2.1609;1918.8
ENV2;S6;D;7;130.921;132;;12.4971;35.6726;-0.0557;0.2745;-0.000446;2.155;1915.9
ENV2;S6;D;7;131.913;133;;12.4696;35.6725;-0.0381;0.3009;6.81E-06;2.1549;1907.6
ENV2;S6;D;7;132.904;134;;12.4666;35.6726;-0.058;0.31;1.00E-12;2.1539;1908.6
ENV2;S6;D;7;133.896;135;;12.4662;35.6724;-0.0578;0.3034;1.00E-12;2.1519;1912
ENV2;S6;D;7;134.887;136;;12.4627;35.6725;-0.0578;0.304;1.00E-12;2.1498;1913.3
ENV2;S6;D;7;135.879;137;;12.4505;35.6725;-0.0578;0.3235;1.00E-12;2.1479;1913.7
ENV2;S6;D;7;136.87;138;;12.4403;35.6731;-0.0482;0.3027;1.00E-12;2.1456;1916.6
ENV2;S6;D;7;137.862;139;;12.4382;35.673;-0.0573;0.2864;1.00E-12;2.1429;1920
ENV2;S6;D;7;138.853;140;;12.4259;35.6723;-0.0653;0.2889;1.00E-12;2.1398;1917.8
ENV2;S6;D;7;139.845;141;;12.4084;35.6707;-0.0476;0.2927;1.00E-12;2.1382;1919.6
ENV2;S6;D;7;140.836;142;;12.385;35.6701;-0.0557;0.3174;1.00E-12;2.1366;1920.5
ENV2;S6;D;7;141.827;143;;12.3789;35.67;-0.0577;0.3321;1.00E-12;2.1337;1922.7
ENV2;S6;D;7;142.819;144;;12.3751;35.6696;-0.0658;0.3231;1.00E-12;2.1296;1924.9
ENV2;S6;D;7;143.81;145;;12.374;35.6693;-0.0574;0.3334;1.00E-12;2.1271;1923.2
ENV2;S6;D;7;144.802;146;;12.3664;35.6691;-0.0578;0.3347;1.00E-12;2.1262;1921.5
ENV2;S6;D;7;145.793;147;;12.3576;35.6691;-0.0569;0.3399;1.00E-12;2.1251;1921.8
ENV2;S6;D;7;146.785;148;;12.3576;35.6688;-0.0573;0.332;1.00E-12;2.1228;1925
ENV2;S6;D;7;147.776;149;;12.356;35.6687;-0.0672;0.3298;1.00E-12;2.1196;1924.5
ENV2;S6;D;7;148.767;150;;12.3546;35.6685;-0.0581;0.3289;1.00E-12;2.1183;1919.1
ENV2;S6;D;7;149.759;151;;12.3534;35.6685;-0.0567;0.3364;1.00E-12;2.1172;1918.1
ENV2;S6;D;7;150.75;152;;12.3522;35.6686;-0.0592;0.326;1.00E-12;2.1163;1921.7
ENV2;S6;D;7;151.742;153;;12.351;35.6684;-0.0577;0.3289;1.00E-12;2.1159;1924.6
ENV2;S6;D;7;152.733;154;;12.3513;35.6683;-0.0573;0.3365;1.00E-12;2.1151;1921.2
ENV2;S6;D;7;153.725;155;;12.3507;35.6683;-0.0573;0.3399;1.00E-12;2.1147;1917.2
ENV2;S6;D;7;154.716;156;;12.3494;35.6683;-0.0537;0.3338;1.00E-12;2.1138;1921.5
ENV2;S6;D;7;155.707;157;;12.3492;35.6683;-0.0569;0.335;1.00E-12;2.1137;1923.6
ENV2;S6;D;7;156.699;158;;12.349;35.6683;-0.0658;0.3433;1.00E-12;2.1137;1924.5
ENV2;S6;D;7;157.69;159;;12.3495;35.6683;-0.058;0.3509;1.00E-12;2.1134;1926.2
ENV2;S6;D;7;158.682;160;;12.3485;35.6682;-0.057;0.3324;1.00E-12;2.1126;1927.4
ENV2;S6;D;7;159.673;161;;12.347;35.6683;-0.0577;0.3164;1.00E-12;2.1113;1923.5
ENV2;S6;D;7;160.664;162;;12.3473;35.6683;-0.0567;0.3187;1.00E-12;2.1111;1921.9
ENV2;S6;D;7;161.656;163;;12.3464;35.6682;-0.0522;0.3245;1.00E-12;2.1111;1924.5
ENV2;S6;D;7;162.647;164;;12.3447;35.6682;-0.0546;0.3275;1.00E-12;2.1105;1926.6
ENV2;S6;D;7;163.638;165;;12.3444;35.6682;-0.0511;0.3267;1.00E-12;2.1099;1925.5
ENV2;S6;D;7;164.63;166;;12.3429;35.6682;-0.0495;0.3329;1.00E-12;2.1098;1921.3
ENV2;S6;D;7;165.621;167;;12.34;35.6682;-0.0582;0.4237;1.00E-12;2.1094;1922.4
ENV2;S6;D;7;166.612;168;;12.3396;35.6682;-0.0567;0.3182;1.00E-12;2.1095;1924.1
ENV2;S6;D;7;167.604;169;;12.3382;35.6681;-0.0577;0.3209;1.00E-12;2.1091;1925
ENV2;S6;D;7;168.595;170;;12.3354;35.6683;-0.0576;0.3118;1.00E-12;2.1085;1922.1
ENV2;S6;D;7;169.586;171;;12.3324;35.668;-0.0581;0.3132;1.00E-12;2.1078;1922.2
ENV2;S6;D;7;170.578;172;;12.3266;35.6675;-0.0573;0.3177;1.00E-12;2.1076;1927.2
ENV2;S6;D;7;171.569;173;;12.3132;35.6674;-0.0566;0.3242;1.00E-12;2.1069;1927.6
ENV2;S6;D;7;172.56;174;;12.3025;35.6672;-0.058;0.3045;1.00E-12;2.1054;1924.9
ENV2;S6;D;7;173.552;175;;12.2969;35.6669;-0.0694;0.311;1.00E-12;2.1036;1925.6
ENV2;S6;D;7;174.543;176;;12.297;35.6667;-0.0572;0.3177;1.00E-12;2.1019;1926.5
ENV2;S6;D;7;175.534;177;;12.2876;35.666;-0.0581;0.3231;1.00E-12;2.1002;1926.3
ENV2;S6;D;7;176.526;178;;12.2773;35.6661;-0.0577;0.3455;1.00E-12;2.0993;1928.5
ENV2;S6;D;7;177.517;179;;12.2741;35.6659;-0.0573;0.3328;1.00E-12;2.0973;1932.9
ENV2;S6;D;7;178.508;180;;12.2694;35.6656;-0.0569;0.3248;1.00E-12;2.096;1933.5
ENV2;S6;D;7;179.5;181;;12.2638;35.6656;-0.0586;0.3305;1.00E-12;2.0952;1933.4
ENV2;S6;D;7;180.49;182;;12.2633;35.6655;-0.0573;0.3351;1.00E-12;2.0938;1934.5
ENV2;S6;D;7;181.482;183;;12.2625;35.6653;-0.0584;0.3315;1.00E-12;2.0932;1933.9
ENV2;S6;D;7;182.473;184;;12.2567;35.6652;-0.0577;0.3185;1.00E-12;2.0918;1930.8
ENV2;S6;D;7;183.464;185;;12.2507;35.6649;-0.0608;0.3128;1.00E-12;2.0914;1931.4
ENV2;S6;D;7;184.456;186;;12.2464;35.6648;-0.0638;0.3195;1.00E-12;2.0912;1937.8
ENV2;S6;D;7;185.447;187;;12.2454;35.6646;-0.0576;0.3239;1.00E-12;2.0903;1940.3
ENV2;S6;D;7;186.438;188;;12.2388;35.6642;-0.0582;0.3253;1.00E-12;2.0887;1936.6
ENV2;S6;D;7;187.429;189;;12.2297;35.6638;-0.0616;0.348;1.00E-12;2.0877;1934.2
ENV2;S6;D;7;188.42;190;;12.2028;35.6628;-0.0671;0.3279;1.00E-12;2.0867;1934.7
ENV2;S6;D;7;189.412;191;;12.1766;35.6621;-0.0583;0.3322;1.00E-12;2.0856;1936.3
ENV2;S6;D;7;190.403;192;;12.1679;35.6614;-0.057;0.3356;1.00E-12;2.0827;1938.4
ENV2;S6;D;7;191.394;193;;12.1634;35.6608;-0.0605;0.3461;1.00E-12;2.0782;1940.1
ENV2;S6;D;7;192.386;194;;12.1569;35.6601;-0.0611;0.3447;1.00E-12;2.0744;1940
ENV2;S6;D;7;193.377;195;;12.1478;35.6597;-0.0573;0.3757;1.00E-12;2.0727;1939.1
ENV2;S6;D;7;194.368;196;;12.1454;35.6596;-0.0563;0.3596;1.00E-12;2.0706;1937.1
ENV2;S6;D;7;195.359;197;;12.1379;35.6591;-0.0578;0.3555;1.00E-12;2.0689;1936.1
ENV2;S6;D;7;196.35;198;;12.1264;35.6591;-0.0582;0.3704;1.00E-12;2.0671;1937.7
ENV2;S6;D;7;197.342;199;;12.1214;35.6592;-0.067;0.3346;1.00E-12;2.066;1941.5
ENV2;S6;D;7;198.333;200;;12.1205;35.6589;-0.0579;0.3306;1.00E-12;2.0659;1945
ENV2;S6;D;7;199.324;201;;12.1195;35.6587;-0.0649;0.3272;1.00E-12;2.067;1942.6
ENV2;S6;D;7;200.315;202;;12.1166;35.6585;-0.0702;0.3337;1.00E-12;2.0672;1940.9
ENV2;S6;D;7;201.306;203;;12.1142;35.6583;-0.0695;0.3389;1.00E-12;2.0673;1941
ENV2;S6;D;7;202.297;204;;12.1118;35.6582;-0.0657;0.3358;1.00E-12;2.0673;1944.4
ENV2;S6;D;7;203.289;205;;12.1108;35.658;-0.0648;0.3325;1.00E-12;2.0661;1948.8
ENV2;S6;D;7;204.28;206;;12.1124;35.6578;-0.0655;0.316;1.00E-12;2.0651;1949.2
ENV2;S6;D;7;205.271;207;;12.1005;35.6574;-0.0601;0.3171;1.00E-12;2.0654;1949.6
ENV2;S6;D;7;206.262;208;;12.0978;35.6574;-0.0704;0.3275;1.00E-12;2.0647;1952.8
ENV2;S6;D;7;207.253;209;;12.0953;35.6571;-0.0582;0.3289;1.00E-12;2.0641;1956.7
ENV2;S6;D;7;208.244;210;;12.0895;35.6568;-0.0627;0.3317;1.00E-12;2.0635;1959.2
ENV2;S6;D;7;209.235;211;;12.0851;35.6566;-0.0639;0.3471;1.00E-12;2.0631;1959.4
ENV2;S6;D;7;210.227;212;;12.0765;35.656;-0.0709;0.3438;1.00E-12;2.0622;1962.5
ENV2;S6;D;7;211.218;213;;12.0594;35.6561;-0.066;0.3344;1.00E-12;2.0613;1964.4
ENV2;S6;D;7;212.209;214;;12.046;35.6547;-0.0632;0.3104;1.00E-12;2.0611;1950.9
ENV2;S6;D;7;213.2;215;;12.0407;35.654;-0.0582;0.3233;1.00E-12;2.0615;1964.3
ENV2;S6;D;7;214.191;216;;12.0359;35.6538;-0.0688;0.3246;1.00E-12;2.0621;1955.8
ENV2;S6;D;7;215.182;217;;12.0349;35.6536;-0.0621;0.3244;1.00E-12;2.0628;1945.3
ENV2;S6;D;7;216.173;218;;12.0325;35.6534;-0.0637;0.3115;1.00E-12;2.0641;1963.9
ENV2;S6;D;7;217.164;219;;12.029;35.6531;-0.0576;0.3053;1.00E-12;2.0654;1956.5
ENV2;S6;D;7;218.155;220;;12.0273;35.653;-0.0791;0.325;1.00E-12;2.0662;1975.7
ENV2;S6;D;7;219.146;221;;12.0234;35.6525;-0.0626;0.324;1.00E-12;2.0669;1982.9
ENV2;S6;D;7;220.138;222;;12.0197;35.6522;-0.0591;0.3113;1.00E-12;2.0669;1996.1
ENV2;S6;D;7;221.129;223;;12.0104;35.6515;-0.0706;0.3076;1.00E-12;2.0679;2000.6
ENV2;S6;D;7;222.12;224;;12.0022;35.6507;-0.0694;0.2945;1.00E-12;2.0697;2003.1
ENV2;S6;D;7;223.111;225;;11.9945;35.6501;-0.0699;0.2982;1.00E-12;2.0712;2003.1
ENV2;S6;D;7;224.102;226;;11.9901;35.6501;-0.069;0.3018;1.00E-12;2.0721;2001
ENV2;S6;D;7;225.093;227;;11.9834;35.6499;-0.0695;0.3201;1.00E-12;2.0731;1999
ENV2;S6;D;7;226.084;228;;11.9804;35.6496;-0.0765;0.319;1.00E-12;2.0731;1999.8
ENV2;S6;D;7;227.075;229;;11.9628;35.6472;-0.0725;0.3208;1.00E-12;2.0735;2003.8
ENV2;S6;D;7;228.066;230;;11.9399;35.6454;-0.0775;0.2888;1.00E-12;2.0738;2006.9
ENV2;S6;D;7;229.057;231;;11.9347;35.6446;-0.0693;0.298;1.00E-12;2.0754;1988.7
ENV2;S6;D;7;230.048;232;;11.9304;35.644;-0.0692;0.2675;1.00E-12;2.0785;1914.5
ENV2;S6;D;7;231.039;233;;11.9298;35.6437;-0.0771;0.2614;1.00E-12;2.0815;1874.9
ENV2;S6;D;7;232.03;234;;11.9276;35.6434;-0.0829;0.2664;1.00E-12;2.0826;1757.9
ENV2;S6;D;7;233.021;235;;11.9241;35.6428;-0.0746;0.2627;1.00E-12;2.083;1734.1
ENV2;S6;D;7;234.012;236;;11.9185;35.6422;-0.0696;0.2639;1.00E-12;2.0827;1671.8
ENV2;S6;D;7;235.003;237;;11.9129;35.6417;-0.0698;0.2616;1.00E-12;2.0822;1549
ENV2;S6;D;7;235.994;238;;11.9096;35.6414;-0.0644;0.2399;1.00E-12;2.0826;1530.9
ENV2;S6;D;7;236.985;239;;11.9055;35.6407;-0.0805;0.2365;1.00E-12;2.0835;1617.4
ENV2;S6;D;7;237.976;240;;11.899;35.64;-0.0715;0.2435;1.00E-12;2.0837;1731.3
ENV2;S6;D;7;238.967;241;;11.8908;35.6393;-0.0806;0.2734;1.00E-12;2.0836;1771
ENV2;S6;D;7;239.958;242;;11.8844;35.6387;-0.0664;0.2475;1.00E-12;2.0836;1753.5
ENV2;S6;D;7;240.949;243;;11.8793;35.6382;-0.0881;0.2415;1.00E-12;2.0847;1759.1
ENV2;S6;D;7;241.94;244;;11.8756;35.6378;-0.0822;0.243;1.00E-12;2.0851;1824.5
ENV2;S6;D;7;242.931;245;;11.8729;35.6372;-0.0734;0.2416;1.00E-12;2.0855;1797.2
ENV2;S6;D;7;243.922;246;;11.871;35.6369;-0.0811;0.2419;1.00E-12;2.0864;1765.7
ENV2;S6;D;7;244.913;247;;11.8696;35.6365;-0.0813;0.2236;1.00E-12;2.0877;1737.7
ENV2;S6;D;7;245.904;248;;11.866;35.6358;-0.0923;0.2168;1.00E-12;2.088;1666.4
ENV2;S6;D;7;246.895;249;;11.8553;35.6342;-0.0758;0.2098;1.00E-12;2.0879;1697.5
ENV2;S6;D;7;247.886;250;;11.8339;35.6313;-0.0943;0.2176;1.00E-12;2.0882;1830
ENV2;S6;D;7;248.877;251;;11.8212;35.6306;-0.0934;0.2113;1.00E-12;2.0894;1881.9
ENV2;S6;D;7;249.868;252;;11.8124;35.6297;-0.0874;0.2107;1.00E-12;2.0908;1762.4
ENV2;S6;D;7;250.859;253;;11.8059;35.629;-0.0949;0.1925;1.00E-12;2.0936;1881.3
ENV2;S6;D;7;251.85;254;;11.7999;35.6285;-0.081;0.1956;1.00E-12;2.0958;1757.2
ENV2;S6;D;7;252.841;255;;11.7952;35.6282;-0.0831;0.1938;1.00E-12;2.0965;1531.6
ENV2;S6;D;8;3.969;4;;14.225;35.4884;0.7201;0.5132;885.18;2.378;2124.9
ENV2;S6;D;8;4.961;5;;14.2448;35.4951;0.6781;0.5405;753.22;2.5741;2022.4
ENV2;S6;D;8;5.953;6;;14.2405;35.4954;0.727;0.562;604.36;2.5825;1999.5
ENV2;S6;D;8;6.945;7;;14.2341;35.4958;0.8119;0.5759;529.27;2.5826;1993
ENV2;S6;D;8;7.937;8;;14.2341;35.4957;0.9816;0.5238;454.45;2.5836;1987.9
ENV2;S6;D;8;8.929;9;;14.2348;35.4961;1.0689;0.532;387.34;2.5842;1982.2
ENV2;S6;D;8;9.921;10;;14.2298;35.4959;1.2174;0.56;338.28;2.5834;1980.6
ENV2;S6;D;8;10.913;11;;14.2076;35.4961;1.3337;0.524;272.39;2.5836;1976.1
ENV2;S6;D;8;11.905;12;;14.1937;35.4957;1.523;0.5411;243.11;2.5851;1975.2
ENV2;S6;D;8;12.897;13;;14.1;35.4949;1.5954;0.5324;198.69;2.5853;1975.3
ENV2;S6;D;8;13.89;14;;14.0638;35.4942;1.8744;0.5764;190.32;2.5836;1976.9
ENV2;S6;D;8;14.882;15;;14.0518;35.4924;2.3651;0.5408;166.61;2.586;1982.9
ENV2;S6;D;8;15.874;16;;14.0041;35.4921;2.4631;0.5807;134.18;2.5879;1987.1
ENV2;S6;D;8;16.866;17;;13.9784;35.4908;2.8553;0.5494;126.91;2.5883;1990.7
ENV2;S6;D;8;17.858;18;;13.8431;35.4906;2.9133;0.5621;108.97;2.5889;1985
ENV2;S6;D;8;18.85;19;;13.8049;35.4884;3.2669;0.5783;92.862;2.5838;1973.7
ENV2;S6;D;8;19.842;20;;13.7795;35.4855;3.5524;0.5566;82.351;2.5824;1949.5
ENV2;S6;D;8;20.834;21;;13.7342;35.4852;3.5578;0.612;70.287;2.5802;1950.6
ENV2;S6;D;8;21.826;22;;13.5763;35.49;3.8926;0.5681;60.67;2.5706;1958.2
ENV2;S6;D;8;22.818;23;;13.5611;35.512;4.0578;0.5782;50.914;2.5596;1962
ENV2;S6;D;8;23.81;24;;13.5417;35.5274;4.4149;0.6142;45.451;2.5506;1967.9
ENV2;S6;D;8;24.802;25;;13.4881;35.5404;4.7199;0.5573;39.783;2.5423;1974.5
ENV2;S6;D;8;25.794;26;;13.4209;35.5649;4.8771;0.5468;33.967;2.5343;1978.3
ENV2;S6;D;8;26.786;27;;13.3941;35.5729;4.9753;0.5135;28.805;2.5192;1995.2
ENV2;S6;D;8;27.778;28;;13.3919;35.5801;5.1288;0.4996;25.165;2.5064;2002.1
ENV2;S6;D;8;28.77;29;;13.3897;35.5984;5.2312;0.5283;21.522;2.5023;2002.8
ENV2;S6;D;8;29.762;30;;13.3697;35.6011;5.2008;0.4785;18.728;2.4987;1979.5
ENV2;S6;D;8;30.754;31;;13.2984;35.5949;4.776;0.4797;15.72;2.4964;1948.4
ENV2;S6;D;8;31.746;32;;13.2059;35.5907;3.3259;0.4249;13.159;2.4866;1921.6
ENV2;S6;D;8;32.738;33;;13.1368;35.5869;2.3304;0.347;11.413;2.4624;1893.3
ENV2;S6;D;8;33.73;34;;13.1142;35.5874;2.0088;0.3564;10.188;2.4476;1884.6
ENV2;S6;D;8;34.722;35;;13.1186;35.5948;1.7526;0.3283;9.0891;2.4194;1856.1
ENV2;S6;D;8;35.714;36;;13.1118;35.5967;1.8362;0.333;8.0592;2.4123;1824
ENV2;S6;D;8;36.706;37;;13.1587;35.611;1.851;0.3746;7.2123;2.4096;1811.1
ENV2;S6;D;8;37.698;38;;13.1938;35.6205;2.0957;0.3926;6.6423;2.408;1799.1
ENV2;S6;D;8;38.69;39;;13.1993;35.6269;2.4519;0.3794;6.0845;2.4118;1781.4
ENV2;S6;D;8;39.682;40;;13.2102;35.634;2.4546;0.3823;5.4714;2.4208;1759.9
ENV2;S6;D;8;40.674;41;;13.2049;35.638;2.5132;0.3913;4.8393;2.4262;1752
ENV2;S6;D;8;41.666;42;;13.1922;35.6425;2.4468;0.3742;4.3292;2.4292;1752
ENV2;S6;D;8;42.658;43;;13.1854;35.6435;2.2499;0.3535;3.8971;2.4301;1745.1
ENV2;S6;D;8;43.65;44;;13.1747;35.6461;2.2008;0.3543;3.5284;2.4298;1721.3
ENV2;S6;D;8;44.641;45;;13.1715;35.6469;2.1913;0.3833;3.1764;2.4285;1701.1
ENV2;S6;D;8;45.633;46;;13.1686;35.647;2.2315;0.4286;2.8844;2.427;1681.5
ENV2;S6;D;8;46.625;47;;13.1655;35.6469;2.1311;0.3456;2.5857;2.424;1636
ENV2;S6;D;8;47.617;48;;13.1375;35.648;2.0615;0.3542;2.2596;2.4224;1577.1
ENV2;S6;D;8;48.609;49;;13.1079;35.6505;1.8532;0.3659;1.9755;2.4208;1529.7
ENV2;S6;D;8;49.601;50;;13.1017;35.6504;1.312;0.322;1.7178;2.4126;1443.7
ENV2;S6;D;8;50.593;51;;13.1017;35.6503;1.3304;0.3427;1.522;2.4072;1394.3
ENV2;S6;D;8;51.585;52;;13.1015;35.6502;1.3753;0.3126;1.3479;2.4045;1370.8
ENV2;S6;D;8;52.577;53;;13.1001;35.6499;1.5201;0.3355;1.1962;2.4038;1353.9
ENV2;S6;D;8;53.569;54;;13.0761;35.6516;1.1489;0.289;1.0806;2.3987;1290.2
ENV2;S6;D;8;54.561;55;;13.0623;35.6531;1.2337;0.2962;0.93644;2.3957;1248.1
ENV2;S6;D;8;55.553;56;;13.0622;35.6534;0.9647;0.3562;0.83442;2.3937;1231.9
ENV2;S6;D;8;56.544;57;;13.062;35.6534;0.8418;0.2804;0.76381;2.3909;1201.1
ENV2;S6;D;8;57.536;58;;13.0571;35.6528;0.8084;0.2723;0.69011;2.388;1164.2
ENV2;S6;D;8;58.528;59;;13.056;35.6529;0.7804;0.2761;0.629;2.3869;1152.3
ENV2;S6;D;8;59.52;60;;13.0555;35.6527;0.7789;0.2756;0.57453;2.3854;1140.7
ENV2;S6;D;8;60.512;61;;13.0554;35.6525;0.7162;0.2594;0.5173;2.383;1099
ENV2;S6;D;8;61.504;62;;13.0545;35.6529;0.7445;0.2509;0.45645;2.3823;1070.8
ENV2;S6;D;8;62.495;63;;13.0507;35.6531;0.7665;0.2592;0.41033;2.3811;1059.4
ENV2;S6;D;8;63.487;64;;13.0416;35.6545;0.6695;0.2701;0.37416;2.3794;1035.1
ENV2;S6;D;8;64.479;65;;13.0384;35.656;0.5405;0.2553;0.33898;2.3784;1004.5
ENV2;S6;D;8;65.471;66;;13.0366;35.6561;0.5393;0.2595;0.30849;2.3772;994.78
ENV2;S6;D;8;66.463;67;;13.0223;35.6576;0.4988;0.2705;0.27965;2.3756;984.92
ENV2;S6;D;8;67.455;68;;13.0273;35.6637;0.4369;0.2501;0.25402;2.3737;973.42
ENV2;S6;D;8;68.446;69;;13.0261;35.6663;0.4126;0.2726;0.22752;2.3716;967.6
ENV2;S6;D;8;69.438;70;;13.0149;35.6668;0.3969;0.2824;0.20857;2.3702;958.5
ENV2;S6;D;8;70.43;71;;13.009;35.6673;0.3543;0.2601;0.19633;2.369;942.99
ENV2;S6;D;8;71.422;72;;13.0062;35.6672;0.2904;0.2311;0.18082;2.3669;929.58
ENV2;S6;D;8;72.414;73;;13.0038;35.6674;0.2769;0.2321;0.16209;2.3647;926.29
ENV2;S6;D;8;73.406;74;;13.0022;35.6676;0.2861;0.2348;0.14849;2.3624;918.64
ENV2;S6;D;8;74.397;75;;12.9994;35.6676;0.2773;0.231;0.13317;2.3613;906.26
ENV2;S6;D;8;75.389;76;;12.998;35.6676;0.2357;0.2732;0.1201;2.3605;901.67
ENV2;S6;D;8;76.381;77;;12.9946;35.6683;0.2394;0.2289;0.10603;2.3598;903.43
ENV2;S6;D;8;77.372;78;;12.9853;35.67;0.2201;0.2283;0.099392;2.3584;902.59
ENV2;S6;D;8;78.364;79;;12.9754;35.6711;0.1468;0.2327;0.093009;2.3554;892.47
ENV2;S6;D;8;79.356;80;;12.9686;35.6716;0.1471;0.2615;0.084794;2.3531;891.73
ENV2;S6;D;8;80.348;81;;12.9674;35.6716;0.1522;0.2995;0.075637;2.3514;891.47
ENV2;S6;D;8;81.34;82;;12.9658;35.6717;0.1594;0.2509;0.071571;2.3488;886.19
ENV2;S6;D;8;82.332;83;;12.9652;35.6717;0.1541;0.224;0.066736;2.3468;879.06
ENV2;S6;D;8;83.323;84;;12.9642;35.6717;0.1536;0.2226;0.060952;2.3457;882.84
ENV2;S6;D;8;84.315;85;;12.9635;35.6716;0.1338;0.2215;0.054567;2.3443;890.33
ENV2;S6;D;8;85.307;86;;12.9612;35.6719;0.1331;0.2269;0.045455;2.343;882.17
ENV2;S6;D;8;86.298;87;;12.9573;35.6722;0.1472;0.2242;0.04165;2.3429;882
ENV2;S6;D;8;87.29;88;;12.9479;35.6731;0.1324;0.2159;0.039515;2.3425;886.15
ENV2;S6;D;8;88.282;89;;12.9361;35.6745;0.1005;0.2267;0.036971;2.3407;890.38
ENV2;S6;D;8;89.274;90;;12.918;35.6776;0.0855;0.2139;0.031812;2.3385;893.76
ENV2;S6;D;8;90.265;91;;12.9142;35.6779;0.0659;0.2119;0.028858;2.3363;896.63
ENV2;S6;D;8;91.257;92;;12.9097;35.6777;0.0405;0.209;0.026146;2.3315;902.24
ENV2;S6;D;8;92.249;93;;12.9066;35.6781;0.0368;0.2089;0.018067;2.3254;905.46
ENV2;S6;D;8;93.24;94;;12.9036;35.6786;0.028;0.2027;0.018231;2.3239;903.71
ENV2;S6;D;8;94.232;95;;12.8999;35.6787;0.0194;0.2056;0.014953;2.3225;903.57
ENV2;S6;D;8;95.224;96;;12.8857;35.68;0.015;0.2036;0.012024;2.3205;905.72
ENV2;S6;D;8;96.215;97;;12.8807;35.6806;0.0119;0.2053;0.0093689;2.3179;910.28
ENV2;S6;D;8;97.207;98;;12.8778;35.6804;0.0029;0.2064;0.0085267;2.3153;913.8
ENV2;S6;D;8;98.199;99;;12.8743;35.6801;-0.0014;0.2038;0.0021299;2.3129;915.12
ENV2;S6;D;8;99.19;100;;12.868;35.6795;-0.0049;0.1991;0.0013563;2.3095;918.99
ENV2;S6;D;8;100.182;101;;12.8604;35.6792;0.0044;0.2107;0.00022893;2.3068;918.1
ENV2;S6;D;8;101.174;102;;12.8577;35.6791;0.0038;0.2125;-0.000002342;2.3049;915.69
ENV2;S6;D;8;102.165;103;;12.8543;35.6787;0.0098;0.2281;1.00E-12;2.303;918.06
ENV2;S6;D;8;103.157;104;;12.8506;35.6784;-0.0003;0.2241;1.00E-12;2.3001;923.91
ENV2;S6;D;8;104.149;105;;12.8468;35.6782;-0.015;0.2072;1.00E-12;2.2961;927.94
ENV2;S6;D;8;105.14;106;;12.8423;35.678;-0.0214;0.2078;1.00E-12;2.294;927.07
ENV2;S6;D;8;106.132;107;;12.8397;35.6776;-0.0106;0.2134;1.00E-12;2.2929;929.69
ENV2;S6;D;8;107.123;108;;12.8367;35.6775;-0.001;0.2193;1.00E-12;2.2912;935.81
ENV2;S6;D;8;108.115;109;;12.8336;35.679;-0.0104;0.2062;1.00E-12;2.2892;937.78
ENV2;S6;D;8;109.107;110;;12.8275;35.6792;-0.023;0.2143;1.00E-12;2.2879;937.48
ENV2;S6;D;8;110.098;111;;12.8178;35.6779;-0.0143;0.2112;1.00E-12;2.2866;938.37
ENV2;S6;D;8;111.09;112;;12.8094;35.6771;0.0005;0.2094;1.00E-12;2.2841;943.3
ENV2;S6;D;8;112.082;113;;12.797;35.6765;-0.0324;0.2095;1.00E-12;2.2796;946.48
ENV2;S6;D;8;113.073;114;;12.79;35.676;-0.0422;0.2071;1.00E-12;2.2764;944.23
ENV2;S6;D;8;114.065;115;;12.7889;35.6759;-0.0216;0.2175;1.00E-12;2.2733;941.64
ENV2;S6;D;8;115.056;116;;12.7852;35.6756;-0.0225;0.2117;1.00E-12;2.2707;943.42
ENV2;S6;D;8;116.048;117;;12.7835;35.6754;-0.0339;0.2238;1.00E-12;2.2673;950.5
ENV2;S6;D;8;117.04;118;;12.7758;35.6751;-0.0266;0.2106;1.00E-12;2.2647;964.52
ENV2;S6;D;8;118.031;119;;12.7649;35.6745;-0.034;0.2262;1.00E-12;2.2629;969.32
ENV2;S6;D;8;119.023;120;;12.7609;35.6743;-0.0401;0.2264;1.00E-12;2.2605;970.06
ENV2;S6;D;8;120.014;121;;12.7554;35.6744;-0.0301;0.2261;1.00E-12;2.2586;979.33
ENV2;S6;D;8;121.006;122;;12.7527;35.6747;-0.0301;0.2288;1.00E-12;2.2564;989.85
ENV2;S6;D;8;121.997;123;;12.7484;35.6745;-0.0414;0.2271;1.00E-12;2.254;994.88
ENV2;S6;D;8;122.989;124;;12.7469;35.6747;-0.0329;0.2302;1.00E-12;2.2518;999.19
ENV2;S6;D;8;123.98;125;;12.7438;35.6746;-0.0344;0.2265;1.00E-12;2.249;1004.5
ENV2;S6;D;8;124.972;126;;12.7399;35.6748;-0.0362;0.2191;1.00E-12;2.2472;1005.5
ENV2;S6;D;8;125.964;127;;12.7355;35.675;-0.038;0.2317;1.00E-12;2.2458;1001.3
ENV2;S6;D;8;126.955;128;;12.7339;35.675;-0.0379;0.2333;1.00E-12;2.2443;998.93
ENV2;S6;D;8;127.946;129;;12.7325;35.6749;-0.0406;0.2338;1.00E-12;2.2431;1002.7
ENV2;S6;D;8;128.938;130;;12.7281;35.675;-0.0406;0.2327;1.00E-12;2.2421;1010.2
ENV2;S6;D;8;129.93;131;;12.7234;35.6752;-0.0398;0.2377;1.00E-12;2.2401;1009.7
ENV2;S6;D;8;130.921;132;;12.7197;35.6752;-0.0531;0.2203;1.00E-12;2.2379;1010.3
ENV2;S6;D;8;131.913;133;;12.7047;35.6752;-0.052;0.2318;1.00E-12;2.2353;1015.3
ENV2;S6;D;8;132.904;134;;12.6907;35.6749;-0.0488;0.2289;1.00E-12;2.2315;1010.3
ENV2;S6;D;8;133.895;135;;12.6832;35.6746;-0.0522;0.2373;1.00E-12;2.2293;1009.5
ENV2;S6;D;8;134.887;136;;12.6751;35.6745;-0.0637;0.246;1.00E-12;2.2272;1011.3
ENV2;S6;D;8;135.879;137;;12.6743;35.6742;-0.0532;0.2553;1.00E-12;2.2242;1016
ENV2;S6;D;8;136.87;138;;12.6708;35.6738;-0.0472;0.2527;1.00E-12;2.2201;1017.6
ENV2;S6;D;8;137.862;139;;12.667;35.6737;-0.045;0.2391;1.00E-12;2.2174;1019.3
ENV2;S6;D;8;138.853;140;;12.6633;35.6736;-0.0463;0.2511;1.00E-12;2.2157;1024.5
ENV2;S6;D;8;139.844;141;;12.6645;35.6734;-0.0494;0.2526;1.00E-12;2.2125;1035
ENV2;S6;D;8;140.836;142;;12.6586;35.6733;-0.0692;0.2264;1.00E-12;2.2105;1039.3
ENV2;S6;D;8;141.827;143;;12.6535;35.6733;-0.0451;0.2495;1.00E-12;2.2101;1041.4
ENV2;S6;D;8;142.819;144;;12.6318;35.6731;-0.0465;0.2542;1.00E-12;2.2101;1043.3
ENV2;S6;D;8;143.81;145;;12.6316;35.6731;-0.0528;0.2519;1.00E-12;2.208;1046.8
ENV2;S6;D;8;144.802;146;;12.6204;35.6728;-0.0655;0.2311;1.00E-12;2.2023;1054.8
ENV2;S6;D;8;145.793;147;;12.6133;35.673;-0.0637;0.2495;1.00E-12;2.2006;1055
ENV2;S6;D;8;146.785;148;;12.6134;35.6727;-0.0589;0.2663;1.00E-12;2.1986;1052
ENV2;S6;D;8;147.776;149;;12.6136;35.6726;-0.0581;0.2492;1.00E-12;2.1944;1055.1
ENV2;S6;D;8;148.768;150;;12.6113;35.6726;-0.0579;0.2556;1.00E-12;2.1928;1063.8
ENV2;S6;D;8;149.759;151;;12.6063;35.6727;-0.0595;0.2623;1.00E-12;2.192;1066.8
ENV2;S6;D;8;150.75;152;;12.5985;35.6731;-0.0455;0.2677;1.00E-12;2.19;1068.2
ENV2;S6;D;8;151.742;153;;12.5969;35.6731;-0.0633;0.2494;1.00E-12;2.1867;1078.4
ENV2;S6;D;8;152.733;154;;12.5828;35.6733;-0.0567;0.2569;1.00E-12;2.1848;1090.4
ENV2;S6;D;8;153.725;155;;12.5476;35.6738;-0.0534;0.2641;1.00E-12;2.1841;1088.9
ENV2;S6;D;8;154.716;156;;12.5294;35.6744;-0.0588;0.2671;1.00E-12;2.1797;1083.5
ENV2;S6;D;8;155.707;157;;12.5209;35.6738;-0.0694;0.262;1.00E-12;2.173;1085.1
ENV2;S6;D;8;156.699;158;;12.5122;35.6738;-0.0584;0.2743;1.00E-12;2.1673;1091.4
ENV2;S6;D;8;157.69;159;;12.5079;35.6737;-0.0468;0.2949;1.00E-12;2.1637;1099.1
ENV2;S6;D;8;158.681;160;;12.5024;35.6735;-0.0651;0.2923;1.00E-12;2.1601;1106.6
ENV2;S6;D;8;159.673;161;;12.5013;35.6732;-0.0636;0.2647;1.00E-12;2.1551;1122.4
ENV2;S6;D;8;160.664;162;;12.496;35.6727;-0.071;0.2574;1.00E-12;2.1519;1146.5
ENV2;S6;D;8;161.655;163;;12.4844;35.6728;-0.0686;0.2754;1.00E-12;2.1503;1151.2
ENV2;S6;D;8;162.647;164;;12.484;35.6726;-0.0567;0.2872;1.00E-12;2.1488;1151.5
ENV2;S6;D;8;163.638;165;;12.4805;35.6721;-0.0493;0.2843;1.00E-12;2.1477;1157.3
ENV2;S6;D;8;164.63;166;;12.4774;35.6721;-0.0619;0.2796;1.00E-12;2.1459;1163.9
ENV2;S6;D;8;165.621;167;;12.477;35.6718;-0.0701;0.2724;1.00E-12;2.1437;1162.7
ENV2;S6;D;8;166.612;168;;12.4745;35.6716;-0.0701;0.2708;1.00E-12;2.1411;1161.9
ENV2;S6;D;8;167.604;169;;12.4719;35.6714;-0.0699;0.2962;1.00E-12;2.1392;1167.4
ENV2;S6;D;8;168.595;170;;12.4697;35.6712;-0.058;0.2785;1.00E-12;2.1384;1171.3
ENV2;S6;D;8;169.586;171;;12.4692;35.6712;-0.0568;0.2732;1.00E-12;2.1373;1174.7
ENV2;S6;D;8;170.578;172;;12.4664;35.671;-0.0584;0.2871;1.00E-12;2.1367;1183.5
ENV2;S6;D;8;171.569;173;;12.4632;35.671;-0.0578;0.287;1.00E-12;2.1355;1194.2
ENV2;S6;D;8;172.56;174;;12.4612;35.6709;-0.0638;0.2819;1.00E-12;2.1345;1205
ENV2;S6;D;8;173.552;175;;12.4573;35.6705;-0.0701;0.2729;1.00E-12;2.1327;1214.1
ENV2;S6;D;8;174.543;176;;12.4549;35.6708;-0.0733;0.2875;1.00E-12;2.1317;1211.4
ENV2;S6;D;8;175.534;177;;12.4556;35.6707;-0.0695;0.3037;1.00E-12;2.1316;1209
ENV2;S6;D;8;176.525;178;;12.4541;35.6705;-0.0687;0.3041;1.00E-12;2.1318;1209
ENV2;S6;D;8;177.517;179;;12.453;35.6706;-0.0672;0.3031;1.00E-12;2.1303;1214.7
ENV2;S6;D;8;178.508;180;;12.4468;35.6705;-0.0641;0.2703;1.00E-12;2.1285;1222.1
ENV2;S6;D;8;179.5;181;;12.436;35.6703;-0.0701;0.2835;1.00E-12;2.1272;1215.6
ENV2;S6;D;8;180.491;182;;12.4281;35.6708;-0.0695;0.2826;1.00E-12;2.126;1216.3
ENV2;S6;D;8;181.482;183;;12.4105;35.67;-0.0695;0.2874;1.00E-12;2.1245;1225.2
ENV2;S6;D;8;182.473;184;;12.4052;35.6699;-0.0695;0.2997;1.00E-12;2.123;1228.2
ENV2;S6;D;8;183.464;185;;12.3937;35.6702;-0.0652;0.304;1.00E-12;2.1211;1225.8
ENV2;S6;D;8;184.456;186;;12.3907;35.67;-0.0645;0.295;1.00E-12;2.1178;1226.2
ENV2;S6;D;8;185.447;187;;12.3854;35.6696;-0.0621;0.2987;1.00E-12;2.1151;1239.9
ENV2;S6;D;8;186.438;188;;12.3796;35.6697;-0.0557;0.293;1.00E-12;2.1133;1248.4
ENV2;S6;D;8;187.429;189;;12.3757;35.6702;-0.0521;0.2728;1.00E-12;2.1119;1252.2
ENV2;S6;D;8;188.42;190;;12.3583;35.6706;-0.0658;0.2688;1.00E-12;2.1107;1262.8
ENV2;S6;D;8;189.412;191;;12.3413;35.6705;-0.0604;0.2712;1.00E-12;2.1103;1270.1
ENV2;S6;D;8;190.403;192;;12.321;35.6701;-0.065;0.2757;1.00E-12;2.1096;1271.1
ENV2;S6;D;8;191.394;193;;12.3101;35.6698;-0.0642;0.2794;1.00E-12;2.1085;1272.8
ENV2;S6;D;8;192.385;194;;12.3026;35.6693;-0.0697;0.2808;1.00E-12;2.1074;1280.5
ENV2;S6;D;8;193.377;195;;12.2949;35.6691;-0.0617;0.2681;1.00E-12;2.1054;1283.9
ENV2;S6;D;8;194.368;196;;12.2886;35.6687;-0.0711;0.2773;1.00E-12;2.1039;1280.5
ENV2;S6;D;8;195.359;197;;12.254;35.667;-0.069;0.2697;1.00E-12;2.1032;1279.5
ENV2;S6;D;8;196.35;198;;12.232;35.6671;-0.0705;0.2786;1.00E-12;2.1016;1276.8
ENV2;S6;D;8;197.342;199;;12.2279;35.6666;-0.0704;0.2761;1.00E-12;2.0983;1267.7
ENV2;S6;D;8;198.333;200;;12.197;35.6644;-0.069;0.2813;1.00E-12;2.0963;1266.8
ENV2;S6;D;8;199.324;201;;12.1774;35.6642;-0.0689;0.2911;1.00E-12;2.0948;1274.4
ENV2;S6;D;8;200.315;202;;12.1788;35.6637;-0.0698;0.2889;1.00E-12;2.0909;1287
ENV2;S6;D;8;201.306;203;;12.1615;35.6629;-0.0699;0.2697;1.00E-12;2.0862;1295.8
ENV2;S6;D;8;202.298;204;;12.1547;35.6625;-0.0702;0.2818;1.00E-12;2.0844;1305.4
ENV2;S6;D;8;203.289;205;;12.1515;35.6622;-0.0688;0.2944;1.00E-12;2.0831;1314.2
ENV2;S6;D;8;204.28;206;;12.1535;35.6618;-0.07;0.2967;1.00E-12;2.08;1316.9
ENV2;S6;D;8;205.271;207;;12.1501;35.6616;-0.0812;0.2744;1.00E-12;2.0782;1308.7
ENV2;S6;D;8;206.262;208;;12.1497;35.6615;-0.0691;0.3355;1.00E-12;2.0782;1309
ENV2;S6;D;8;207.253;209;;12.1486;35.6612;-0.0697;0.2968;1.00E-12;2.0775;1309.7
ENV2;S6;D;8;208.244;210;;12.1425;35.6607;-0.0801;0.281;1.00E-12;2.077;1308.6
ENV2;S6;D;8;209.235;211;;12.1342;35.6605;-0.0587;0.3035;1.00E-12;2.0766;1316.8
ENV2;S6;D;8;210.226;212;;12.1285;35.6603;-0.0685;0.3043;1.00E-12;2.0757;1327.5
ENV2;S6;D;8;211.217;213;;12.1256;35.66;-0.0715;0.3024;1.00E-12;2.0744;1345.2
ENV2;S6;D;8;212.209;214;;12.0889;35.6581;-0.0909;0.2861;1.00E-12;2.0729;1375.4
ENV2;S6;D;8;213.2;215;;12.0515;35.6567;-0.063;0.2946;1.00E-12;2.0714;1391.7
ENV2;S6;D;8;214.191;216;;12.0377;35.6563;-0.0691;0.326;1.00E-12;2.0696;1398.4
ENV2;S6;D;8;215.182;217;;12.0327;35.6558;-0.07;0.3256;1.00E-12;2.0686;1404.6
ENV2;S6;D;8;216.173;218;;12.0227;35.6551;-0.0695;0.3138;1.00E-12;2.0683;1412.7
ENV2;S6;D;8;217.164;219;;12.018;35.6547;-0.0704;0.3097;1.00E-12;2.0681;1416.1
ENV2;S6;D;8;218.156;220;;12.0158;35.6542;-0.0692;0.3118;1.00E-12;2.0687;1419.9
ENV2;S6;D;8;219.147;221;;12.0095;35.6538;-0.0706;0.3082;1.00E-12;2.0687;1432.2
ENV2;S6;D;8;220.138;222;;12.0066;35.6536;-0.0699;0.2894;1.00E-12;2.0683;1448.7
ENV2;S6;D;8;221.129;223;;12.0005;35.6531;-0.0596;0.3191;1.00E-12;2.068;1460.3
ENV2;S6;D;8;222.12;224;;11.9965;35.6528;-0.0702;0.3227;1.00E-12;2.0675;1469.6
ENV2;S6;D;8;223.111;225;;11.9903;35.6521;-0.0785;0.301;1.00E-12;2.0678;1482.1
ENV2;S6;D;8;224.102;226;;11.9845;35.6516;-0.074;0.2996;1.00E-12;2.0677;1500.2
ENV2;S6;D;8;225.093;227;;11.979;35.6511;-0.0746;0.3005;1.00E-12;2.067;1510.9
ENV2;S6;D;8;226.084;228;;11.9761;35.6507;-0.0769;0.2911;1.00E-12;2.0665;1525.9
ENV2;S6;D;8;227.075;229;;11.9713;35.65;-0.0678;0.284;1.00E-12;2.0665;1532.4
ENV2;S6;D;8;228.066;230;;11.97;35.65;-0.0695;0.2983;1.00E-12;2.0662;1530.7
ENV2;S6;D;8;229.057;231;;11.9685;35.6498;-0.0699;0.3249;1.00E-12;2.0666;1528.9
ENV2;S6;D;8;230.048;232;;11.9663;35.6496;-0.075;0.32;1.00E-12;2.0669;1529.3
ENV2;S6;D;8;231.039;233;;11.9648;35.6494;-0.0813;0.3031;1.00E-12;2.0674;1536.2
ENV2;S6;D;8;232.03;234;;11.9565;35.6484;-0.0734;0.2963;1.00E-12;2.0671;1541.9
ENV2;S6;D;8;233.021;235;;11.9497;35.6481;-0.0698;0.2909;1.00E-12;2.0669;1549.4
ENV2;S6;D;8;234.012;236;;11.9469;35.6475;-0.0695;0.2747;1.00E-12;2.0671;1561.5
ENV2;S6;D;8;235.003;237;;11.9286;35.6457;-0.0706;0.2791;1.00E-12;2.0675;1572.2
ENV2;S6;D;8;235.994;238;;11.9132;35.6447;-0.0752;0.2727;1.00E-12;2.0673;1578.3
ENV2;S6;D;8;236.985;239;;11.9163;35.6447;-0.0742;0.2557;1.00E-12;2.0672;1589
ENV2;S6;D;8;237.976;240;;11.9004;35.6429;-0.0936;0.2432;1.00E-12;2.0681;1607.5
ENV2;S6;D;8;238.967;241;;11.8936;35.6416;-0.082;0.2671;1.00E-12;2.0682;1616.5
ENV2;S6;D;8;239.958;242;;11.8874;35.6406;-0.0851;0.2549;1.00E-12;2.0685;1623.3
ENV2;S6;D;8;240.949;243;;11.8816;35.6397;-0.0867;0.2412;1.00E-12;2.0715;1624.7
ENV2;S6;D;8;241.94;244;;11.8759;35.639;-0.0902;0.2349;1.00E-12;2.0734;1625.6
ENV2;S6;D;8;242.931;245;;11.8742;35.6387;-0.0887;0.2314;1.00E-12;2.0741;1631
ENV2;S6;D;8;243.922;246;;11.8741;35.6384;-0.0782;0.233;1.00E-12;2.0759;1645.9
ENV2;S6;D;8;244.913;247;;11.8672;35.6373;-0.0794;0.2186;1.00E-12;2.0778;1664
ENV2;S6;D;8;245.904;248;;11.8428;35.6344;-0.0916;0.2079;1.00E-12;2.0783;1676.7
ENV2;S6;D;8;246.895;249;;11.8331;35.6333;-0.0737;0.2078;1.00E-12;2.0788;1690.6
ENV2;S6;D;8;247.886;250;;11.8239;35.632;-0.0834;0.2112;1.00E-12;2.0816;1707.3
ENV2;S6;D;8;248.877;251;;11.8188;35.6314;-0.0817;0.1876;1.00E-12;2.0842;1723.1
ENV2;S6;D;8;249.868;252;;11.8087;35.6307;-0.0812;0.173;1.00E-12;2.0876;1746.5
ENV2;S6;D;8;250.859;253;;11.7943;35.6288;-0.0886;0.1834;1.00E-12;2.0902;1765.9
ENV2;S6;D;8;251.85;254;;11.7867;35.6288;-0.0939;0.1683;1.00E-12;2.0906;1771.7
ENV2;S6;D;8;252.841;255;;11.7885;35.6284;-0.0858;0.1692;1.00E-12;2.0918;1798.7
ENV3;S3;D;0;3.969;4;;14.1317;35.5987;10.9646;0.8941;216.35;8.48545;288.11
ENV3;S3;D;0;4.961;5;;14.1437;35.6033;11.8356;0.912;137.04;8.7612;286.8
ENV3;S3;D;0;5.953;6;;14.1361;35.6047;12.9914;1.0252;92.731;8.78079;289.44
ENV3;S3;D;0;6.945;7;;14.1188;35.6043;12.4731;0.9879;58.338;8.75997;287.83
ENV3;S3;D;0;7.937;8;;14.0739;35.6068;13.7812;0.9785;40.911;8.67569;287.91
ENV3;S3;D;0;8.929;9;;13.9518;35.6057;14.6836;1.0682;23.976;8.58138;290.17
ENV3;S3;D;0;9.921;10;;13.5777;35.6215;12.8958;0.9264;19.174;7.82376;285.6
ENV3;S3;D;0;10.913;11;;13.4199;35.6237;12.0617;0.9515;11.356;7.50144;288.4
ENV3;S3;D;0;11.905;12;;13.269;35.6259;9.6152;0.8274;9.1778;7.02207;287.07
ENV3;S3;D;0;12.897;13;;13.1297;35.6256;7.6947;0.6717;6.6521;6.84114;286.98
ENV3;S3;D;0;13.89;14;;12.9516;35.6375;6.3575;0.6839;4.8034;6.75442;289.25
ENV3;S3;D;0;14.882;15;;12.8546;35.6404;4.4339;0.6036;3.7482;6.53035;289.65
ENV3;S3;D;0;15.874;16;;12.8334;35.6423;3.557;0.5422;3.7087;6.36919;293.76
ENV3;S3;D;0;16.866;17;;12.8037;35.6398;3.5584;0.581;3.2073;6.4162;287.17
ENV3;S3;D;0;17.858;18;;12.7351;35.6337;2.4851;0.4907;2.3538;6.3998;289.3
ENV3;S3;D;0;18.85;19;;12.6587;35.6391;1.8816;0.4473;1.8695;6.44739;289.01
ENV3;S3;D;0;19.842;20;;12.6151;35.6493;1.2405;0.363;1.8898;6.46892;286.84
ENV3;S3;D;0;20.834;21;;12.5996;35.6542;1.0323;0.3283;1.8917;6.41607;293.58
ENV3;S3;D;0;21.826;22;;12.5975;35.6556;0.9816;0.3652;1.4301;6.3905;289.4
ENV3;S3;D;0;22.818;23;;12.5987;35.6589;0.9764;0.4494;1.172;6.36342;287.72
ENV3;S3;D;0;23.81;24;;12.6033;35.6623;0.9181;0.4085;1.1008;6.21215;286.06
ENV3;S3;D;0;24.802;25;;12.608;35.6641;0.815;0.4419;1.0737;6.03712;286.23
ENV3;S3;D;0;25.794;26;;12.6104;35.6632;0.9177;0.4762;0.97332;5.7423;287.36
ENV3;S3;D;0;26.786;27;;12.6081;35.6639;0.8384;0.4752;0.75439;5.84881;289.1
ENV3;S3;D;0;27.778;28;;12.6085;35.6647;0.9354;0.4955;0.64052;5.8435;287.52
ENV3;S3;D;0;28.77;29;;12.6085;35.6651;0.7603;0.5024;0.5797;5.80964;287.3
ENV3;S3;D;0;29.762;30;;12.6109;35.6645;0.6158;0.4645;0.63527;5.71091;283.91
ENV3;S3;D;0;30.754;31;;12.6022;35.6657;0.7877;0.5362;0.51103;5.71607;288.08
ENV3;S3;D;0;31.746;32;;12.5913;35.6661;0.6511;0.6404;0.41845;5.6095;289.31
ENV3;S3;D;0;32.738;33;;12.5873;35.6662;0.5903;0.7015;0.36556;5.5332;289.28
ENV3;S3;D;0;33.73;34;;12.5869;35.6662;0.4912;0.7152;0.33971;5.47241;286.16
ENV3;S3;D;0;34.722;35;;12.5864;35.6659;0.4827;0.6292;0.35155;5.43708;283.85
ENV3;S3;D;0;35.714;36;;12.587;35.6661;0.5017;0.7551;0.28089;5.44103;288.33
ENV3;S3;D;0;36.706;37;;12.588;35.666;0.4418;0.7834;0.22185;5.4457;289.28
ENV3;S3;D;0;37.698;38;;12.5881;35.666;0.4912;0.754;0.185;5.43615;288.06
ENV3;S3;D;0;38.69;39;;12.5882;35.6659;0.4797;0.751;0.18012;5.44394;285.85
ENV3;S3;D;0;39.682;40;;12.5851;35.6656;0.4029;0.7337;0.16995;5.45189;285.37
ENV3;S3;D;0;40.674;41;;12.5758;35.6651;0.3869;0.9003;0.12932;5.42389;287.14
ENV3;S3;D;0;41.666;42;;12.5564;35.6639;0.3039;0.9194;0.10013;5.3855;288.12
ENV3;S3;D;0;42.658;43;;12.5404;35.6635;0.2839;1.0405;0.090193;5.41288;286.24
ENV3;S3;D;0;43.65;44;;12.5326;35.6628;0.2903;0.9906;0.083624;5.48188;285.39
ENV3;S3;D;0;44.642;45;;12.5224;35.6627;0.2357;0.9301;0.064985;5.51437;287.24
ENV3;S3;D;0;45.633;46;;12.5218;35.6628;0.2221;1.0223;0.047906;5.57769;287.28
ENV3;S3;D;0;46.625;47;;12.5188;35.6624;0.2;0.9948;0.038009;5.57943;288.29
ENV3;S3;D;0;47.617;48;;12.51;35.6625;0.1858;0.9669;0.028375;5.55809;288.11
ENV3;S3;D;0;48.609;49;;12.5084;35.6625;0.1976;0.952;0.020842;5.61251;284.99
ENV3;S3;D;0;49.601;50;;12.5082;35.6624;0.2016;0.9709;0.011046;5.63092;286.54
ENV3;S3;D;0;50.593;51;;12.5067;35.6624;0.18;1.0529;0.00056639;5.62361;287.33
ENV3;S3;D;0;51.585;52;;12.5058;35.6623;0.189;1.0043;0.00021526;5.62045;287.42
ENV3;S3;D;0;52.577;53;;12.5039;35.6622;0.1929;1.1528;0.00000133;5.62244;286.78
ENV3;S3;D;0;53.569;54;;12.5005;35.6622;0.2015;1.1013;1.00E-12;5.61926;287.3
ENV3;S3;D;0;54.561;55;;12.4974;35.6623;0.1666;1.1192;1.00E-12;5.62161;287.28
ENV3;S3;D;0;55.553;56;;12.4965;35.6622;0.1843;1.149;1.00E-12;5.62403;287.28
ENV3;S3;D;0;56.544;57;;12.4927;35.6622;0.1798;1.1617;1.00E-12;5.61339;285.5
ENV3;S3;D;0;57.536;58;;12.49;35.6623;0.1471;1.2337;1.00E-12;5.59997;286.68
ENV3;S3;D;0;58.528;59;;12.4889;35.6622;0.1356;1.3337;1.00E-12;5.61348;287.17
ENV3;S3;D;0;59.52;60;;12.4894;35.662;0.1519;1.2371;1.00E-12;5.61547;286.91
ENV3;S3;D;0;60.512;61;;12.4892;35.6621;0.1555;1.2651;1.00E-12;5.61526;287.28
ENV3;S3;D;0;61.504;62;;12.4887;35.6621;0.1475;1.2005;1.00E-12;5.61695;287.28
ENV3;S3;D;0;62.495;63;;12.4881;35.6622;0.1607;1.1511;1.00E-12;5.61398;287.23
ENV3;S3;D;0;63.488;64;;12.4877;35.662;0.1644;1.1195;1.00E-12;5.64234;285.72
ENV3;S3;D;0;64.479;65;;12.4837;35.662;0.1488;1.1477;1.00E-12;5.64857;287.27
ENV3;S3;D;0;65.471;66;;12.4784;35.6616;0.1286;1.279;1.00E-12;5.64239;286.95
ENV3;S3;D;0;66.463;67;;12.4723;35.6619;0.1236;1.179;1.00E-12;5.66319;287.08
ENV3;S3;D;0;67.455;68;;12.462;35.6612;0.1175;1.0408;1.00E-12;5.70807;287.29
ENV3;S3;D;0;68.446;69;;12.4517;35.6617;0.1263;1.4857;1.00E-12;5.71519;287.28
ENV3;S3;D;0;69.438;70;;12.4461;35.6618;0.1107;1.341;1.00E-12;5.75897;285.47
ENV3;S3;D;0;70.43;71;;12.441;35.662;0.1004;1.1838;1.00E-12;5.78068;286.19
ENV3;S3;D;0;71.422;72;;12.4387;35.6619;0.0784;1.1645;1.00E-12;5.7935;287.35
ENV3;S3;D;0;72.414;73;;12.4344;35.6618;0.0797;1.2365;1.00E-12;5.78579;285.25
ENV3;S3;D;0;73.405;74;;12.4337;35.6618;0.0868;1.2483;1.00E-12;5.79018;285.29
ENV3;S3;D;0;74.397;75;;12.4319;35.6617;0.0816;1.2368;1.00E-12;5.78068;287.23
ENV3;S3;D;0;75.389;76;;12.429;35.6615;0.0755;1.2082;1.00E-12;5.7685;288.16
ENV3;S3;D;0;76.381;77;;12.4285;35.6615;0.0832;1.2796;1.00E-12;5.76155;286.28
ENV3;S3;D;0;77.373;78;;12.428;35.6615;0.0841;1.2468;1.00E-12;5.76971;285.25
ENV3;S3;D;0;78.364;79;;12.4259;35.6611;0.0723;1.3318;1.00E-12;5.75356;285.29
ENV3;S3;D;0;79.356;80;;12.4244;35.6607;0.0812;1.5265;1.00E-12;5.72858;285.69
ENV3;S3;D;0;80.348;81;;12.4133;35.6598;0.1014;2.0617;1.00E-12;5.69569;287.6
ENV3;S3;D;0;81.34;82;;12.406;35.6597;0.0892;2.2238;1.00E-12;5.62067;287.32
ENV3;S3;D;0;82.331;83;;12.404;35.6597;0.0813;2.2092;1.00E-12;5.63693;285.59
ENV3;S3;D;0;83.323;84;;12.3984;35.6592;0.0712;2.2252;1.00E-12;5.65766;284.64
ENV3;S3;D;0;84.315;85;;12.399;35.6594;0.0878;1.853;1.00E-12;5.64546;286.02
ENV3;S3;D;0;85.307;86;;12.4;35.6591;0.0773;2.5492;1.00E-12;5.63033;294.88
ENV3;S3;D;1;3.969;4;;14.9845;35.4564;9.1409;0.9082;30.227;9.43873;116.04
ENV3;S3;D;1;4.961;5;;14.9743;35.5874;8.517;0.8757;20.687;9.49684;115.43
ENV3;S3;D;1;5.953;6;;14.9756;35.5877;9.1005;0.8958;13.123;9.48352;115.71
ENV3;S3;D;1;6.945;7;;14.9701;35.5885;8.9015;0.8857;8.6259;9.49111;115.71
ENV3;S3;D;1;7.937;8;;14.9513;35.5894;9.5363;0.8889;6.1556;9.48187;115.67
ENV3;S3;D;1;8.929;9;;14.8981;35.5918;9.7152;0.9492;4.3852;9.4479;115.71
ENV3;S3;D;1;9.921;10;;14.6595;35.6038;11.3483;1.0891;3.066;9.43354;115.71
ENV3;S3;D;1;10.913;11;;14.3496;35.6185;13.4037;1.1998;2.1574;9.23643;115.71
ENV3;S3;D;1;11.905;12;;14.2181;35.6193;13.6017;1.1688;1.5049;8.84534;115.71
ENV3;S3;D;1;12.897;13;;14.1308;35.6162;13.8537;1.1718;1.0392;8.71403;115.71
ENV3;S3;D;1;13.889;14;;13.9798;35.6169;14.7958;1.2323;0.68821;8.6939;115.51
ENV3;S3;D;1;14.882;15;;13.7525;35.6332;12.8735;1.1153;0.47631;8.44827;116.95
ENV3;S3;D;1;15.874;16;;13.4322;35.631;9.9905;0.8859;0.30508;7.88505;115.72
ENV3;S3;D;1;16.866;17;;13.2533;35.635;6.9767;0.8266;0.19974;7.38781;115.71
ENV3;S3;D;1;17.858;18;;13.2028;35.6355;5.3169;0.6972;0.13631;7.00561;115.8
ENV3;S3;D;1;18.85;19;;13.0961;35.6404;4.7753;0.656;0.10144;6.80051;115.71
ENV3;S3;D;1;19.842;20;;12.9089;35.641;3.0245;0.5552;0.07623;6.64509;115.71
ENV3;S3;D;1;20.834;21;;12.842;35.6383;2.2922;0.5275;0.052192;6.50075;116.1
ENV3;S3;D;1;21.826;22;;12.786;35.6326;2.3654;0.5105;0.039327;6.51095;117.62
ENV3;S3;D;1;22.818;23;;12.7652;35.6292;2.2198;0.4593;0.030035;6.63192;115.75
ENV3;S3;D;1;23.81;24;;12.6809;35.629;1.9668;0.4994;0.021487;6.64785;116.51
ENV3;S3;D;1;24.802;25;;12.6329;35.6289;1.3532;0.44;0.010469;6.59794;117.47
ENV3;S3;D;1;25.794;26;;12.606;35.6246;1.2301;0.3856;0.0061888;6.55485;115.7
ENV3;S3;D;1;26.786;27;;12.5522;35.6225;1.0943;0.3625;0.000863;6.57722;117.62
ENV3;S3;D;1;27.778;28;;12.5075;35.6215;0.8776;0.3779;0.000015368;6.58388;117.71
ENV3;S3;D;1;28.77;29;;12.4904;35.62;0.7048;0.3439;1.00E-12;6.6051;117.71
ENV3;S3;D;1;29.762;30;;12.4859;35.6192;0.6579;0.3247;1.00E-12;6.61412;117.71
ENV3;S3;D;1;30.754;31;;12.4751;35.6206;0.5726;0.3151;1.00E-12;6.61931;117.06
ENV3;S3;D;1;31.746;32;;12.4574;35.624;0.4748;0.3185;1.00E-12;6.6016;116.71
ENV3;S3;D;1;32.738;33;;12.4456;35.6326;0.3804;0.3157;1.00E-12;6.62453;117.75
ENV3;S3;D;1;33.73;34;;12.4435;35.6344;0.3282;0.3265;1.00E-12;6.56006;117.71
ENV3;S3;D;1;34.722;35;;12.4424;35.6344;0.3448;0.3298;1.00E-12;6.47062;117.71
ENV3;S3;D;1;35.714;36;;12.441;35.6348;0.3123;0.3364;1.00E-12;6.46328;117.71
ENV3;S3;D;1;36.706;37;;12.4404;35.6348;0.3193;0.3237;1.00E-12;6.44725;117.71
ENV3;S3;D;1;37.698;38;;12.4389;35.6342;0.3139;0.3308;1.00E-12;6.44599;117.71
ENV3;S3;D;1;38.69;39;;12.4302;35.6345;0.3238;0.3438;1.00E-12;6.45761;117.71
ENV3;S3;D;1;39.682;40;;12.4339;35.6371;0.3158;0.3375;1.00E-12;6.45161;117.71
ENV3;S3;D;1;40.674;41;;12.4695;35.6538;0.2745;0.3496;1.00E-12;6.39534;117.71
ENV3;S3;D;1;41.666;42;;12.4921;35.6649;0.2557;0.537;1.00E-12;6.27754;117.71
ENV3;S3;D;1;42.658;43;;12.4846;35.6651;0.2604;0.7779;1.00E-12;5.91553;117.71
ENV3;S3;D;1;43.65;44;;12.4788;35.665;0.2342;0.8001;1.00E-12;5.62828;117.76
ENV3;S3;D;1;44.642;45;;12.4731;35.6643;0.2243;0.8154;1.00E-12;5.66283;117.71
ENV3;S3;D;1;45.634;46;;12.4713;35.6641;0.2175;0.9024;1.00E-12;5.65657;117.71
ENV3;S3;D;1;46.625;47;;12.4664;35.6639;0.1775;0.8894;1.00E-12;5.67906;118.03
ENV3;S3;D;1;47.617;48;;12.463;35.6638;0.1518;0.8874;1.00E-12;5.70802;118.34
ENV3;S3;D;1;48.609;49;;12.461;35.6634;0.1427;0.8377;1.00E-12;5.71777;118.54
ENV3;S3;D;1;49.601;50;;12.4571;35.6634;0.1157;0.8323;1.00E-12;5.71355;118.85
ENV3;S3;D;1;50.593;51;;12.4508;35.6636;0.0886;0.8786;1.00E-12;5.72318;118.75
ENV3;S3;D;1;51.585;52;;12.448;35.6637;0.0436;0.8864;1.00E-12;5.74857;119.69
ENV3;S3;D;1;52.577;53;;12.4475;35.6637;0.0471;0.8357;1.00E-12;5.77534;119.7
ENV3;S3;D;1;53.569;54;;12.4469;35.6637;0.0397;0.8361;1.00E-12;5.77904;119.4
ENV3;S3;D;1;54.561;55;;12.4463;35.6637;0.0907;0.9863;1.00E-12;5.76339;119.42
ENV3;S3;D;1;55.553;56;;12.4457;35.6638;0.0435;0.9689;1.00E-12;5.78141;119.68
ENV3;S3;D;1;56.544;57;;12.4449;35.664;0.0321;0.8872;1.00E-12;5.78617;119.7
ENV3;S3;D;1;57.536;58;;12.4443;35.6639;0.029;0.877;1.00E-12;5.79332;119.7
ENV3;S3;D;1;58.528;59;;12.4438;35.6639;0.0442;0.9525;1.00E-12;5.79881;119.7
ENV3;S3;D;1;59.52;60;;12.4434;35.664;0.0355;1.0032;1.00E-12;5.79552;119.7
ENV3;S3;D;1;60.512;61;;12.4427;35.6641;0.0551;0.9247;1.00E-12;5.78619;119.7
ENV3;S3;D;1;61.504;62;;12.4415;35.6639;0.0641;0.9681;1.00E-12;5.81187;119.7
ENV3;S3;D;1;62.495;63;;12.4357;35.6635;0.0997;1.051;1.00E-12;5.80832;119.7
ENV3;S3;D;1;63.487;64;;12.4329;35.6637;0.0959;0.9523;1.00E-12;5.80816;120.62
ENV3;S3;D;1;64.479;65;;12.43;35.6631;0.0777;0.8996;1.00E-12;5.79932;119.66
ENV3;S3;D;1;65.471;66;;12.4287;35.6631;0.0736;0.9951;1.00E-12;5.78594;119.83
ENV3;S3;D;1;66.463;67;;12.4273;35.6641;0.0695;1.0036;1.00E-12;5.80344;121.55
ENV3;S3;D;1;67.455;68;;12.4186;35.6633;0.0485;0.9125;1.00E-12;5.83922;119.93
ENV3;S3;D;1;68.447;69;;12.4149;35.6625;0.0681;1.1764;1.00E-12;5.76106;119.77
ENV3;S3;D;1;69.438;70;;12.4122;35.6625;0.0491;1.2064;1.00E-12;5.69912;121.59
ENV3;S3;D;1;70.43;71;;12.4104;35.6626;0.047;1.1108;1.00E-12;5.6621;121.25
ENV3;S3;D;1;71.422;72;;12.4091;35.6624;0.0255;1.0826;1.00E-12;5.68674;119.67
ENV3;S3;D;1;72.414;73;;12.4089;35.6623;0.0403;1.1242;1.00E-12;5.69773;121.61
ENV3;S3;D;1;73.405;74;;12.4083;35.6623;0.0492;1.1823;1.00E-12;5.6976;121.69
ENV3;S3;D;1;74.397;75;;12.4071;35.6625;0.0403;1.0893;1.00E-12;5.69751;121.44
ENV3;S3;D;1;75.389;76;;12.4055;35.6623;0.0407;1.0798;1.00E-12;5.69442;121.65
ENV3;S3;D;1;76.381;77;;12.4048;35.6622;0.0328;1.2016;1.00E-12;5.68764;121.7
ENV3;S3;D;1;77.373;78;;12.4041;35.6623;0.0339;1.2561;1.00E-12;5.70562;121.7
ENV3;S3;D;1;78.364;79;;12.4038;35.6622;0.0272;1.1419;1.00E-12;5.70667;121.7
ENV3;S3;D;1;79.356;80;;12.4037;35.6622;0.0349;1.1158;1.00E-12;5.70978;121.7
ENV3;S3;D;1;80.348;81;;12.4038;35.6621;0.0247;1.2109;1.00E-12;5.7108;121.7
ENV3;S3;D;1;81.34;82;;12.4037;35.6622;0.0436;1.2559;1.00E-12;5.71477;121.7
ENV3;S3;D;1;82.331;83;;12.4029;35.6621;0.0461;1.1812;1.00E-12;5.73569;121.7
ENV3;S3;D;1;83.323;84;;12.3987;35.6618;0.0386;1.0878;1.00E-12;5.74838;121.7
ENV3;S3;D;1;84.315;85;;12.3893;35.6614;0.0445;1.2287;1.00E-12;5.75385;121.7
ENV3;S3;D;1;85.307;86;;12.3804;35.6605;0.0508;1.4231;1.00E-12;5.74254;121.7
ENV3;S3;D;1;86.298;87;;12.3632;35.6597;0.0427;1.4743;1.00E-12;5.74149;122.61
ENV3;S3;D;1;87.29;88;;12.3209;35.6553;0.0289;1.4157;1.00E-12;5.79335;121.67
ENV3;S3;D;1;88.282;89;;12.2956;35.6539;0.019;2.2813;1.00E-12;5.76618;121.7
ENV3;S3;D;1;89.273;90;;12.2882;35.6531;0.0192;2.88;1.00E-12;5.74826;121.7
ENV3;S3;D;1;90.265;91;;12.2434;35.6497;0.051;3.3416;1.00E-12;5.6343;122.78
ENV3;S3;D;2;3.969;4;;14.4223;35.6016;10.6387;1.0403;27.159;9.56074;142.13
ENV3;S3;D;2;4.961;5;;14.3587;35.609;12.0722;1.1892;17.801;9.73712;126.08
ENV3;S3;D;2;5.953;6;;14.2929;35.6069;15.7338;1.3307;11.394;9.67003;187.43
ENV3;S3;D;2;6.945;7;;14.0863;35.6111;16.8951;1.2839;6.9382;9.37479;147.28
ENV3;S3;D;2;7.937;8;;13.9957;35.6102;15.8126;1.3162;4.4025;8.84908;128.21
ENV3;S3;D;2;8.929;9;;13.8557;35.6119;17.2821;1.335;2.8583;8.39218;127.68
ENV3;S3;D;2;9.921;10;;13.8194;35.6119;17.2295;1.4776;1.8725;7.97744;137.42
ENV3;S3;D;2;10.913;11;;13.7967;35.6115;18.2734;1.4171;1.1164;7.89612;127.86
ENV3;S3;D;2;11.905;12;;13.653;35.6105;17.1071;1.5184;0.7499;7.91163;125.76
ENV3;S3;D;2;12.897;13;;13.5596;35.6132;14.3387;1.2763;0.51084;7.67103;127.5
ENV3;S3;D;2;13.889;14;;13.4935;35.6106;12.8082;1.1097;0.33802;7.29427;126.16
ENV3;S3;D;2;14.882;15;;13.4074;35.609;8.581;1.0364;0.2177;7.29155;127.56
ENV3;S3;D;2;15.874;16;;13.3311;35.6096;6.1541;0.904;0.14691;7.19519;126.38
ENV3;S3;D;2;16.866;17;;13.2622;35.6065;5.1577;0.8285;0.11692;7.06099;126.24
ENV3;S3;D;2;17.858;18;;13.1546;35.6072;4.246;0.68;0.086351;6.9647;126.53
ENV3;S3;D;2;18.85;19;;13.0918;35.6065;3.6361;0.6278;0.060666;6.94324;125.69
ENV3;S3;D;2;19.842;20;;13.0537;35.6113;2.9767;0.5559;0.04497;7.05275;125.69
ENV3;S3;D;2;20.834;21;;12.9486;35.6097;2.2795;0.527;0.038826;6.9173;126.92
ENV3;S3;D;2;21.826;22;;12.8567;35.6177;2.1295;0.5689;0.023711;6.76614;127.7
ENV3;S3;D;2;22.818;23;;12.7998;35.6185;1.603;0.4678;0.011323;6.73441;126.76
ENV3;S3;D;2;23.81;24;;12.7199;35.6251;1.1911;0.4295;0.0076327;6.66503;126.6
ENV3;S3;D;2;24.802;25;;12.6623;35.6223;1.0828;0.4001;0.0049094;6.5328;127.72
ENV3;S3;D;2;25.794;26;;12.6039;35.6225;0.8472;0.3978;-0.00002161;6.54752;127.68
ENV3;S3;D;2;26.786;27;;12.5665;35.6204;0.7741;0.3633;-0.000000507;6.64336;127.68
ENV3;S3;D;2;27.778;28;;12.5334;35.6206;0.8412;0.3518;1.00E-12;6.70024;127.68
ENV3;S3;D;2;28.77;29;;12.5033;35.6197;0.7831;0.3283;1.00E-12;6.71073;128.53
ENV3;S3;D;2;29.762;30;;12.4712;35.6167;0.669;0.3242;1.00E-12;6.71666;129.59
ENV3;S3;D;2;30.754;31;;12.4436;35.6144;0.6473;0.3587;1.00E-12;6.67237;129.64
ENV3;S3;D;2;31.746;32;;12.4318;35.6161;0.6461;0.3074;1.00E-12;6.63051;129.05
ENV3;S3;D;2;32.738;33;;12.4218;35.6171;0.5407;0.2986;1.00E-12;6.64974;127.7
ENV3;S3;D;2;33.73;34;;12.4124;35.6178;0.542;0.283;1.00E-12;6.68989;130.24
ENV3;S3;D;2;34.722;35;;12.4094;35.6182;0.4921;0.3024;1.00E-12;6.71772;129.12
ENV3;S3;D;2;35.714;36;;12.3981;35.6203;0.3937;0.2669;1.00E-12;6.73289;128.39
ENV3;S3;D;2;36.706;37;;12.3733;35.6213;0.354;0.2594;1.00E-12;6.75678;129.79
ENV3;S3;D;2;37.698;38;;12.3626;35.6208;0.3198;0.2439;1.00E-12;6.70411;129.68
ENV3;S3;D;2;38.69;39;;12.3526;35.619;0.3248;0.2539;1.00E-12;6.67393;129.68
ENV3;S3;D;2;39.682;40;;12.347;35.6183;0.4107;0.2796;1.00E-12;6.61374;129.57
ENV3;S3;D;2;40.674;41;;12.3426;35.6185;0.4739;0.2534;1.00E-12;6.55389;129.69
ENV3;S3;D;2;41.666;42;;12.3408;35.6201;0.3654;0.2783;1.00E-12;6.56428;129.68
ENV3;S3;D;2;42.658;43;;12.3259;35.6216;0.3329;0.2689;1.00E-12;6.58992;130.46
ENV3;S3;D;2;43.65;44;;12.3069;35.6224;0.2908;0.2487;1.00E-12;6.62809;128.8
ENV3;S3;D;2;44.642;45;;12.2908;35.6234;0.3135;0.2461;1.00E-12;6.62698;129.86
ENV3;S3;D;2;45.634;46;;12.2835;35.6241;0.2927;0.2537;1.00E-12;6.62117;129.68
ENV3;S3;D;2;46.625;47;;12.2811;35.6243;0.2675;0.2441;1.00E-12;6.61963;129.68
ENV3;S3;D;2;47.617;48;;12.2739;35.6242;0.2718;0.2447;1.00E-12;6.63159;129.68
ENV3;S3;D;2;48.609;49;;12.2653;35.6232;0.2406;0.2601;1.00E-12;6.66081;129.68
ENV3;S3;D;2;49.601;50;;12.2489;35.623;0.2875;0.2866;1.00E-12;6.62304;129.68
ENV3;S3;D;2;50.593;51;;12.2427;35.6237;0.352;0.4145;1.00E-12;6.59223;131.21
ENV3;S3;D;2;51.585;52;;12.2405;35.6242;0.2461;0.2685;1.00E-12;6.58639;129.7
ENV3;S3;D;2;52.577;53;;12.2375;35.6246;0.2623;0.2679;1.00E-12;6.57477;129.68
ENV3;S3;D;2;53.569;54;;12.2351;35.6245;0.2773;0.2623;1.00E-12;6.57327;129.68
ENV3;S3;D;2;54.561;55;;12.2332;35.6246;0.2591;0.2632;1.00E-12;6.55475;129.68
ENV3;S3;D;2;55.552;56;;12.2313;35.6244;0.276;0.2696;1.00E-12;6.55809;129.68
ENV3;S3;D;2;56.544;57;;12.2279;35.6246;0.2673;0.2885;1.00E-12;6.55337;129.68
ENV3;S3;D;2;57.536;58;;12.2271;35.6247;0.258;0.2854;1.00E-12;6.56275;129.68
ENV3;S3;D;2;58.528;59;;12.2267;35.6247;0.2722;0.2866;1.00E-12;6.55219;129.68
ENV3;S3;D;2;59.52;60;;12.2257;35.6248;0.2486;0.2734;1.00E-12;6.55632;129.68
ENV3;S3;D;2;60.512;61;;12.2206;35.6251;0.212;0.2628;1.00E-12;6.55449;129.68
ENV3;S3;D;2;61.504;62;;12.2163;35.6256;0.2158;0.2815;1.00E-12;6.5371;129.68
ENV3;S3;D;2;62.496;63;;12.2135;35.6256;0.2456;0.2547;1.00E-12;6.50816;129.68
ENV3;S3;D;2;63.487;64;;12.2104;35.6258;0.1923;0.2646;1.00E-12;6.50734;129.68
ENV3;S3;D;2;64.479;65;;12.2025;35.626;0.1763;0.2751;1.00E-12;6.50504;130.67
ENV3;S3;D;2;65.471;66;;12.1922;35.6269;0.1195;0.2664;1.00E-12;6.4878;129.69
ENV3;S3;D;2;66.463;67;;12.1813;35.6282;0.1174;0.3104;1.00E-12;6.4096;131.02
ENV3;S3;D;2;67.455;68;;12.1732;35.6291;0.1044;0.2964;1.00E-12;6.36009;130.26
ENV3;S3;D;2;68.446;69;;12.1641;35.6307;0.0787;0.3039;1.00E-12;6.34945;129.69
ENV3;S3;D;2;69.438;70;;12.1586;35.6316;0.0481;0.3238;1.00E-12;6.2987;131.35
ENV3;S3;D;2;70.43;71;;12.15;35.6327;0.0528;0.3456;1.00E-12;6.27631;131.7
ENV3;S3;D;2;71.422;72;;12.1441;35.6338;0.031;0.3419;1.00E-12;6.26069;130.74
ENV3;S3;D;2;72.414;73;;12.1404;35.6343;0.0545;0.3732;1.00E-12;6.23273;130.92
ENV3;S3;D;2;73.405;74;;12.1363;35.6346;0.0572;0.3718;1.00E-12;6.19967;131.74
ENV3;S3;D;2;74.397;75;;12.1274;35.6356;0.056;0.3964;1.00E-12;6.20499;131.67
ENV3;S3;D;2;75.389;76;;12.1071;35.636;0.0479;0.4352;1.00E-12;6.17231;131.67
ENV3;S3;D;2;76.381;77;;12.0805;35.637;0.0517;0.495;1.00E-12;6.06195;132.77
ENV3;S3;D;2;77.373;78;;12.0658;35.6373;0.0383;0.5234;1.00E-12;5.97691;131.69
ENV3;S3;D;2;78.364;79;;12.0571;35.6371;0.022;0.6153;1.00E-12;5.90146;133.04
ENV3;S3;D;2;79.356;80;;12.0479;35.637;0.0208;0.7064;1.00E-12;5.83297;132.81
ENV3;S3;D;2;80.348;81;;12.0412;35.6376;0.0035;0.9194;1.00E-12;5.76211;133.3
ENV3;S3;D;2;81.34;82;;12.0388;35.638;0.0064;1.1249;1.00E-12;5.67358;133.7
ENV3;S3;D;2;82.331;83;;12.0369;35.6383;-0.0004;1.639;1.00E-12;5.65403;133.67
ENV3;S3;D;2;83.323;84;;12.0369;35.6383;0.0076;1.9874;1.00E-12;5.57195;134.48
ENV3;S3;D;2;84.315;85;;12.0372;35.6383;-0.0061;2.0985;1.00E-12;5.53372;133.64
ENV3;S3;D;2;85.307;86;;12.0374;35.6383;0.0041;2.2666;1.00E-12;5.52834;135.06
ENV3;S3;D;2;86.298;87;;12.038;35.6383;0.0215;2.485;1.00E-12;5.53248;133.64
ENV3;S3;D;2;87.29;88;;12.0384;35.6384;0.0198;2.7909;1.00E-12;5.51797;135.28
ENV3;S3;D;2;88.282;89;;12.0384;35.6383;0.002;2.8635;1.00E-12;5.49874;134.44
ENV3;S3;D;2;89.273;90;;12.042;35.638;0.0183;1.6892;1.00E-12;5.52766;134.53
ENV3;S3;D;3;3.969;4;;13.9992;35.8305;10.1168;1.0827;28.948;11.131;225.44
ENV3;S3;D;3;4.961;5;;14.5265;35.5933;9.5788;1.0274;19.735;8.75105;242.4
ENV3;S3;D;3;5.953;6;;14.5664;35.6008;9.259;1.0248;13.409;8.49212;240.04
ENV3;S3;D;3;6.945;7;;14.7794;35.5915;9.6087;1.0596;8.7142;8.56483;236.06
ENV3;S3;D;3;7.937;8;;14.5409;35.573;9.732;0.9355;6.6919;8.95631;232.72
ENV3;S3;D;3;8.929;9;;13.8548;35.5923;6.0531;0.8324;4.0864;8.45039;237.22
ENV3;S3;D;3;9.921;10;;13.064;35.6172;2.7808;0.6643;2.7439;7.58336;242.23
ENV3;S3;D;3;10.913;11;;13.0263;35.6129;2.2322;0.6383;2.095;6.81034;247.21
ENV3;S3;D;3;11.905;12;;12.8825;35.6122;1.6371;0.5288;1.8397;6.66255;244.46
ENV3;S3;D;3;12.897;13;;12.7008;35.618;1.1008;0.468;1.6553;6.63453;233
ENV3;S3;D;3;13.889;14;;12.6048;35.6197;1.0499;0.4212;1.3448;6.58335;223.77
ENV3;S3;D;3;14.882;15;;12.5787;35.6193;1.0446;0.4049;1.0999;6.618;224.07
ENV3;S3;D;3;15.874;16;;12.5547;35.6177;1.1723;0.3978;0.9293;6.62464;241.86
ENV3;S3;D;3;16.866;17;;12.5219;35.6192;1.1686;0.4035;0.78834;6.5867;251.75
ENV3;S3;D;3;17.858;18;;12.5174;35.6198;0.8248;0.421;0.71418;6.58881;256.16
ENV3;S3;D;3;18.85;19;;12.5157;35.6196;0.8556;0.4016;0.66283;6.61055;256.25
ENV3;S3;D;3;19.842;20;;12.5119;35.6195;0.7471;0.3517;0.62861;6.62749;243.34
ENV3;S3;D;3;20.834;21;;12.5;35.6197;0.7371;0.333;0.60811;6.64989;223.63
ENV3;S3;D;3;21.826;22;;12.4749;35.6189;0.6378;0.3029;0.558;6.65293;236.93
ENV3;S3;D;3;22.818;23;;12.458;35.6177;0.5672;0.3152;0.47554;6.6645;254.09
ENV3;S3;D;3;23.81;24;;12.4438;35.6186;0.5581;0.3223;0.41881;6.64178;258.1
ENV3;S3;D;3;24.802;25;;12.4339;35.6196;0.5526;0.3184;0.39583;6.62402;253.85
ENV3;S3;D;3;25.794;26;;12.4323;35.6197;0.5089;0.292;0.39834;6.63638;254.04
ENV3;S3;D;3;26.786;27;;12.4301;35.6197;0.5615;0.2896;0.39225;6.65816;227.9
ENV3;S3;D;3;27.778;28;;12.4238;35.6188;0.4719;0.3131;0.32362;6.64662;244.39
ENV3;S3;D;3;28.77;29;;12.4037;35.6179;0.4195;0.2861;0.28978;6.64323;254.59
ENV3;S3;D;3;29.762;30;;12.382;35.6166;0.4013;0.2858;0.27134;6.63375;250.99
ENV3;S3;D;3;30.754;31;;12.3656;35.6177;0.383;0.2996;0.26259;6.58667;260.48
ENV3;S3;D;3;31.746;32;;12.3617;35.6173;0.3568;0.2901;0.25684;6.5706;251.42
ENV3;S3;D;3;32.738;33;;12.3749;35.6166;0.3568;0.2889;0.22571;6.61552;225.56
ENV3;S3;D;3;33.73;34;;12.3465;35.6195;0.3579;0.3409;0.1966;6.59745;248.3
ENV3;S3;D;3;34.722;35;;12.3435;35.6198;0.2587;0.313;0.17702;6.58751;250.3
ENV3;S3;D;3;35.714;36;;12.3362;35.6209;0.2114;0.2972;0.16816;6.59165;257.36
ENV3;S3;D;3;36.706;37;;12.3332;35.6213;0.2097;0.2695;0.16882;6.62704;251.99
ENV3;S3;D;3;37.698;38;;12.3472;35.619;0.2487;0.2407;0.14018;6.62284;185.58
ENV3;S3;D;3;38.69;39;;12.3176;35.6214;0.2055;0.272;0.12564;6.62125;173.36
ENV3;S3;D;3;39.682;40;;12.3096;35.6214;0.157;0.2714;0.11687;6.62296;172.38
ENV3;S3;D;3;40.674;41;;12.299;35.6219;0.1669;0.267;0.1106;6.63261;171.57
ENV3;S3;D;3;41.666;42;;12.2938;35.6215;0.2055;0.2543;0.10196;6.63594;171.24
ENV3;S3;D;3;42.658;43;;12.2828;35.6206;0.1827;0.2624;0.088476;6.62953;172.93
ENV3;S3;D;3;43.65;44;;12.2688;35.6206;0.148;0.3063;0.07848;6.61781;181.58
ENV3;S3;D;3;44.642;45;;12.2598;35.6201;0.1231;0.2846;0.074063;6.60772;171.17
ENV3;S3;D;3;45.634;46;;12.2494;35.6201;0.1349;0.2809;0.067562;6.59446;167.63
ENV3;S3;D;3;46.625;47;;12.247;35.6205;0.1106;0.246;0.058661;6.59201;167.58
ENV3;S3;D;3;47.617;48;;12.2438;35.6213;0.1196;0.2488;0.050861;6.5913;167.58
ENV3;S3;D;3;48.609;49;;12.2347;35.6227;0.1016;0.2455;0.046358;6.58487;167.58
ENV3;S3;D;3;49.601;50;;12.228;35.6244;0.0972;0.2545;0.041595;6.60768;167.58
ENV3;S3;D;3;50.593;51;;12.2221;35.6271;0.0913;0.2636;0.038187;6.59012;167.58
ENV3;S3;D;3;51.585;52;;12.2107;35.6279;0.1071;0.262;0.031928;6.53862;167.58
ENV3;S3;D;3;52.577;53;;12.2036;35.6277;0.0933;0.2899;0.024454;6.52252;169.57
ENV3;S3;D;3;53.569;54;;12.2015;35.6277;0.0951;0.2584;0.020092;6.48718;169.58
ENV3;S3;D;3;54.561;55;;12.1993;35.6284;0.0894;0.2703;0.0158;6.47165;167.82
ENV3;S3;D;3;55.552;56;;12.1968;35.6297;0.1046;0.2853;0.014481;6.44273;169.54
ENV3;S3;D;3;56.544;57;;12.1918;35.6302;0.1149;0.2727;0.0085703;6.44628;169.58
ENV3;S3;D;3;57.536;58;;12.1851;35.6312;0.1205;0.2833;0.0011955;6.43833;169.58
ENV3;S3;D;3;58.528;59;;12.1748;35.6313;0.1349;0.2834;0.00041348;6.41738;169.58
ENV3;S3;D;3;59.52;60;;12.166;35.632;0.1399;0.3021;0.00011693;6.37834;169.58
ENV3;S3;D;3;60.512;61;;12.1606;35.6324;0.1408;0.3246;0.000057604;6.31004;170.91
ENV3;S3;D;3;61.504;62;;12.1551;35.6327;0.1442;0.3258;-0.000006907;6.25958;175.2
ENV3;S3;D;3;62.496;63;;12.1519;35.6333;0.1306;0.3394;1.00E-12;6.25115;172.81
ENV3;S3;D;3;63.487;64;;12.1479;35.634;0.1144;0.3545;1.00E-12;6.25731;170.26
ENV3;S3;D;3;64.479;65;;12.1458;35.6342;0.1209;0.3485;1.00E-12;6.24319;172.5
ENV3;S3;D;3;65.471;66;;12.1431;35.6342;0.1119;0.3474;1.00E-12;6.23623;176.83
ENV3;S3;D;3;66.463;67;;12.1392;35.6346;0.1264;0.3462;1.00E-12;6.23806;179.24
ENV3;S3;D;3;67.455;68;;12.135;35.6349;0.109;0.3685;1.00E-12;6.20484;191.21
ENV3;S3;D;3;68.447;69;;12.1308;35.6355;0.11;0.3811;1.00E-12;6.1802;183.36
ENV3;S3;D;3;69.438;70;;12.1249;35.6363;0.0977;0.3864;1.00E-12;6.1901;178.22
ENV3;S3;D;3;70.43;71;;12.1274;35.636;0.0425;0.3389;1.00E-12;6.16733;253.58
ENV3;S3;D;3;71.422;72;;12.1161;35.6371;0.0381;0.4033;1.00E-12;6.19998;271.09
ENV3;S3;D;3;72.414;73;;12.1094;35.6374;0.05;0.3909;1.00E-12;6.16699;272.55
ENV3;S3;D;3;73.405;74;;12.1042;35.6379;0.0526;0.4201;1.00E-12;6.15753;273.14
ENV3;S3;D;3;74.397;75;;12.099;35.638;0.0259;0.4287;1.00E-12;6.11671;271.47
ENV3;S3;D;3;75.389;76;;12.1007;35.6378;-0.0014;0.4319;1.00E-12;6.0474;272.55
ENV3;S3;D;3;76.381;77;;12.0873;35.6381;0.0149;0.4396;1.00E-12;6.061;274.58
ENV3;S3;D;3;77.373;78;;12.086;35.6382;-0.0052;0.5667;1.00E-12;5.99715;277.11
ENV3;S3;D;3;78.364;79;;12.0835;35.638;-0.0189;0.5983;1.00E-12;5.92289;277.31
ENV3;S3;D;3;79.356;80;;12.0727;35.6376;-0.0111;0.6657;1.00E-12;5.90304;277.31
ENV3;S3;D;3;80.348;81;;12.0556;35.638;0.0084;1.1378;1.00E-12;5.75031;280.03
ENV3;S3;D;3;81.34;82;;12.0482;35.6381;-0.0064;1.6478;1.00E-12;5.57757;280.06
ENV3;S3;D;3;82.331;83;;12.0471;35.6385;0.0294;1.8351;1.00E-12;5.51606;279.84
ENV3;S3;D;3;83.323;84;;12.0468;35.6386;0.0117;2.0266;1.00E-12;5.48055;281.75
ENV3;S3;D;3;84.315;85;;12.0462;35.6387;0.0109;2.1683;1.00E-12;5.47367;283.35
ENV3;S3;D;3;85.307;86;;12.0447;35.6387;0.0114;2.3774;1.00E-12;5.46901;281.39
ENV3;S3;D;3;86.298;87;;12.0439;35.6388;0.0071;2.6209;1.00E-12;5.4557;281.86
ENV3;S3;D;3;87.29;88;;12.0445;35.6387;0.0232;2.4488;1.00E-12;5.4334;287.37
ENV3;S3;D;3;88.282;89;;12.044;35.6388;0.0265;2.817;1.00E-12;5.4275;287.17
ENV3;S3;D;3;89.273;90;;12.0447;35.6389;0.0319;3.0967;1.00E-12;5.42019;289.93
ENV3;S3;D;4;2.976;3;;15.146;35.6913;6.9104;0.7329;30.509;4.56396;131.18
ENV3;S3;D;4;4.961;5;;15.1869;35.5405;7.2657;0.8374;17.006;8.84431;124.39
ENV3;S3;D;4;5.953;6;;15.1862;35.5987;7.6053;0.7592;12.604;8.86522;126.16
ENV3;S3;D;4;6.945;7;;15.1857;35.5987;7.6803;0.8042;8.7712;8.86951;123.59
ENV3;S3;D;4;7.937;8;;15.1801;35.5992;7.3981;0.8064;6.3696;8.87003;137.78
ENV3;S3;D;4;8.929;9;;15.0205;35.6002;7.0866;0.8428;4.942;8.89199;137.32
ENV3;S3;D;4;9.921;10;;14.8503;35.6051;7.4645;0.8659;3.5896;8.77984;123.94
ENV3;S3;D;4;10.913;11;;14.6854;35.6077;7.0503;0.8694;2.9381;8.48425;125.61
ENV3;S3;D;4;11.905;12;;14.277;35.6002;6.7588;0.8241;2.2539;8.36191;125.69
ENV3;S3;D;4;12.897;13;;13.8197;35.597;7.2411;0.9181;1.6694;8.12834;128.23
ENV3;S3;D;4;13.89;14;;12.9165;35.6098;5.9567;0.9077;1.3048;7.78555;126.02
ENV3;S3;D;4;14.882;15;;12.6243;35.6228;3.3483;0.6328;1.0025;7.22769;125.7
ENV3;S3;D;4;15.874;16;;12.5184;35.627;1.2425;0.4133;0.83231;6.97544;125.69
ENV3;S3;D;4;16.866;17;;12.5146;35.6201;1.0301;0.3357;0.71504;7.01641;127.27
ENV3;S3;D;4;17.858;18;;12.5142;35.6196;0.9742;0.3641;0.60585;7.00769;128.13
ENV3;S3;D;4;18.85;19;;12.5128;35.6186;0.9782;0.3495;0.55511;7.00931;142.02
ENV3;S3;D;4;19.842;20;;12.5092;35.6184;0.9069;0.3489;0.51211;6.99223;125.18
ENV3;S3;D;4;20.834;21;;12.4951;35.6192;0.8933;0.3611;0.46796;6.96997;129.53
ENV3;S3;D;4;21.826;22;;12.4867;35.6191;0.8116;0.3218;0.43288;6.95171;139.13
ENV3;S3;D;4;22.818;23;;12.4797;35.6188;0.5163;0.319;0.3927;6.93439;149.3
ENV3;S3;D;4;23.81;24;;12.4758;35.6186;0.6726;0.3218;0.34673;6.91165;149.65
ENV3;S3;D;4;24.802;25;;12.4707;35.6187;0.5921;0.3246;0.31254;6.91212;144.49
ENV3;S3;D;4;25.794;26;;12.4597;35.6185;0.6019;0.3166;0.29562;6.89256;150.15
ENV3;S3;D;4;26.786;27;;12.4408;35.6188;0.557;0.3043;0.27332;6.86736;149.91
ENV3;S3;D;4;27.778;28;;12.4362;35.6189;0.5213;0.3596;0.2506;6.85324;151.58
ENV3;S3;D;4;28.77;29;;12.4256;35.6184;0.4359;0.3948;0.23034;6.85729;151.52
ENV3;S3;D;4;29.762;30;;12.4079;35.6181;0.4431;0.2598;0.20749;6.85876;151.63
ENV3;S3;D;4;30.754;31;;12.3974;35.6183;0.6565;0.3101;0.18563;6.88308;151.62
ENV3;S3;D;4;31.746;32;;12.3874;35.6179;0.2533;0.2951;0.17054;6.85712;144.93
ENV3;S3;D;4;32.738;33;;12.38;35.6175;1.1082;0.2616;0.16282;6.89756;138.76
ENV3;S3;D;4;33.73;34;;12.3671;35.6176;0.331;0.2913;0.14465;6.8715;142.89
ENV3;S3;D;4;34.722;35;;12.358;35.617;0.1394;0.2457;0.12336;6.85313;151.02
ENV3;S3;D;4;35.714;36;;12.3418;35.6164;0.1724;0.2486;0.11108;6.88824;148.11
ENV3;S3;D;4;36.706;37;;12.3344;35.6166;0.1722;0.2699;0.1071;6.91683;128.86
ENV3;S3;D;4;37.698;38;;12.3291;35.617;0.1297;0.2822;0.10441;6.90474;129.66
ENV3;S3;D;4;38.69;39;;12.3206;35.6173;0.1353;0.2832;0.088443;6.81549;134.71
ENV3;S3;D;4;39.682;40;;12.3007;35.6173;0.1238;0.2584;0.073272;6.80168;135.72
ENV3;S3;D;4;40.674;41;;12.2887;35.6173;0.1215;0.2523;0.067439;6.75674;138.29
ENV3;S3;D;4;41.666;42;;12.2769;35.618;0.1;0.2513;0.064113;6.73257;139.96
ENV3;S3;D;4;42.658;43;;12.2898;35.6175;0.0834;0.2805;0.061243;6.65282;149.99
ENV3;S3;D;4;43.65;44;;12.2692;35.6164;0.1342;0.2393;0.047058;6.71791;135.05
ENV3;S3;D;4;44.642;45;;12.2486;35.6171;0.0606;0.257;0.040955;6.71046;130.73
ENV3;S3;D;4;45.634;46;;12.2385;35.6165;0.0537;0.2623;0.039032;6.68678;142.19
ENV3;S3;D;4;46.625;47;;12.2379;35.6165;0.0434;0.237;0.037106;6.71673;137.33
ENV3;S3;D;4;47.617;48;;12.229;35.6174;0.0674;0.2336;0.03322;6.78937;136.08
ENV3;S3;D;4;48.609;49;;12.2293;35.6189;0.0416;0.281;0.024853;6.74332;133.61
ENV3;S3;D;4;49.601;50;;12.2295;35.6191;0.0331;0.2539;0.021026;6.69962;158.58
ENV3;S3;D;4;50.593;51;;12.2334;35.6206;0.0547;0.2469;0.016362;6.6728;141.39
ENV3;S3;D;4;51.585;52;;12.2395;35.6241;0.0617;0.3223;0.014527;6.6;135.3
ENV3;S3;D;4;52.577;53;;12.2363;35.6245;0.085;0.3047;0.010126;6.59518;157.41
ENV3;S3;D;4;53.569;54;;12.2356;35.6246;0.1247;0.2655;0.0047706;6.44393;144.61
ENV3;S3;D;4;54.561;55;;12.2348;35.6284;0.1021;0.2658;0.0030533;6.43963;132.99
ENV3;S3;D;4;55.552;56;;12.236;35.6286;0.1116;0.2943;0.00046877;6.44691;134.57
ENV3;S3;D;4;56.544;57;;12.2363;35.63;0.078;0.2701;0.000089463;6.46581;138.42
ENV3;S3;D;4;57.536;58;;12.2284;35.6299;0.0533;0.2575;-0.00000246;6.50562;137.2
ENV3;S3;D;4;58.528;59;;12.218;35.6298;0.1756;0.277;1.00E-12;6.4836;132.68
ENV3;S3;D;4;59.52;60;;12.2155;35.6312;0.3072;0.3071;1.00E-12;6.36875;134.37
ENV3;S3;D;4;60.512;61;;12.2166;35.6319;0.121;0.2927;1.00E-12;6.3431;152.74
ENV3;S3;D;4;61.504;62;;12.2106;35.632;0.065;0.2661;1.00E-12;6.38204;138.78
ENV3;S3;D;4;62.496;63;;12.2068;35.6321;0.1014;0.2939;1.00E-12;6.38293;136.64
ENV3;S3;D;4;63.487;64;;12.2007;35.6316;0.0917;0.3018;1.00E-12;6.33708;135.73
ENV3;S3;D;4;64.479;65;;12.1825;35.6306;0.0878;0.2854;1.00E-12;6.31047;133.57
ENV3;S3;D;4;65.471;66;;12.1776;35.6315;0.0719;0.31;1.00E-12;6.27349;133.98
ENV3;S3;D;4;66.463;67;;12.1669;35.6324;0.0736;0.3161;1.00E-12;6.2469;134.41
ENV3;S3;D;4;67.455;68;;12.1567;35.6331;0.0623;0.3352;1.00E-12;6.23479;134.8
ENV3;S3;D;4;68.446;69;;12.1486;35.6342;0.0438;0.3452;1.00E-12;6.19314;135.65
ENV3;S3;D;4;69.438;70;;12.1396;35.6355;0.0455;0.3942;1.00E-12;6.17283;135.66
ENV3;S3;D;4;70.43;71;;12.1314;35.6369;0.0359;0.4004;1.00E-12;6.13856;135.66
ENV3;S3;D;4;71.422;72;;12.1276;35.6371;0.0359;0.4566;1.00E-12;6.08063;138.07
ENV3;S3;D;4;72.414;73;;12.1241;35.6376;0.032;0.4484;1.00E-12;6.0654;135.65
ENV3;S3;D;4;73.406;74;;12.1219;35.6379;0.0268;0.4629;1.00E-12;6.04599;139.62
ENV3;S3;D;4;74.397;75;;12.1169;35.6384;0.0259;0.4159;1.00E-12;6.0244;154.86
ENV3;S3;D;4;75.389;76;;12.1105;35.6392;0.046;0.5245;1.00E-12;6.03261;136.29
ENV3;S3;D;4;76.381;77;;12.1049;35.6399;-0.0004;0.5673;1.00E-12;6.01781;146.27
ENV3;S3;D;4;77.373;78;;12.1005;35.6402;0.0036;0.5984;1.00E-12;5.95489;144.68
ENV3;S3;D;4;78.364;79;;12.0965;35.64;-0.0004;0.5999;1.00E-12;5.9119;136.86
ENV3;S3;D;4;79.356;80;;12.0884;35.64;-0.0012;0.6764;1.00E-12;5.88977;140.24
ENV3;S3;D;4;80.348;81;;12.0821;35.6405;0.0168;0.7358;1.00E-12;5.84098;146.44
ENV3;S3;D;4;81.34;82;;12.0784;35.6409;-0.0052;0.7836;1.00E-12;5.8113;173.48
ENV3;S3;D;4;82.331;83;;12.0784;35.6409;-0.0123;0.7982;1.00E-12;5.79023;148.15
ENV3;S3;D;4;83.323;84;;12.072;35.6397;0.0031;0.8176;1.00E-12;5.80015;141.13
ENV3;S3;D;4;84.315;85;;12.0671;35.6393;0.018;0.9988;1.00E-12;5.78486;159.16
ENV3;S3;D;4;85.307;86;;12.0619;35.6389;0.0249;1.1345;1.00E-12;5.73415;170.03
ENV3;S3;D;4;86.298;87;;12.058;35.6388;0.0212;1.2803;1.00E-12;5.63578;145.37
ENV3;S3;D;4;87.29;88;;12.0526;35.6388;0.0233;1.4876;1.00E-12;5.63305;141.85
ENV3;S3;D;4;88.282;89;;12.0496;35.6388;0.0161;1.8875;1.00E-12;5.5899;140.87
ENV3;S3;D;4;89.273;90;;12.0484;35.6388;0.0242;2.1125;1.00E-12;5.53809;165.04
ENV3;S3;D;5;4.961;5;;13.6561;35.1587;5.5044;0.9292;128.19;6.83772;1317.6
ENV3;S3;D;5;5.953;6;;13.7907;35.6051;5.0786;0.8688;100.85;7.40847;1284.9
ENV3;S3;D;5;6.945;7;;13.7852;35.6349;5.3179;0.8624;84.537;7.4156;1280.4
ENV3;S3;D;5;7.937;8;;13.7695;35.6343;5.3511;0.8548;59.574;7.42037;1281.2
ENV3;S3;D;5;8.929;9;;13.7051;35.6318;5.2152;0.8535;41.175;7.41535;1281.4
ENV3;S3;D;5;9.921;10;;13.3819;35.6262;5.001;0.8094;35.242;7.36631;1247.2
ENV3;S3;D;5;10.913;11;;12.7729;35.6292;3.4287;0.6232;27.171;7.12954;1287.6
ENV3;S3;D;5;11.905;12;;12.6696;35.627;2.0464;0.4152;22.138;6.75611;1066.1
ENV3;S3;D;5;12.898;13;;12.5925;35.621;1.935;0.4235;16.905;6.79044;1308
ENV3;S3;D;5;13.89;14;;12.5357;35.6191;1.4525;0.4489;14.67;6.83351;1288.6
ENV3;S3;D;5;14.882;15;;12.4952;35.6193;1.4317;0.4168;14.287;6.90618;1277.2
ENV3;S3;D;5;15.874;16;;12.4376;35.6156;1.0835;0.3882;11.44;6.87343;1279.1
ENV3;S3;D;5;16.866;17;;12.4161;35.6137;0.7007;0.3342;9.9935;6.8919;1285.1
ENV3;S3;D;5;17.858;18;;12.3976;35.6133;0.6507;0.4485;8.831;6.91354;1288.8
ENV3;S3;D;5;18.85;19;;12.3891;35.6131;0.5694;0.3778;7.7689;6.939;1288.9
ENV3;S3;D;5;19.842;20;;12.3807;35.6128;0.4087;0.2757;7.3906;6.98704;993.61
ENV3;S3;D;5;20.834;21;;12.3743;35.612;0.3515;0.273;6.7922;6.98033;1153.6
ENV3;S3;D;5;21.826;22;;12.3656;35.6112;0.5017;0.2569;5.9984;6.99275;1212.8
ENV3;S3;D;5;22.818;23;;12.3581;35.6112;0.4156;0.2521;5.2571;7.02793;1203.8
ENV3;S3;D;5;23.81;24;;12.3536;35.6115;0.3357;0.2394;4.8368;7.06343;1288.1
ENV3;S3;D;5;24.802;25;;12.3532;35.6108;0.3499;0.2376;4.6723;7.08788;1152.4
ENV3;S3;D;5;25.794;26;;12.3382;35.6106;0.2441;0.2246;4.2943;7.08971;1290.9
ENV3;S3;D;5;26.786;27;;12.3269;35.6112;0.1336;0.2371;3.8146;7.09162;1210.9
ENV3;S3;D;5;27.778;28;;12.3163;35.6113;0.1233;0.2567;3.5588;7.12659;1281.7
ENV3;S3;D;5;28.77;29;;12.3045;35.611;0.0873;0.2413;3.4407;7.11446;1274.8
ENV3;S3;D;5;29.762;30;;12.2929;35.6117;0.1026;0.2246;3.1633;7.08892;1101.9
ENV3;S3;D;5;30.754;31;;12.2883;35.6132;0.0696;0.2288;2.8018;6.96905;1033.5
ENV3;S3;D;5;31.746;32;;12.2873;35.6138;0.0686;0.2281;2.6187;6.88826;1119.1
ENV3;S3;D;5;32.738;33;;12.2847;35.6152;0.0487;0.2298;2.5532;6.83256;1268.7
ENV3;S3;D;5;33.73;34;;12.2804;35.6158;0.0684;0.2273;2.4638;6.69254;1099.1
ENV3;S3;D;5;34.722;35;;12.2487;35.6176;0.055;0.2582;2.1355;6.70253;1264.9
ENV3;S3;D;5;35.714;36;;12.2389;35.6174;0.0313;0.2433;1.9642;6.60749;1061
ENV3;S3;D;5;36.706;37;;12.2268;35.6179;0.035;0.2383;1.8794;6.54076;1233.1
ENV3;S3;D;5;37.698;38;;12.2168;35.6181;0.0485;0.2482;1.8548;6.54391;756.54
ENV3;S3;D;5;38.69;39;;12.2396;35.6164;0.0156;0.2554;1.7256;6.56453;745.56
ENV3;S3;D;5;39.682;40;;12.2016;35.6178;-0.0145;0.2333;1.5409;6.61023;1292.4
ENV3;S3;D;5;40.674;41;;12.1904;35.6184;-0.0357;0.2282;1.4355;6.62354;1296
ENV3;S3;D;5;41.666;42;;12.1814;35.6191;-0.0008;0.2414;1.3835;6.55512;1019.8
ENV3;S3;D;5;42.658;43;;12.1562;35.6194;-0.0447;0.2237;1.3466;6.50777;257.59
ENV3;S3;D;5;43.65;44;;12.1485;35.6193;-0.0619;0.2196;1.2474;6.65615;353.77
ENV3;S3;D;5;44.642;45;;12.1468;35.619;-0.0512;0.2108;1.165;6.77122;398.13
ENV3;S3;D;5;45.634;46;;12.1451;35.6188;-0.0583;0.2147;1.1035;6.80408;321.29
ENV3;S3;D;5;46.625;47;;12.1453;35.6185;-0.0544;0.2839;1.0504;6.86781;1391.8
ENV3;S3;D;5;47.617;48;;12.1416;35.6187;-0.0642;0.2089;0.97907;6.84;1295.3
ENV3;S3;D;5;48.609;49;;12.1406;35.6189;-0.0705;0.2198;0.91914;6.85472;1289.4
ENV3;S3;D;5;49.601;50;;12.143;35.6189;-0.0576;0.213;0.88591;6.86788;1028
ENV3;S3;D;5;50.593;51;;12.1469;35.6196;-0.0562;0.2281;0.84532;6.85917;869.89
ENV3;S3;D;5;51.585;52;;12.1572;35.631;-0.0441;0.2283;0.77935;6.86746;1305.9
ENV3;S3;D;5;52.577;53;;12.1605;35.6324;-0.0321;0.2691;0.72493;6.83695;1286.5
ENV3;S3;D;5;53.569;54;;12.16;35.6325;-0.0253;0.298;0.67798;6.57588;656.47
ENV3;S3;D;5;54.561;55;;12.1585;35.6294;-0.0149;0.2714;0.68362;6.21339;855.1
ENV3;S3;D;5;55.552;56;;12.143;35.6341;-0.0019;0.3261;0.60892;6.45053;1109
ENV3;S3;D;5;56.544;57;;12.1381;35.6346;-0.0156;0.3575;0.56009;6.4386;1250
ENV3;S3;D;5;57.536;58;;12.1338;35.6351;-0.0192;0.4124;0.52603;6.27362;843.46
ENV3;S3;D;5;58.528;59;;12.1318;35.6352;-0.0216;0.5351;0.50408;6.22659;565.71
ENV3;S3;D;5;59.52;60;;12.1227;35.6367;-0.0391;0.445;0.46739;6.23255;913.53
ENV3;S3;D;5;60.512;61;;12.1174;35.6378;-0.0336;0.4887;0.43045;6.16348;1295.2
ENV3;S3;D;5;61.504;62;;12.1167;35.6376;-0.0038;0.5156;0.3954;6.14469;1297.6
ENV3;S3;D;5;62.495;63;;12.116;35.6377;0.0135;0.5323;0.36311;6.15419;1297
ENV3;S3;D;5;63.487;64;;12.1168;35.6386;-0.0319;0.5414;0.33846;6.1468;1077.3
ENV3;S3;D;5;64.479;65;;12.1168;35.6414;-0.0261;0.582;0.31291;6.13018;987.82
ENV3;S3;D;5;65.471;66;;12.1084;35.642;-0.043;0.6254;0.28328;6.12639;1298.2
ENV3;S3;D;5;66.463;67;;12.1059;35.6421;-0.038;0.6792;0.25455;6.09942;1292.9
ENV3;S3;D;5;67.455;68;;12.0995;35.6421;-0.0521;0.6963;0.23323;6.04205;1248.7
ENV3;S3;D;5;68.446;69;;12.0943;35.6421;-0.0427;0.7569;0.21254;5.97742;999.4
ENV3;S3;D;5;69.438;70;;12.085;35.6425;-0.0168;0.8455;0.19201;5.97653;1196.1
ENV3;S3;D;5;70.43;71;;12.0827;35.6425;-0.0283;0.9613;0.16846;5.93847;1289
ENV3;S3;D;5;71.422;72;;12.0772;35.6423;-0.0385;1.0003;0.15121;5.8581;1072.6
ENV3;S3;D;5;72.414;73;;12.0723;35.6423;-0.0349;1.1516;0.12856;5.82856;1242.6
ENV3;S3;D;5;73.405;74;;12.0703;35.6422;-0.0339;1.2672;0.1114;5.80338;1298
ENV3;S3;D;5;74.397;75;;12.0688;35.642;-0.0369;1.3473;0.090462;5.7778;1193.8
ENV3;S3;D;5;75.389;76;;12.0631;35.6415;-0.0302;1.5641;0.074851;5.75594;1291.9
ENV3;S3;D;5;76.381;77;;12.06;35.6413;-0.0008;1.9458;0.062476;5.64591;1140.1
ENV3;S3;D;5;77.373;78;;12.0583;35.641;0;2.1147;0.04484;5.58825;1183.7
ENV3;S3;D;5;78.364;79;;12.0582;35.6409;-0.0152;2.2601;0.031046;5.56038;1122.5
ENV3;S3;D;5;79.356;80;;12.0575;35.6408;-0.0048;2.299;0.014851;5.54822;1125.5
ENV3;S3;D;5;80.348;81;;12.0572;35.6407;-0.0129;2.3594;0.0033225;5.53754;1114.4
ENV3;S3;D;5;81.34;82;;12.0573;35.6408;-0.0147;2.3568;0.00010113;5.52415;1287.2
ENV3;S3;D;5;82.331;83;;12.0573;35.6406;0.0019;2.4505;1.00E-12;5.53103;1214.3
ENV3;S3;D;5;83.323;84;;12.0571;35.6406;-0.0064;2.4173;1.00E-12;5.54304;1273.6
ENV3;S3;D;5;84.315;85;;12.0573;35.6406;-0.0055;2.3869;1.00E-12;5.52485;1232.6
ENV3;S3;D;5;85.307;86;;12.0578;35.6406;0.0033;2.2156;1.00E-12;5.51956;1244.8
ENV3;S3;D;5;86.298;87;;12.0578;35.6406;-0.0112;2.2303;1.00E-12;5.52923;1285.4
ENV3;S3;D;5;87.29;88;;12.0576;35.6406;0.0025;2.5237;1.00E-12;5.52232;1172.2
ENV3;S3;D;5;88.282;89;;12.058;35.6406;-0.0038;2.5765;1.00E-12;5.51887;1289.7
ENV3;S3;D;5;89.273;90;;12.0589;35.6405;0.0023;1.764;1.00E-12;5.51236;1081.6
ENV3;S3;D;6;3.969;4;;13.2199;34.8006;4.8077;0.6235;13.499;6.3501;72.032
ENV3;S3;D;6;4.961;5;;13.1441;35.6248;5.1554;0.73;10.576;7.17032;71.822
ENV3;S3;D;6;5.953;6;;13.1438;35.6275;5.2672;0.7393;7.7967;7.17568;71.821
ENV3;S3;D;6;6.945;7;;13.0906;35.6253;4.871;0.7469;6.2586;7.18352;71.821
ENV3;S3;D;6;7.937;8;;13.038;35.6244;4.8805;0.6808;4.8372;7.15944;71.821
ENV3;S3;D;6;8.929;9;;12.9952;35.6245;5.6613;0.6508;3.6512;7.11475;71.821
ENV3;S3;D;6;9.921;10;;13.0722;35.6253;5.2561;0.7374;2.8679;7.09318;71.821
ENV3;S3;D;6;10.913;11;;13.1477;35.6294;5.698;0.7549;2.2779;7.14127;71.821
ENV3;S3;D;6;11.905;12;;13.0441;35.6171;5.38;0.7506;1.9089;7.2223;71.821
ENV3;S3;D;6;12.897;13;;12.7514;35.6248;2.6643;0.4664;1.4902;7.10192;71.821
ENV3;S3;D;6;13.89;14;;12.7888;35.6129;4.194;0.5797;1.1846;6.98107;71.821
ENV3;S3;D;6;14.882;15;;12.6841;35.6119;3.1757;0.5239;1.0043;6.99181;71.821
ENV3;S3;D;6;15.874;16;;12.506;35.6185;1.2092;0.3572;0.86097;6.96053;72.026
ENV3;S3;D;6;16.866;17;;12.4106;35.6227;0.7596;0.3417;0.69241;6.93327;71.974
ENV3;S3;D;6;17.858;18;;12.395;35.6229;0.5977;0.3457;0.6008;6.93151;72.723
ENV3;S3;D;6;18.85;19;;12.3722;35.6209;0.4118;0.2883;0.56904;6.93782;73.162
ENV3;S3;D;6;19.842;20;;12.3293;35.6196;0.2275;0.2787;0.53869;6.96455;73.35
ENV3;S3;D;6;20.834;21;;12.3074;35.6195;0.1561;0.2292;0.47922;6.94195;73.847
ENV3;S3;D;6;21.826;22;;12.304;35.6183;0.1792;0.2358;0.4429;6.92774;73.815
ENV3;S3;D;6;22.818;23;;12.2953;35.6167;0.1674;0.2447;0.42131;6.92676;73.816
ENV3;S3;D;6;23.81;24;;12.2945;35.6166;0.1402;0.2361;0.40539;6.92273;73.816
ENV3;S3;D;6;24.802;25;;12.2879;35.6163;0.1144;0.2395;0.36972;6.92519;73.816
ENV3;S3;D;6;25.794;26;;12.2851;35.6166;0.1258;0.2331;0.34657;6.91701;73.816
ENV3;S3;D;6;26.786;27;;12.2795;35.6184;0.0756;0.2333;0.33962;6.84891;73.816
ENV3;S3;D;6;27.778;28;;12.2759;35.6218;0.0818;0.2512;0.31562;6.81066;73.816
ENV3;S3;D;6;28.77;29;;12.2651;35.6221;0.0609;0.2596;0.29086;6.79677;73.816
ENV3;S3;D;6;29.762;30;;12.2588;35.6237;0.0714;0.2307;0.27907;6.64183;73.816
ENV3;S3;D;6;30.754;31;;12.2562;35.6247;0.1079;0.2428;0.26957;6.44471;73.816
ENV3;S3;D;6;31.746;32;;12.2535;35.6261;0.1005;0.2423;0.25054;6.35271;73.816
ENV3;S3;D;6;32.738;33;;12.2562;35.6273;0.0997;0.25;0.23247;6.36237;73.816
ENV3;S3;D;6;33.73;34;;12.2657;35.6325;0.0965;0.2496;0.21632;6.3606;73.816
ENV3;S3;D;6;34.722;35;;12.2531;35.636;0.0628;0.2605;0.20261;6.44693;73.816
ENV3;S3;D;6;35.714;36;;12.2385;35.6365;0.0339;0.2677;0.19623;6.55861;73.816
ENV3;S3;D;6;36.706;37;;12.2409;35.6375;0.0438;0.2865;0.1788;6.51019;73.866
ENV3;S3;D;6;37.698;38;;12.244;35.6378;0.024;0.2885;0.1638;6.45132;73.843
ENV3;S3;D;6;38.69;39;;12.2548;35.6427;0.0192;0.3217;0.15214;6.47002;73.816
ENV3;S3;D;6;39.682;40;;12.2728;35.6483;0.0497;0.5706;0.14065;6.21704;73.945
ENV3;S3;D;6;40.674;41;;12.2788;35.6503;0.0414;0.5653;0.13199;5.92607;73.813
ENV3;S3;D;6;41.666;42;;12.2705;35.6503;0.0314;0.7491;0.11485;5.86995;74.4
ENV3;S3;D;6;42.658;43;;12.2657;35.6505;0.0305;0.7408;0.10209;5.79828;74.559
ENV3;S3;D;6;43.65;44;;12.2585;35.6507;0.0135;0.7823;0.089335;5.78846;75.575
ENV3;S3;D;6;44.642;45;;12.2581;35.6512;-0.0033;0.8286;0.077493;5.78464;75.578
ENV3;S3;D;6;45.634;46;;12.2584;35.6513;0.0204;0.8668;0.069225;5.74561;75.866
ENV3;S3;D;6;46.626;47;;12.2588;35.6512;0.0116;0.9032;0.057734;5.73469;75.811
ENV3;S3;D;6;47.617;48;;12.26;35.6515;0.0134;0.973;0.047766;5.73503;75.811
ENV3;S3;D;6;48.609;49;;12.2488;35.6501;0.0083;0.8995;0.038826;5.71684;75.811
ENV3;S3;D;6;49.601;50;;12.2302;35.6483;0.0367;1.1344;0.029284;5.7093;75.811
ENV3;S3;D;6;50.593;51;;12.2166;35.6468;0.0141;1.0473;0.020598;5.77999;75.811
ENV3;S3;D;6;51.585;52;;12.2086;35.6456;0.0283;1.1465;0.01371;5.79335;75.811
ENV3;S3;D;6;52.577;53;;12.2044;35.6455;0.0606;1.0729;0.0039593;5.81281;75.811
ENV3;S3;D;6;53.569;54;;12.2013;35.6451;0.0439;0.9268;-0.0001067;5.88036;75.811
ENV3;S3;D;6;54.56;55;;12.1914;35.644;0.0391;1.0178;4.09E-06;5.8627;75.811
ENV3;S3;D;6;55.553;56;;12.1778;35.6424;0.0117;1.0676;1.00E-12;5.85365;75.811
ENV3;S3;D;6;56.544;57;;12.1665;35.641;-0.0046;0.9772;1.00E-12;5.89332;75.811
ENV3;S3;D;6;57.536;58;;12.1577;35.6411;0.0118;0.8121;1.00E-12;5.9924;75.811
ENV3;S3;D;6;58.528;59;;12.1552;35.642;-0.0099;0.7042;1.00E-12;6.02514;75.811
ENV3;S3;D;6;59.52;60;;12.149;35.642;-0.0235;0.631;1.00E-12;5.95041;75.811
ENV3;S3;D;6;60.512;61;;12.1394;35.6419;-0.0191;0.7413;1.00E-12;5.92936;75.811
ENV3;S3;D;6;61.504;62;;12.131;35.6422;0.0115;0.8537;1.00E-12;5.90471;75.811
ENV3;S3;D;6;62.496;63;;12.1267;35.6421;-0.0016;0.9209;1.00E-12;5.80757;75.811
ENV3;S3;D;6;63.487;64;;12.1256;35.6421;-0.0071;0.764;1.00E-12;5.78112;75.811
ENV3;S3;D;6;64.479;65;;12.1226;35.6418;0.0099;0.9622;1.00E-12;5.77109;75.811
ENV3;S3;D;6;65.471;66;;12.1211;35.6416;-0.0113;1.0913;1.00E-12;5.77069;75.811
ENV3;S3;D;6;66.463;67;;12.1109;35.6417;0.0094;1.2431;1.00E-12;5.76386;75.841
ENV3;S3;D;6;67.455;68;;12.1023;35.6418;-0.0122;1.1454;1.00E-12;5.71732;76.027
ENV3;S3;D;6;68.446;69;;12.0941;35.6419;0.0177;1.5347;1.00E-12;5.67807;77.098
ENV3;S3;D;6;69.438;70;;12.0927;35.642;0.009;1.731;1.00E-12;5.63754;77.528
ENV3;S3;D;6;70.43;71;;12.0916;35.6417;0.0013;1.7637;1.00E-12;5.57907;77.834
ENV3;S3;D;6;71.422;72;;12.0911;35.6418;0;2.0553;1.00E-12;5.59414;77.729
ENV3;S3;D;6;72.414;73;;12.0913;35.6417;0.014;1.8557;1.00E-12;5.57985;77.802
ENV3;S3;D;6;73.405;74;;12.0911;35.6417;0.0074;1.5065;1.00E-12;5.57399;77.806
ENV3;S3;D;6;74.397;75;;12.0897;35.6414;-0.0129;2.055;1.00E-12;5.57341;77.806
ENV3;S3;D;6;75.389;76;;12.0883;35.6416;-0.0022;1.9106;1.00E-12;5.56609;77.806
ENV3;S3;D;6;76.381;77;;12.088;35.6416;0.0252;1.5628;1.00E-12;5.5742;77.806
ENV3;S3;D;6;77.372;78;;12.0897;35.6417;0.0139;2.16;1.00E-12;5.57727;77.806
ENV3;S3;D;6;78.364;79;;12.0902;35.6416;0.0026;1.8297;1.00E-12;5.56525;77.806
ENV3;S3;D;6;79.356;80;;12.0918;35.6416;0.0135;2.339;1.00E-12;5.55448;77.806
ENV3;S3;D;6;80.348;81;;12.0918;35.6416;0.0098;2.2315;1.00E-12;5.54609;77.806
ENV3;S3;D;6;81.34;82;;12.0909;35.6416;0.0133;2.1284;1.00E-12;5.54822;77.806
ENV3;S3;D;6;82.331;83;;12.0914;35.6415;0.0132;2.4308;1.00E-12;5.57446;77.806
ENV3;S3;D;6;83.323;84;;12.0921;35.6416;0.02;2.2478;1.00E-12;5.56215;77.806
ENV3;S3;D;6;84.315;85;;12.0923;35.6415;0.0064;1.876;1.00E-12;5.5455;77.806
ENV3;S3;D;6;85.307;86;;12.0935;35.6418;0.0216;2.1258;1.00E-12;5.55204;77.806
ENV3;S3;D;6;86.298;87;;12.0962;35.6416;0.0176;2.3624;1.00E-12;5.53729;77.806
ENV3;S3;D;6;87.29;88;;12.0974;35.6417;0.0183;2.1022;1.00E-12;5.52703;77.832
ENV3;S3;D;6;88.282;89;;12.0975;35.6417;0.0166;2.2968;1.00E-12;5.5361;77.945
ENV3;S3;D;6;89.273;90;;12.0972;35.6416;0.0202;1.9129;1.00E-12;5.5266;77.796
ENV3;S3;D;7;3.97;4;;13.2846;35.2369;2.8661;0.6103;12.445;6.85934;48.019
ENV3;S3;D;7;4.961;5;;13.2308;35.6467;2.44;0.6127;9.6467;6.92394;47.96
ENV3;S3;D;7;5.953;6;;13.2228;35.6463;2.3157;0.5841;7.8443;6.87924;47.88
ENV3;S3;D;7;6.945;7;;13.2346;35.645;2.2588;0.5744;6.4807;6.86262;47.88
ENV3;S3;D;7;7.937;8;;13.1868;35.6461;2.4391;0.6173;5.5217;6.86494;47.88
ENV3;S3;D;7;8.929;9;;13.1615;35.6469;2.5773;0.6418;4.5992;6.83118;47.88
ENV3;S3;D;7;9.921;10;;13.1502;35.6469;2.3109;0.6555;3.8136;6.80495;47.88
ENV3;S3;D;7;10.913;11;;13.1143;35.6475;2.3406;0.5989;3.2292;6.80567;47.88
ENV3;S3;D;7;11.905;12;;13.1035;35.648;2.5948;0.6481;2.812;6.78125;47.88
ENV3;S3;D;7;12.897;13;;13.0927;35.6477;2.4925;0.594;2.396;6.77043;47.88
ENV3;S3;D;7;13.89;14;;13.0821;35.6476;2.3872;0.602;2.0154;6.75241;47.88
ENV3;S3;D;7;14.882;15;;13.0674;35.6479;2.4969;0.6267;1.7289;6.74527;47.88
ENV3;S3;D;7;15.874;16;;13.0612;35.6479;2.7036;0.8017;1.5244;6.75574;47.88
ENV3;S3;D;7;16.866;17;;13.0572;35.6478;2.4468;0.6471;1.3216;6.77144;47.88
ENV3;S3;D;7;17.858;18;;13.0381;35.6481;2.2419;0.5786;1.1069;6.78284;47.88
ENV3;S3;D;7;18.85;19;;13.0136;35.6493;2.1;0.5815;0.95612;6.75696;47.88
ENV3;S3;D;7;19.842;20;;12.9987;35.6494;2.1351;0.588;0.84888;6.64448;47.88
ENV3;S3;D;7;20.834;21;;12.98;35.6505;1.7083;0.5866;0.75028;6.59732;47.88
ENV3;S3;D;7;21.826;22;;12.9633;35.6504;1.5491;0.5787;0.64717;6.54227;47.88
ENV3;S3;D;7;22.818;23;;12.9567;35.6505;1.745;0.5761;0.58128;6.52174;47.88
ENV3;S3;D;7;23.81;24;;12.95;35.6507;1.5646;0.6578;0.50636;6.49871;47.928
ENV3;S3;D;7;24.802;25;;12.9504;35.6506;1.4864;0.6515;0.43991;6.4913;48.082
ENV3;S3;D;7;25.794;26;;12.9509;35.6504;1.5214;0.629;0.38824;6.49792;47.97
ENV3;S3;D;7;26.786;27;;12.9472;35.6502;1.5826;0.603;0.35131;6.49698;48.53
ENV3;S3;D;7;27.778;28;;12.9447;35.6504;1.6129;0.6321;0.3068;6.48289;48.492
ENV3;S3;D;7;28.77;29;;12.9429;35.6505;1.4701;0.6261;0.26148;6.47233;49.214
ENV3;S3;D;7;29.762;30;;12.9335;35.6506;1.4517;0.6384;0.22848;6.47656;49.554
ENV3;S3;D;7;30.754;31;;12.9257;35.6513;1.537;0.6285;0.20371;6.46765;49.543
ENV3;S3;D;7;31.746;32;;12.9245;35.6511;1.5798;0.6194;0.17935;6.44654;49.707
ENV3;S3;D;7;32.738;33;;12.9238;35.6512;1.4618;0.6118;0.15071;6.43827;49.876
ENV3;S3;D;7;33.73;34;;12.9173;35.6512;1.3448;0.5763;0.12821;6.43379;49.828
ENV3;S3;D;7;34.722;35;;12.915;35.6515;1.4783;0.607;0.11028;6.41565;49.876
ENV3;S3;D;7;35.714;36;;12.9138;35.6514;1.6442;0.6861;0.093755;6.39944;49.875
ENV3;S3;D;7;36.706;37;;12.9096;35.6517;1.647;0.6288;0.080281;6.40147;49.875
ENV3;S3;D;7;37.698;38;;12.9092;35.6515;1.4635;0.5732;0.069202;6.39254;49.875
ENV3;S3;D;7;38.69;39;;12.9093;35.6517;1.3303;0.5816;0.052584;6.406;49.875
ENV3;S3;D;7;39.682;40;;12.9056;35.6518;1.3965;0.5779;0.042404;6.40144;49.875
ENV3;S3;D;7;40.674;41;;12.8991;35.6519;1.3328;0.5894;0.03445;6.37911;49.875
ENV3;S3;D;7;41.666;42;;12.9004;35.652;1.2916;0.5828;0.027902;6.33748;49.875
ENV3;S3;D;7;42.658;43;;12.8962;35.6521;1.1524;0.6079;0.020061;6.35861;49.875
ENV3;S3;D;7;43.65;44;;12.8871;35.6525;1.1643;0.603;0.0088078;6.36572;49.875
ENV3;S3;D;7;44.642;45;;12.8514;35.6514;1.0254;0.6099;0.0030678;6.31461;49.875
ENV3;S3;D;7;45.633;46;;12.8196;35.6538;0.8374;0.7287;-0.0001146;6.25574;49.875
ENV3;S3;D;7;46.625;47;;12.8146;35.6534;0.933;0.6322;1.00E-12;6.23092;49.875
ENV3;S3;D;7;47.617;48;;12.8053;35.6537;0.8913;0.6077;1.00E-12;6.21768;49.875
ENV3;S3;D;7;48.609;49;;12.7938;35.6538;1.0162;0.6019;1.00E-12;6.22155;49.875
ENV3;S3;D;7;49.601;50;;12.7951;35.6536;0.9106;0.7154;1.00E-12;6.21626;49.875
ENV3;S3;D;7;50.593;51;;12.795;35.6533;0.8898;0.6427;1.00E-12;6.20515;49.875
ENV3;S3;D;7;51.585;52;;12.7884;35.6535;0.8376;0.673;1.00E-12;6.20723;49.875
ENV3;S3;D;7;52.577;53;;12.7776;35.6536;0.7389;0.6937;1.00E-12;6.2009;49.875
ENV3;S3;D;7;53.569;54;;12.7691;35.6539;0.7275;0.7023;1.00E-12;6.18359;49.875
ENV3;S3;D;7;54.561;55;;12.7534;35.654;0.8089;0.6629;1.00E-12;6.15856;49.875
ENV3;S3;D;7;55.553;56;;12.7405;35.6542;0.6836;0.7447;1.00E-12;6.13827;49.875
ENV3;S3;D;7;56.544;57;;12.7229;35.6539;0.645;0.6662;1.00E-12;6.14354;49.875
ENV3;S3;D;7;57.536;58;;12.7014;35.6538;0.6252;0.6608;1.00E-12;6.12798;49.875
ENV3;S3;D;7;58.528;59;;12.6821;35.6539;0.6125;0.6823;1.00E-12;6.12148;49.875
ENV3;S3;D;7;59.52;60;;12.6577;35.6539;0.5944;0.6954;1.00E-12;6.11833;49.875
ENV3;S3;D;7;60.512;61;;12.6095;35.6525;0.5857;0.7404;1.00E-12;6.10376;49.875
ENV3;S3;D;7;61.503;62;;12.5693;35.6514;0.5218;0.631;1.00E-12;6.11056;49.875
ENV3;S3;D;7;62.496;63;;12.553;35.6504;0.4656;0.6107;1.00E-12;6.13465;49.875
ENV3;S3;D;7;63.487;64;;12.5306;35.6489;0.439;0.5283;1.00E-12;6.14633;49.875
ENV3;S3;D;7;64.479;65;;12.4856;35.6445;0.3969;0.6239;1.00E-12;6.15312;49.875
ENV3;S3;D;7;65.471;66;;12.4744;35.6461;0.4278;0.5656;1.00E-12;6.17494;49.915
ENV3;S3;D;7;66.463;67;;12.4633;35.645;0.444;0.5348;1.00E-12;6.19781;49.92
ENV3;S3;D;7;67.455;68;;12.4209;35.6438;0.3602;0.5641;1.00E-12;6.20517;50.007
ENV3;S3;D;7;68.446;69;;12.3756;35.6421;0.2522;0.5066;1.00E-12;6.20906;50.017
ENV3;S3;D;7;69.438;70;;12.3691;35.6422;0.2453;0.491;1.00E-12;6.24636;50.143
ENV3;S3;D;7;70.43;71;;12.3616;35.6414;0.2718;0.491;1.00E-12;6.24864;50.351
ENV3;S3;D;7;71.422;72;;12.3455;35.6411;0.2461;0.4845;1.00E-12;6.24485;50.587
ENV3;S3;D;7;72.414;73;;12.3335;35.6399;0.2019;0.4533;1.00E-12;6.26298;50.51
ENV3;S3;D;7;73.405;74;;12.3058;35.6393;0.1863;0.5296;1.00E-12;6.27615;51.01
ENV3;S3;D;7;74.397;75;;12.2804;35.6402;0.1461;0.4381;1.00E-12;6.27199;51.4
ENV3;S3;D;7;75.389;76;;12.2685;35.6412;0.1333;0.4925;1.00E-12;6.24807;51.714
ENV3;S3;D;7;76.381;77;;12.2661;35.6424;0.1171;0.5279;1.00E-12;6.26212;51.436
ENV3;S3;D;7;77.373;78;;12.2669;35.6436;0.114;0.5683;1.00E-12;6.19463;51.7
ENV3;S3;D;7;78.364;79;;12.2664;35.6445;0.0689;0.5614;1.00E-12;6.15219;51.877
ENV3;S3;D;7;79.356;80;;12.2604;35.6451;0.1209;0.5966;1.00E-12;6.15378;51.87
ENV3;S3;D;7;80.348;81;;12.2427;35.6438;0.1025;0.6473;1.00E-12;6.11129;51.87
ENV3;S3;D;7;81.34;82;;12.1993;35.6448;0.0554;0.6845;1.00E-12;6.07159;51.84
ENV3;S3;D;7;82.331;83;;12.1864;35.6454;0.0404;0.8295;1.00E-12;6.00729;51.871
ENV3;S3;D;7;83.323;84;;12.1812;35.6459;0.0595;1.0086;1.00E-12;5.98459;51.87
ENV3;S3;D;7;84.315;85;;12.1789;35.6462;0.0355;1.0035;1.00E-12;5.90692;51.87
ENV3;S3;D;7;85.307;86;;12.1781;35.6463;0.0539;1.1082;1.00E-12;5.78988;51.87
ENV3;S3;D;7;86.298;87;;12.1731;35.6463;0.0451;1.191;1.00E-12;5.79424;51.87
ENV3;S3;D;7;87.29;88;;12.1637;35.647;0.0673;1.5183;1.00E-12;5.7649;51.87
ENV3;S3;D;7;88.282;89;;12.1639;35.6467;0.0472;1.5923;1.00E-12;5.69492;51.87
ENV3;S3;D;7;89.273;90;;12.1634;35.6464;0.0397;1.2406;1.00E-12;5.68693;51.87
ENV3;S3;D;8;3.969;4;;13.7255;34.7431;9.796;0.7683;5.7965;8.10677;32.696
ENV3;S3;D;8;4.961;5;;13.6614;35.6314;11.1586;0.9541;4.1364;9.73954;33.918
ENV3;S3;D;8;5.953;6;;13.5902;35.6275;10.6842;0.8379;2.93;9.728;33.915
ENV3;S3;D;8;6.945;7;;13.4568;35.6309;11.1914;0.8984;1.9977;9.77112;33.915
ENV3;S3;D;8;7.937;8;;13.3098;35.6324;12.7897;1.0545;1.4513;9.41667;33.915
ENV3;S3;D;8;8.929;9;;13.1295;35.6356;10.7179;0.919;1.0455;8.7986;33.915
ENV3;S3;D;8;9.921;10;;13.0772;35.6346;10.239;0.9038;0.70871;8.23628;33.915
ENV3;S3;D;8;10.913;11;;13.0314;35.6354;9.9927;0.9104;0.51106;8.0423;33.915
ENV3;S3;D;8;11.905;12;;12.9788;35.6348;9.8063;0.9495;0.36825;7.93135;33.915
ENV3;S3;D;8;12.898;13;;12.9358;35.6344;9.24;0.8235;0.26759;7.79303;33.915
ENV3;S3;D;8;13.89;14;;12.908;35.633;9.1183;0.7664;0.19398;7.68612;33.915
ENV3;S3;D;8;14.882;15;;12.8159;35.6317;8.9713;0.8472;0.13542;7.61275;33.915
ENV3;S3;D;8;15.874;16;;12.7302;35.6307;6.4955;0.7293;0.096508;7.40332;33.915
ENV3;S3;D;8;16.866;17;;12.7053;35.6298;4.917;0.6212;0.066614;7.15512;33.915
ENV3;S3;D;8;17.858;18;;12.695;35.6289;4.5877;0.5906;0.04535;7.05876;33.915
ENV3;S3;D;8;18.85;19;;12.6874;35.6284;4.3837;0.5977;0.03463;7.05877;33.915
ENV3;S3;D;8;19.842;20;;12.6769;35.6273;4.1236;0.59;0.020875;7.0807;33.915
ENV3;S3;D;8;20.834;21;;12.67;35.6269;4.1567;0.5829;0.0064625;7.06429;34.349
ENV3;S3;D;8;21.826;22;;12.6576;35.6256;4.3848;0.558;0.00014859;7.04138;34.836
ENV3;S3;D;8;22.818;23;;12.5973;35.6244;3.702;0.5358;-0.000003677;7.02912;35.072
ENV3;S3;D;8;23.81;24;;12.5701;35.6247;2.8752;0.4956;1.00E-12;6.92357;35.368
ENV3;S3;D;8;24.802;25;;12.5198;35.623;2.2429;0.4451;1.00E-12;6.86367;35.814
ENV3;S3;D;8;25.794;26;;12.4831;35.6238;1.8809;0.4299;1.00E-12;6.71143;35.911
ENV3;S3;D;8;26.786;27;;12.4763;35.6236;1.4405;0.425;1.00E-12;6.62162;35.91
ENV3;S3;D;8;27.778;28;;12.4481;35.6231;1.3105;0.4379;1.00E-12;6.64377;35.91
ENV3;S3;D;8;28.77;29;;12.4234;35.6243;0.8635;0.3735;1.00E-12;6.5966;35.91
ENV3;S3;D;8;29.762;30;;12.4077;35.6245;0.6998;0.3656;1.00E-12;6.55243;35.91
ENV3;S3;D;8;30.754;31;;12.3841;35.6245;0.5019;0.3497;1.00E-12;6.53208;35.91
ENV3;S3;D;8;31.746;32;;12.3712;35.626;0.3461;0.3167;1.00E-12;6.49129;35.91
ENV3;S3;D;8;32.738;33;;12.3606;35.6265;0.3595;0.3228;1.00E-12;6.50927;35.91
ENV3;S3;D;8;33.73;34;;12.3466;35.6275;0.2923;0.3018;1.00E-12;6.47891;35.91
ENV3;S3;D;8;34.722;35;;12.3307;35.6285;0.2283;0.2929;1.00E-12;6.48273;35.91
ENV3;S3;D;8;35.714;36;;12.3235;35.6297;0.1496;0.2808;1.00E-12;6.46315;35.91
ENV3;S3;D;8;36.706;37;;12.322;35.6309;0.1148;0.2838;1.00E-12;6.46751;35.91
ENV3;S3;D;8;37.698;38;;12.3207;35.6318;0.1299;0.2729;1.00E-12;6.53146;35.91
ENV3;S3;D;8;38.69;39;;12.3201;35.6318;0.0714;0.2762;1.00E-12;6.53803;35.91
ENV3;S3;D;8;39.682;40;;12.3191;35.6318;0.0866;0.2749;1.00E-12;6.52502;35.91
ENV3;S3;D;8;40.674;41;;12.3175;35.6319;0.0733;0.2659;1.00E-12;6.53185;35.91
ENV3;S3;D;8;41.666;42;;12.3161;35.6319;0.0743;0.2904;1.00E-12;6.52523;35.91
ENV3;S3;D;8;42.658;43;;12.3151;35.6318;0.0712;0.2674;1.00E-12;6.52278;35.91
ENV3;S3;D;8;43.65;44;;12.3099;35.632;0.0514;0.286;1.00E-12;6.52101;35.91
ENV3;S3;D;8;44.642;45;;12.2967;35.6333;0.0571;0.2756;1.00E-12;6.48587;35.91
ENV3;S3;D;8;45.633;46;;12.2902;35.6344;0.0699;0.2951;1.00E-12;6.4381;35.91
ENV3;S3;D;8;46.625;47;;12.2847;35.6362;0.0582;0.296;1.00E-12;6.39849;35.91
ENV3;S3;D;8;47.617;48;;12.2826;35.6435;0.0642;0.4869;1.00E-12;6.35143;35.91
ENV3;S3;D;8;48.609;49;;12.283;35.646;0.0607;0.8211;1.00E-12;6.08826;35.91
ENV3;S3;D;8;49.601;50;;12.2839;35.6465;0.0947;0.8143;1.00E-12;5.90944;35.91
ENV3;S3;D;8;50.593;51;;12.2837;35.6467;0.0685;0.8314;1.00E-12;5.90707;35.91
ENV3;S3;D;8;51.585;52;;12.2831;35.6472;0.1047;0.843;1.00E-12;5.8952;35.91
ENV3;S3;D;8;52.577;53;;12.2832;35.6469;0.0774;0.8682;1.00E-12;5.87939;35.91
ENV3;S3;D;8;53.569;54;;12.2838;35.6471;0.152;0.8407;1.00E-12;5.89618;35.91
ENV3;S3;D;8;54.561;55;;12.2843;35.647;0.1068;0.8947;1.00E-12;5.89976;35.91
ENV3;S3;D;8;55.553;56;;12.2853;35.6475;0.1068;0.864;1.00E-12;5.89399;35.91
ENV3;S3;D;8;56.544;57;;12.2857;35.6475;0.0953;0.957;1.00E-12;5.88061;35.91
ENV3;S3;D;8;57.536;58;;12.2855;35.6473;0.086;0.9047;1.00E-12;5.84528;35.91
ENV3;S3;D;8;58.528;59;;12.2858;35.6475;0.1005;0.9257;1.00E-12;5.86842;35.942
ENV3;S3;D;8;59.52;60;;12.2869;35.6479;0.1088;0.8938;1.00E-12;5.85543;35.909
ENV3;S3;D;8;60.512;61;;12.2867;35.6479;0.0909;0.8938;1.00E-12;5.84353;35.91
ENV3;S3;D;8;61.504;62;;12.2867;35.6479;0.1148;0.9138;1.00E-12;5.84164;35.91
ENV3;S3;D;8;62.495;63;;12.287;35.6479;0.0969;0.9515;1.00E-12;5.83554;35.91
ENV3;S3;D;8;63.487;64;;12.2873;35.6479;0.1041;0.9138;1.00E-12;5.84401;35.91
ENV3;S3;D;8;64.479;65;;12.2875;35.6479;0.1002;1.0407;1.00E-12;5.84652;35.91
ENV3;S3;D;8;65.471;66;;12.2873;35.6479;0.1117;0.9409;1.00E-12;5.84614;35.91
ENV3;S3;D;8;66.463;67;;12.2875;35.6479;0.1085;0.9554;1.00E-12;5.83681;35.91
ENV3;S3;D;8;67.455;68;;12.2876;35.6479;0.1007;0.9646;1.00E-12;5.81597;35.91
ENV3;S3;D;8;68.446;69;;12.2878;35.6478;0.1049;0.9513;1.00E-12;5.84395;35.91
ENV3;S3;D;8;69.438;70;;12.2881;35.6478;0.1;1.0267;1.00E-12;5.85444;35.91
ENV3;S3;D;8;70.43;71;;12.2882;35.6478;0.1258;0.9572;1.00E-12;5.83754;36.078
ENV3;S3;D;8;71.422;72;;12.2884;35.6478;0.1097;0.9282;1.00E-12;5.84555;36.14
ENV3;S3;D;8;72.414;73;;12.2885;35.6478;0.1064;0.9093;1.00E-12;5.83588;35.907
ENV3;S3;D;8;73.405;74;;12.2888;35.6478;0.1054;0.9584;1.00E-12;5.84356;36.328
ENV3;S3;D;8;74.397;75;;12.2892;35.6478;0.109;0.9947;1.00E-12;5.83819;36.828
ENV3;S3;D;8;75.389;76;;12.2894;35.6479;0.1178;0.8945;1.00E-12;5.8452;36.805
ENV3;S3;D;8;76.381;77;;12.2918;35.6486;0.1378;0.8895;1.00E-12;5.83214;37.321
ENV3;S3;D;8;77.373;78;;12.2918;35.6485;0.1284;0.9408;1.00E-12;5.81138;36.769
ENV3;S3;D;8;78.364;79;;12.292;35.6486;0.1296;1.0442;1.00E-12;5.80599;37.771
ENV3;S3;D;8;79.356;80;;12.2924;35.6487;0.1642;1.0346;1.00E-12;5.80486;37.905
ENV3;S3;D;8;80.348;81;;12.2932;35.6487;0.1321;1.0841;1.00E-12;5.81178;37.905
ENV3;S3;D;8;81.34;82;;12.291;35.649;0.1276;1.0838;1.00E-12;5.81854;37.858
ENV3;S3;D;8;82.331;83;;12.2911;35.6489;0.1381;1.0053;1.00E-12;5.78988;37.905
ENV3;S3;D;8;83.323;84;;12.2911;35.6489;0.1423;1.0661;1.00E-12;5.78058;37.905
ENV3;S3;D;8;84.315;85;;12.2919;35.649;0.1341;1.0824;1.00E-12;5.78535;37.905
ENV3;S3;D;8;85.307;86;;12.2916;35.649;0.1191;1.0589;1.00E-12;5.79637;37.905
ENV3;S3;D;8;86.298;87;;12.2912;35.6491;0.1482;1.1001;1.00E-12;5.79381;37.905
ENV3;S3;D;8;87.29;88;;12.2914;35.6489;0.1358;0.9665;1.00E-12;5.78771;37.905
ENV3;S6;D;1;2.976;3;;16.1317;35.8001;0.4348;0.5809;1368;5.78023;1853
ENV3;S6;D;1;3.969;4;;16.0555;35.6896;0.4333;0.6019;613.94;7.64349;1854.4
ENV3;S6;D;1;4.961;5;;15.9709;35.6052;0.432;0.6363;555.11;8.17984;1852.8
ENV3;S6;D;1;5.953;6;;15.9465;35.5947;0.5034;0.5967;667.4;8.27118;1853
ENV3;S6;D;1;6.945;7;;15.7977;35.591;0.5259;0.6382;590.92;8.28629;1854.3
ENV3;S6;D;1;7.937;8;;15.6413;35.5951;0.6411;0.6304;499.14;8.27247;1853.5
ENV3;S6;D;1;8.929;9;;15.6443;35.5942;0.7644;0.6775;447.27;8.24041;1852.2
ENV3;S6;D;1;9.921;10;;15.6392;35.5933;0.8565;0.7133;369.89;8.2305;1853.8
ENV3;S6;D;1;10.913;11;;15.631;35.5924;0.9083;0.7132;300.66;8.22353;1855.1
ENV3;S6;D;1;11.905;12;;15.6229;35.5921;1.0348;0.6666;257.31;8.19084;1854.3
ENV3;S6;D;1;12.898;13;;15.6154;35.5915;1.1435;0.6562;204.96;8.19489;1852.9
ENV3;S6;D;1;13.889;14;;15.6098;35.5913;1.3146;0.7066;170.54;8.148;1854.5
ENV3;S6;D;1;14.882;15;;15.605;35.5911;1.419;0.7159;142.39;8.15241;1853.5
ENV3;S6;D;1;15.874;16;;15.5998;35.5907;1.588;0.7105;130.23;8.19037;1855.3
ENV3;S6;D;1;16.866;17;;15.5624;35.5887;1.7979;0.6979;110.09;8.17201;1856.8
ENV3;S6;D;1;17.858;18;;15.4521;35.5924;2.131;0.6852;91.921;8.13656;1856.8
ENV3;S6;D;1;18.85;19;;15.2883;35.588;2.2419;0.6358;78.281;8.06165;1854.7
ENV3;S6;D;1;19.842;20;;14.9043;35.5982;2.2342;0.6245;67.528;8.01572;1857.9
ENV3;S6;D;1;20.834;21;;14.6972;35.6151;2.2634;0.5851;59.443;7.80421;1858
ENV3;S6;D;1;21.826;22;;14.6491;35.6162;2.2762;0.5185;51.493;7.66642;1858.1
ENV3;S6;D;1;22.818;23;;14.6132;35.6174;2.2296;0.5878;44.603;7.72085;1858.6
ENV3;S6;D;1;23.81;24;;14.5581;35.6177;2.1558;0.5761;39.839;7.6967;1858.6
ENV3;S6;D;1;24.802;25;;14.3882;35.6276;2.0309;0.5472;37.473;7.62548;1859
ENV3;S6;D;1;25.794;26;;14.2528;35.6389;1.8262;0.4939;32.165;7.51581;1859.4
ENV3;S6;D;1;26.786;27;;14.1908;35.6425;1.7549;0.477;27.702;7.45609;1858.8
ENV3;S6;D;1;27.778;28;;14.0717;35.6537;1.6472;0.456;25.527;7.43095;1859.2
ENV3;S6;D;1;28.77;29;;14.0442;35.6548;1.5592;0.4332;23.551;7.3732;1859.3
ENV3;S6;D;1;29.762;30;;14.0014;35.6566;1.5093;0.426;21.808;7.35494;1861
ENV3;S6;D;1;30.754;31;;13.9916;35.6558;1.5354;0.4277;19.254;7.34355;1860.9
ENV3;S6;D;1;31.746;32;;13.9023;35.6637;1.4016;0.3894;17.855;7.34361;1859.2
ENV3;S6;D;1;32.738;33;;13.8173;35.6738;1.2842;0.3495;16.812;7.29286;1859.4
ENV3;S6;D;1;33.73;34;;13.7827;35.6776;1.2297;0.3462;14.989;7.24766;1859.3
ENV3;S6;D;1;34.722;35;;13.7857;35.6761;1.2052;0.34;13.835;7.23833;1860.2
ENV3;S6;D;1;35.714;36;;13.7633;35.6782;1.1757;0.3066;12.357;7.23654;1859.3
ENV3;S6;D;1;36.706;37;;13.7624;35.6777;1.1796;0.3159;11.414;7.25058;1859.8
ENV3;S6;D;1;37.698;38;;13.7463;35.6784;1.1902;0.3294;10.738;7.22904;1861
ENV3;S6;D;1;38.69;39;;13.7247;35.6808;1.1539;0.3176;9.9993;7.23399;1861.5
ENV3;S6;D;1;39.682;40;;13.5899;35.6885;1.0322;0.3002;9.0372;7.23242;1860.8
ENV3;S6;D;1;40.674;41;;13.4975;35.6987;0.8451;0.2769;8.4436;7.1986;1859.9
ENV3;S6;D;1;41.666;42;;13.4731;35.7023;0.7522;0.2552;8.059;7.17255;1860.9
ENV3;S6;D;1;42.658;43;;13.4582;35.7028;0.726;0.253;7.4633;7.16042;1861.5
ENV3;S6;D;1;43.65;44;;13.4318;35.7044;0.6747;0.2319;6.8139;7.15103;1861.1
ENV3;S6;D;1;44.642;45;;13.3926;35.7065;0.6583;0.2451;6.4351;7.15662;1860.6
ENV3;S6;D;1;45.634;46;;13.3728;35.709;0.6145;0.2396;6.1338;7.13858;1861.2
ENV3;S6;D;1;46.625;47;;13.3671;35.7089;0.5936;0.2272;5.8641;7.14269;1861.7
ENV3;S6;D;1;47.617;48;;13.342;35.7101;0.5498;0.2162;5.4154;7.1458;1861.3
ENV3;S6;D;1;48.609;49;;13.3354;35.7106;0.5058;0.2149;5.1144;7.11502;1860.7
ENV3;S6;D;1;49.601;50;;13.3259;35.7112;0.5327;0.2188;4.856;7.11698;1861.6
ENV3;S6;D;1;50.593;51;;13.3215;35.7114;0.5192;0.2002;4.5503;7.1471;1862.2
ENV3;S6;D;1;51.585;52;;13.3077;35.7115;0.5201;0.2146;4.2444;7.14723;1861.1
ENV3;S6;D;1;52.577;53;;13.2884;35.7136;0.4848;0.2185;4.0364;7.14148;1861.2
ENV3;S6;D;1;53.569;54;;13.2738;35.7134;0.4519;0.2119;3.874;7.1345;1861.9
ENV3;S6;D;1;54.561;55;;13.235;35.7163;0.3821;0.2089;3.6517;7.13968;1862
ENV3;S6;D;1;55.552;56;;13.2197;35.7171;0.3436;0.2078;3.4399;7.15282;1861
ENV3;S6;D;1;56.545;57;;13.216;35.7169;0.3302;0.1983;3.2732;7.15463;1861.5
ENV3;S6;D;1;57.536;58;;13.2109;35.7168;0.3204;0.198;3.113;7.16994;1862.6
ENV3;S6;D;1;58.528;59;;13.2048;35.7165;0.3138;0.1974;2.9562;7.18064;1862.7
ENV3;S6;D;1;59.52;60;;13.2004;35.7166;0.3095;0.2028;2.8006;7.17123;1861.3
ENV3;S6;D;1;60.512;61;;13.1982;35.7165;0.295;0.1866;2.6398;7.17958;1861
ENV3;S6;D;1;61.504;62;;13.1906;35.7156;0.2806;0.2;2.4878;7.17199;1862.8
ENV3;S6;D;1;62.496;63;;13.1641;35.7162;0.2441;0.1954;2.3729;7.15084;1862.9
ENV3;S6;D;1;63.487;64;;13.1485;35.7154;0.2008;0.1954;2.2688;7.19336;1861.4
ENV3;S6;D;1;64.479;65;;13.1454;35.7155;0.1802;0.1909;2.168;7.18634;1860.7
ENV3;S6;D;1;65.471;66;;13.1441;35.7153;0.1795;0.1882;2.0686;7.18907;1861.3
ENV3;S6;D;1;66.463;67;;13.1424;35.7152;0.1787;0.1881;1.9709;7.20303;1862.3
ENV3;S6;D;1;67.455;68;;13.1427;35.7149;0.1895;0.1798;1.874;7.19835;1862.1
ENV3;S6;D;1;68.446;69;;13.1384;35.7146;0.1759;0.1783;1.7815;7.19868;1862.8
ENV3;S6;D;1;69.438;70;;13.1357;35.7143;0.1608;0.1801;1.6859;7.19539;1862.5
ENV3;S6;D;1;70.43;71;;13.1297;35.7139;0.1715;0.1873;1.6081;7.20701;1861.5
ENV3;S6;D;1;71.422;72;;13.1208;35.713;0.1585;0.1819;1.5395;7.20898;1861.7
ENV3;S6;D;1;72.414;73;;13.1167;35.7131;0.1466;0.1883;1.4768;7.20208;1861.5
ENV3;S6;D;1;73.406;74;;13.1156;35.713;0.1448;0.1904;1.3985;7.20154;1862.4
ENV3;S6;D;1;74.397;75;;13.116;35.7128;0.1273;0.1835;1.3147;7.19803;1862.2
ENV3;S6;D;1;75.389;76;;13.1167;35.7128;0.1317;0.1856;1.25;7.19241;1861.3
ENV3;S6;D;1;76.381;77;;13.1174;35.7129;0.1254;0.1903;1.1895;7.19186;1861.4
ENV3;S6;D;1;77.373;78;;13.1159;35.7126;0.142;0.1872;1.1382;7.18044;1861.4
ENV3;S6;D;1;78.364;79;;13.1147;35.7124;0.1313;0.1764;1.0941;7.18995;1862
ENV3;S6;D;1;79.356;80;;13.1038;35.7112;0.1519;0.1843;1.0504;7.17921;1861.8
ENV3;S6;D;1;80.348;81;;13.087;35.7107;0.1272;0.1792;1.005;7.17841;1861.4
ENV3;S6;D;1;81.34;82;;13.0803;35.7101;0.1126;0.1844;0.95121;7.192;1862.8
ENV3;S6;D;1;82.331;83;;13.0703;35.7094;0.0831;0.1845;0.89717;7.17974;1863.6
ENV3;S6;D;1;83.323;84;;13.0594;35.7083;0.0725;0.1827;0.84821;7.2052;1862.1
ENV3;S6;D;1;84.315;85;;13.0467;35.7075;0.0558;0.1718;0.81122;7.22273;1861.2
ENV3;S6;D;1;85.306;86;;13.037;35.7068;0.0514;0.172;0.77953;7.21657;1861.3
ENV3;S6;D;1;86.298;87;;13.0335;35.7068;0.0332;0.1762;0.74845;7.20333;1861.6
ENV3;S6;D;1;87.29;88;;13.0313;35.7065;0.0374;0.1833;0.71357;7.19733;1862.4
ENV3;S6;D;1;88.282;89;;13.0299;35.7063;0.0389;0.1683;0.67845;7.20936;1861.9
ENV3;S6;D;1;89.274;90;;13.028;35.706;0.0459;0.1659;0.63934;7.22848;1861.7
ENV3;S6;D;1;90.265;91;;13.0231;35.7054;0.0451;0.1771;0.61103;7.21949;1861.2
ENV3;S6;D;1;91.257;92;;13.0166;35.7049;0.0377;0.1831;0.58104;7.22165;1861.1
ENV3;S6;D;1;92.249;93;;13.0107;35.7048;0.0457;0.184;0.55391;7.21517;1861.2
ENV3;S6;D;1;93.24;94;;13.0095;35.7046;0.0119;0.1749;0.52989;7.21661;1862.2
ENV3;S6;D;1;94.232;95;;13.0088;35.7044;0.0161;0.174;0.50641;7.22174;1862.4
ENV3;S6;D;1;95.224;96;;13.0038;35.7039;0.0266;0.17;0.48231;7.21136;1863.3
ENV3;S6;D;1;96.215;97;;13.0011;35.7037;0.0196;0.1741;0.45764;7.21074;1861.4
ENV3;S6;D;1;97.207;98;;12.9965;35.7032;0.0105;0.1761;0.43662;7.23769;1861.2
ENV3;S6;D;1;98.199;99;;12.9887;35.7023;0.0149;0.1738;0.41767;7.23527;1861
ENV3;S6;D;1;99.19;100;;12.9631;35.6992;0.0138;0.1729;0.3985;7.21317;1861.4
ENV3;S6;D;1;100.182;101;;12.9337;35.6977;0.0071;0.1743;0.37688;7.22055;1862.9
ENV3;S6;D;1;101.174;102;;12.9249;35.6972;-0.0206;0.1785;0.35673;7.20533;1861.5
ENV3;S6;D;1;102.165;103;;12.9234;35.6971;-0.0093;0.1737;0.34274;7.20697;1861.4
ENV3;S6;D;1;103.157;104;;12.9234;35.6969;0.0017;0.1766;0.32556;7.19994;1861.9
ENV3;S6;D;1;104.149;105;;12.9211;35.6966;-0.0064;0.1785;0.3068;7.1877;1863.3
ENV3;S6;D;1;105.14;106;;12.9189;35.6964;-0.0128;0.1784;0.29258;7.19008;1863.5
ENV3;S6;D;1;106.132;107;;12.916;35.6962;-0.0067;0.1729;0.28123;7.18173;1862.7
ENV3;S6;D;1;107.124;108;;12.9143;35.6958;-0.0078;0.1689;0.26599;7.19561;1861.9
ENV3;S6;D;1;108.115;109;;12.9101;35.6956;-0.0048;0.1771;0.25249;7.21355;1861.6
ENV3;S6;D;1;109.107;110;;12.909;35.6955;-0.0221;0.1732;0.24207;7.20965;1861
ENV3;S6;D;1;110.098;111;;12.9046;35.695;-0.0137;0.1773;0.22806;7.19062;1861.4
ENV3;S6;D;1;111.09;112;;12.901;35.6946;-0.0128;0.1722;0.21762;7.20528;1862.4
ENV3;S6;D;1;112.082;113;;12.8976;35.6944;-0.0177;0.1721;0.2078;7.21314;1863
ENV3;S6;D;1;113.073;114;;12.895;35.6941;-0.0068;0.1746;0.19566;7.20218;1862.3
ENV3;S6;D;1;114.065;115;;12.8938;35.694;-0.0147;0.1686;0.18554;7.21221;1861.7
ENV3;S6;D;1;115.056;116;;12.8931;35.6939;-0.0268;0.1784;0.17417;7.19488;1862.6
ENV3;S6;D;1;116.048;117;;12.8906;35.6935;-0.029;0.1843;0.16497;7.20434;1862.7
ENV3;S6;D;1;117.039;118;;12.887;35.6932;-0.0044;0.1839;0.15654;7.2051;1861.3
ENV3;S6;D;1;118.031;119;;12.8815;35.6926;-0.0064;0.1762;0.14649;7.20081;1861.8
ENV3;S6;D;1;119.023;120;;12.8746;35.692;-0.0175;0.1723;0.13732;7.21237;1862.1
ENV3;S6;D;1;120.014;121;;12.829;35.6851;-0.0107;0.1769;0.13266;7.2186;1861.8
ENV3;S6;D;1;121.006;122;;12.7822;35.6846;-0.0237;0.1725;0.12539;7.21396;1861
ENV3;S6;D;1;121.997;123;;12.7748;35.6836;-0.0349;0.1834;0.11961;7.19251;1861.4
ENV3;S6;D;1;122.989;124;;12.7705;35.6833;-0.0353;0.1782;0.10836;7.172;1863
ENV3;S6;D;1;123.981;125;;12.7643;35.6824;-0.0302;0.1696;0.10061;7.1881;1863.3
ENV3;S6;D;1;124.972;126;;12.7612;35.6819;-0.0234;0.1723;0.095121;7.17548;1862.1
ENV3;S6;D;1;125.963;127;;12.7574;35.6816;-0.0303;0.1782;0.089395;7.18022;1861.6
ENV3;S6;D;1;126.955;128;;12.7499;35.6806;-0.0358;0.1842;0.082969;7.19235;1862
ENV3;S6;D;1;127.947;129;;12.7323;35.6797;-0.0307;0.1883;0.079746;7.20057;1861.5
ENV3;S6;D;1;128.938;130;;12.7197;35.679;-0.0179;0.1842;0.074182;7.19473;1861.7
ENV3;S6;D;1;129.93;131;;12.7144;35.6788;-0.0358;0.1933;0.072511;7.15309;1862.3
ENV3;S6;D;1;130.921;132;;12.7136;35.6786;-0.0372;0.1731;0.065456;7.15587;1861.6
ENV3;S6;D;1;131.913;133;;12.7123;35.6784;-0.0354;0.1832;0.060935;7.18055;1861.8
ENV3;S6;D;1;132.904;134;;12.708;35.678;-0.0365;0.1843;0.057448;7.17614;1862
ENV3;S6;D;1;133.896;135;;12.6964;35.6774;-0.0361;0.179;0.054114;7.16268;1861.6
ENV3;S6;D;1;134.887;136;;12.6823;35.6772;-0.0365;0.1784;0.049384;7.15292;1861.2
ENV3;S6;D;1;135.879;137;;12.667;35.6772;-0.0308;0.1725;0.045846;7.12693;1862.1
ENV3;S6;D;1;136.87;138;;12.664;35.6774;-0.0353;0.1822;0.043075;7.11106;1863.2
ENV3;S6;D;1;137.861;139;;12.6621;35.6771;-0.0379;0.179;0.038836;7.11514;1863.3
ENV3;S6;D;1;138.853;140;;12.6569;35.6778;-0.0367;0.184;0.037687;7.11014;1861.9
ENV3;S6;D;1;139.845;141;;12.6559;35.678;-0.0288;0.1868;0.032554;7.0952;1861.3
ENV3;S6;D;1;140.836;142;;12.6557;35.678;-0.0353;0.1856;0.02746;7.08571;1861.5
ENV3;S6;D;1;141.827;143;;12.6556;35.678;-0.0274;0.1845;0.023907;7.08059;1861.6
ENV3;S6;D;1;142.819;144;;12.6547;35.6778;-0.0379;0.1845;0.023861;7.06415;1861.7
ENV3;S6;D;1;143.81;145;;12.6507;35.6777;-0.0304;0.1845;0.020624;7.05846;1862.5
ENV3;S6;D;1;144.802;146;;12.6423;35.6775;-0.0303;0.1809;0.018908;7.06414;1862.5
ENV3;S6;D;1;145.793;147;;12.6383;35.6774;-0.036;0.1865;0.016581;7.07975;1861.4
ENV3;S6;D;1;146.785;148;;12.6346;35.677;-0.0373;0.1818;0.012654;7.04902;1861.8
ENV3;S6;D;1;147.776;149;;12.6274;35.6764;-0.037;0.1849;0.0091466;7.03583;1862.2
ENV3;S6;D;1;148.767;150;;12.6216;35.676;-0.0356;0.1823;0.0067153;7.0497;1862.3
ENV3;S6;D;1;149.759;151;;12.605;35.6746;-0.0265;0.1794;0.0032051;7.05545;1862.5
ENV3;S6;D;1;150.75;152;;12.5823;35.6731;-0.0368;0.1844;0.0020474;7.05903;1861.7
ENV3;S6;D;1;151.742;153;;12.5471;35.6729;-0.0423;0.1821;0.0015998;7.04692;1861.2
ENV3;S6;D;1;152.733;154;;12.5304;35.6736;-0.04;0.1858;0.00070996;6.99565;1861.3
ENV3;S6;D;1;153.725;155;;12.5255;35.6734;-0.036;0.1845;-0.00001555;6.96451;1862.4
ENV3;S6;D;1;154.716;156;;12.5119;35.6727;-0.037;0.1816;9.26E-06;6.95381;1862.4
ENV3;S6;D;1;155.708;157;;12.4893;35.6736;-0.0375;0.1859;-2.28E-07;6.94077;1861.3
ENV3;S6;D;1;156.699;158;;12.4733;35.6736;-0.035;0.1935;1.00E-12;6.91207;1861.3
ENV3;S6;D;1;157.69;159;;12.4639;35.6737;-0.0346;0.1837;1.00E-12;6.89774;1861.9
ENV3;S6;D;1;158.682;160;;12.4506;35.6736;-0.0357;0.1838;1.00E-12;6.86969;1861.9
ENV3;S6;D;1;159.673;161;;12.4443;35.6732;-0.0371;0.1935;1.00E-12;6.85315;1862.4
ENV3;S6;D;1;160.664;162;;12.4411;35.6732;-0.0458;0.1818;1.00E-12;6.86595;1861.4
ENV3;S6;D;1;161.655;163;;12.4388;35.6728;-0.0438;0.1864;1.00E-12;6.86309;1861.7
ENV3;S6;D;1;162.647;164;;12.4347;35.6725;-0.038;0.1918;1.00E-12;6.85034;1862.9
ENV3;S6;D;1;163.638;165;;12.4307;35.6724;-0.0428;0.1958;1.00E-12;6.84841;1861.2
ENV3;S6;D;1;164.63;166;;12.4287;35.6724;-0.0401;0.2048;1.00E-12;6.85233;1861.3
ENV3;S6;D;1;165.621;167;;12.4258;35.6721;-0.0387;0.1965;1.00E-12;6.84087;1861.6
ENV3;S6;D;1;166.612;168;;12.42;35.6719;-0.0356;0.1853;1.00E-12;6.84425;1862
ENV3;S6;D;1;167.604;169;;12.4094;35.6715;-0.0378;0.2057;1.00E-12;6.8327;1861.4
ENV3;S6;D;1;168.595;170;;12.4016;35.6715;-0.0366;0.1867;1.00E-12;6.837;1861.8
ENV3;S6;D;1;169.586;171;;12.3923;35.671;-0.0461;0.184;1.00E-12;6.82881;1862
ENV3;S6;D;1;170.578;172;;12.3717;35.6716;-0.0392;0.1896;1.00E-12;6.83362;1862.1
ENV3;S6;D;1;171.569;173;;12.3564;35.6721;-0.0377;0.1846;1.00E-12;6.81688;1861.8
ENV3;S6;D;1;172.56;174;;12.3538;35.6722;-0.0452;0.201;1.00E-12;6.7826;1861.3
ENV3;S6;D;1;173.552;175;;12.3508;35.6721;-0.0362;0.2084;1.00E-12;6.75576;1861
ENV3;S6;D;1;174.543;176;;12.3483;35.6719;-0.0524;0.1876;1.00E-12;6.77288;1862.2
ENV3;S6;D;1;175.534;177;;12.3442;35.6717;-0.0352;0.1845;1.00E-12;6.77829;1862.4
ENV3;S6;D;1;176.525;178;;12.3425;35.6717;-0.0361;0.1877;1.00E-12;6.78777;1862.1
ENV3;S6;D;1;177.517;179;;12.3406;35.6715;-0.0356;0.187;1.00E-12;6.79311;1861.3
ENV3;S6;D;1;178.508;180;;12.3385;35.6715;-0.0367;0.1852;1.00E-12;6.77161;1862
ENV3;S6;D;1;179.499;181;;12.3287;35.6708;-0.0382;0.1895;1.00E-12;6.76785;1862.3
ENV3;S6;D;1;180.491;182;;12.3126;35.6701;-0.0381;0.1814;1.00E-12;6.75821;1862.2
ENV3;S6;D;1;181.482;183;;12.2966;35.6699;-0.0345;0.1845;1.00E-12;6.74732;1861.4
ENV3;S6;D;1;182.473;184;;12.2826;35.6694;-0.0413;0.1843;1.00E-12;6.74311;1861.2
ENV3;S6;D;1;183.464;185;;12.2634;35.6678;-0.0469;0.1879;1.00E-12;6.7569;1861.9
ENV3;S6;D;1;184.456;186;;12.2454;35.6673;-0.0427;0.1787;1.00E-12;6.75746;1862.2
ENV3;S6;D;1;185.447;187;;12.245;35.6671;-0.056;0.1738;1.00E-12;6.75211;1861.6
ENV3;S6;D;1;186.438;188;;12.2393;35.6659;-0.038;0.1838;1.00E-12;6.73736;1861.2
ENV3;S6;D;1;187.429;189;;12.2188;35.6649;-0.0704;0.184;1.00E-12;6.72564;1862.6
ENV3;S6;D;1;188.421;190;;12.2136;35.6649;-0.0409;0.1799;1.00E-12;6.72933;1863
ENV3;S6;D;1;189.412;191;;12.213;35.6648;-0.0513;0.1847;1.00E-12;6.73051;1862.2
ENV3;S6;D;1;190.403;192;;12.2098;35.6643;-0.0609;0.1775;1.00E-12;6.74112;1861
ENV3;S6;D;1;191.394;193;;12.2011;35.6636;-0.039;0.172;1.00E-12;6.72924;1861.9
ENV3;S6;D;1;192.385;194;;12.1963;35.6633;-0.0465;0.1718;1.00E-12;6.73277;1862.2
ENV3;S6;D;1;193.377;195;;12.1888;35.6626;-0.0472;0.1795;1.00E-12;6.71694;1862.4
ENV3;S6;D;1;194.368;196;;12.1808;35.6621;-0.0478;0.1963;1.00E-12;6.7261;1862
ENV3;S6;D;1;195.36;197;;12.174;35.6617;-0.048;0.1847;1.00E-12;6.73536;1861.4
ENV3;S6;D;1;196.351;198;;12.1714;35.6614;-0.0456;0.2021;1.00E-12;6.71577;1861.4
ENV3;S6;D;1;197.342;199;;12.1687;35.6612;-0.0385;0.1831;1.00E-12;6.71254;1862.7
ENV3;S6;D;1;198.333;200;;12.1633;35.6606;-0.0472;0.1817;1.00E-12;6.71673;1861.8
ENV3;S6;D;1;199.324;201;;12.1565;35.6602;-0.0591;0.1847;1.00E-12;6.71741;1861.8
ENV3;S6;D;1;200.315;202;;12.1504;35.6597;-0.0381;0.1978;1.00E-12;6.72568;1861.7
ENV3;S6;D;1;201.306;203;;12.1461;35.6593;-0.0496;0.1807;1.00E-12;6.7294;1861.4
ENV3;S6;D;1;202.298;204;;12.1184;35.6563;-0.058;0.1805;1.00E-12;6.72853;1861.9
ENV3;S6;D;1;203.289;205;;12.0997;35.6563;-0.0463;0.1782;1.00E-12;6.70723;1861.7
ENV3;S6;D;1;204.28;206;;12.0913;35.6553;-0.0577;0.1829;1.00E-12;6.70006;1861.7
ENV3;S6;D;1;205.271;207;;12.0711;35.6542;-0.0473;0.1784;1.00E-12;6.71249;1861.7
ENV3;S6;D;1;206.262;208;;12.0641;35.6535;-0.0552;0.1784;1.00E-12;6.70736;1861.5
ENV3;S6;D;1;207.253;209;;12.053;35.6529;-0.052;0.1782;1.00E-12;6.69126;1861.5
ENV3;S6;D;1;208.244;210;;12.0451;35.6521;-0.0576;0.1728;1.00E-12;6.69383;1861.6
ENV3;S6;D;1;209.235;211;;12.0402;35.6518;-0.0573;0.1783;1.00E-12;6.70344;1862.7
ENV3;S6;D;1;210.227;212;;12.0399;35.6516;-0.0601;0.1782;1.00E-12;6.70381;1862.3
ENV3;S6;D;1;211.218;213;;12.039;35.6515;-0.0643;0.195;1.00E-12;6.71309;1861.4
ENV3;S6;D;1;212.209;214;;12.0372;35.6513;-0.0608;0.1871;1.00E-12;6.71193;1861.2
ENV3;S6;D;1;213.2;215;;12.0365;35.6511;-0.0517;0.1822;1.00E-12;6.69957;1861.7
ENV3;S6;D;1;214.191;216;;12.0361;35.651;-0.062;0.1813;1.00E-12;6.69247;1863.3
ENV3;S6;D;1;215.182;217;;12.0335;35.6507;-0.0593;0.1814;1.00E-12;6.71023;1863.1
ENV3;S6;D;1;216.173;218;;12.0296;35.6505;-0.0524;0.1817;1.00E-12;6.70991;1862.7
ENV3;S6;D;1;217.164;219;;12.0276;35.6503;-0.0553;0.1752;1.00E-12;6.72064;1861.7
ENV3;S6;D;1;218.156;220;;12.0272;35.6502;-0.0535;0.1804;1.00E-12;6.71855;1861.5
ENV3;S6;D;1;219.146;221;;12.0247;35.6498;-0.0525;0.1868;1.00E-12;6.71707;1861.6
ENV3;S6;D;1;220.138;222;;12.02;35.6495;-0.0427;0.1909;1.00E-12;6.70615;1862.8
ENV3;S6;D;1;221.129;223;;12.0155;35.649;-0.0525;0.1859;1.00E-12;6.71223;1863
ENV3;S6;D;1;222.12;224;;12.0092;35.6485;-0.0481;0.1813;1.00E-12;6.70413;1863
ENV3;S6;D;1;223.111;225;;12.001;35.6476;-0.0495;0.1743;1.00E-12;6.71997;1861.9
ENV3;S6;D;1;224.102;226;;11.9867;35.6464;-0.068;0.1862;1.00E-12;6.72306;1861.4
ENV3;S6;D;1;225.093;227;;11.9801;35.6459;-0.0629;0.1824;1.00E-12;6.7038;1862.2
ENV3;S6;D;1;226.084;228;;11.9678;35.6452;-0.0631;0.1744;1.00E-12;6.69135;1863.2
ENV3;S6;D;1;227.075;229;;11.9599;35.6444;-0.0663;0.1782;1.00E-12;6.70033;1862.6
ENV3;S6;D;1;228.066;230;;11.9454;35.643;-0.0544;0.1784;1.00E-12;6.7142;1861.5
ENV3;S6;D;1;229.057;231;;11.9385;35.6427;-0.045;0.1693;1.00E-12;6.71581;1861.7
ENV3;S6;D;1;230.048;232;;11.9328;35.6421;-0.0518;0.1785;1.00E-12;6.71494;1863.6
ENV3;S6;D;1;231.039;233;;11.9262;35.6414;-0.0589;0.1749;1.00E-12;6.72123;1863.3
ENV3;S6;D;1;232.03;234;;11.923;35.6412;-0.0463;0.1752;1.00E-12;6.7175;1862.1
ENV3;S6;D;1;233.021;235;;11.9171;35.6406;-0.0547;0.2719;1.00E-12;6.7197;1862.6
ENV3;S6;D;1;234.012;236;;11.9148;35.6405;-0.0594;0.2063;1.00E-12;6.70934;1863.3
ENV3;S6;D;1;235.003;237;;11.9146;35.6403;-0.0561;0.1718;1.00E-12;6.71274;1862.7
ENV3;S6;D;1;235.994;238;;11.911;35.6399;-0.0637;0.1802;1.00E-12;6.73044;1861.9
ENV3;S6;D;1;236.985;239;;11.903;35.6388;-0.0498;0.1611;1.00E-12;6.71705;1862.9
ENV3;S6;D;1;237.976;240;;11.8926;35.6382;-0.0574;0.1828;1.00E-12;6.70571;1863
ENV3;S6;D;1;238.967;241;;11.882;35.6371;-0.0502;0.1771;1.00E-12;6.70032;1861.8
ENV3;S6;D;1;239.958;242;;11.8748;35.637;-0.0592;0.1629;1.00E-12;6.71029;1862.4
ENV3;S6;D;1;240.949;243;;11.8744;35.6368;-0.053;0.1779;1.00E-12;6.71282;1863.9
ENV3;S6;D;1;241.94;244;;11.8737;35.6367;-0.0559;0.16;1.00E-12;6.7279;1862.9
ENV3;S6;D;1;242.931;245;;11.8714;35.6362;-0.0586;0.166;1.00E-12;6.72183;1861.8
ENV3;S6;D;1;243.922;246;;11.8674;35.6361;-0.0616;0.1842;1.00E-12;6.72322;1862.8
ENV3;S6;D;1;244.913;247;;11.865;35.6357;-0.0601;0.1757;1.00E-12;6.71232;1863.4
ENV3;S6;D;1;245.904;248;;11.8592;35.6352;-0.0393;0.2077;1.00E-12;6.71292;1863.2
ENV3;S6;D;1;246.895;249;;11.8542;35.6349;-0.0576;0.1777;1.00E-12;6.71136;1862.7
ENV3;S6;D;1;247.886;250;;11.8507;35.6346;-0.0593;0.1973;1.00E-12;6.72881;1862.6
ENV3;S6;D;1;248.877;251;;11.8481;35.6342;-0.0609;0.1723;1.00E-12;6.71847;1864.5
ENV3;S6;D;1;249.868;252;;11.8466;35.6342;-0.0697;0.1768;1.00E-12;6.7226;1863.9
ENV3;S6;D;1;250.859;253;;11.8447;35.634;-0.0599;0.1731;1.00E-12;6.7366;1861.5
ENV3;S6;D;1;251.85;254;;11.8435;35.6339;-0.0596;0.178;1.00E-12;6.72527;1861.4
ENV3;S6;D;1;252.841;255;;11.8462;35.6337;-0.0595;0.1577;1.00E-12;6.72339;1862.4
ENV3;S6;D;2;3.969;4;;16.0241;35.6791;0.4226;0.579;1109.7;7.4965;1881
ENV3;S6;D;2;4.961;5;;16.0125;35.594;0.4252;0.6214;466.28;8.44126;1883.8
ENV3;S6;D;2;5.953;6;;15.9993;35.5936;0.4432;0.639;655.59;8.42168;1879.5
ENV3;S6;D;2;6.945;7;;15.9981;35.5931;0.5097;0.597;841.41;8.45674;1878.8
ENV3;S6;D;2;7.937;8;;15.9894;35.5935;0.5365;0.6267;626.52;8.43135;1880.8
ENV3;S6;D;2;8.929;9;;15.9615;35.5939;0.5808;0.5865;489.62;8.43094;1877.6
ENV3;S6;D;2;9.921;10;;15.9653;35.5948;0.6177;0.6216;429.89;8.42832;1879.3
ENV3;S6;D;2;10.913;11;;15.945;35.5923;0.6763;0.6478;402.17;8.42117;1879.5
ENV3;S6;D;2;11.905;12;;15.8163;35.5909;0.8753;0.66;314.61;8.44688;1879.3
ENV3;S6;D;2;12.898;13;;15.7522;35.5963;0.9055;0.6581;282.94;8.43832;1879.3
ENV3;S6;D;2;13.89;14;;15.8241;35.5884;1.5075;0.7192;249.71;8.4469;1879.8
ENV3;S6;D;2;14.882;15;;15.7095;35.5951;1.4387;0.6813;200.44;8.41595;1879.3
ENV3;S6;D;2;15.874;16;;15.7097;35.5945;1.5045;0.6748;182.11;8.40722;1879.3
ENV3;S6;D;2;16.866;17;;15.7038;35.5942;1.5707;0.6764;151.11;8.4168;1879.1
ENV3;S6;D;2;17.858;18;;15.6999;35.5936;1.652;0.6834;137.77;8.41325;1878
ENV3;S6;D;2;18.85;19;;15.6754;35.5941;1.7578;0.6858;121.04;8.40509;1879.1
ENV3;S6;D;2;19.842;20;;15.6702;35.5938;1.7099;0.6932;103.01;8.37966;1879.3
ENV3;S6;D;2;20.834;21;;15.6623;35.5938;1.7535;0.6777;89.199;8.363;1879.5
ENV3;S6;D;2;21.826;22;;15.6577;35.5938;1.7603;0.7;74.765;8.36001;1878.4
ENV3;S6;D;2;22.818;23;;15.6611;35.5937;1.8342;0.7056;64.477;8.35116;1878.4
ENV3;S6;D;2;23.81;24;;15.636;35.593;1.889;0.6996;55.676;8.34445;1879.4
ENV3;S6;D;2;24.802;25;;15.5861;35.5915;1.9199;0.6797;47.943;8.32056;1877.2
ENV3;S6;D;2;25.794;26;;15.5122;35.5931;1.9124;0.6977;42.863;8.27537;1878.7
ENV3;S6;D;2;26.786;27;;15.2738;35.586;1.9818;0.7032;36.506;8.21678;1879.3
ENV3;S6;D;2;27.778;28;;15.0408;35.5994;2.1105;0.7097;32.1;8.09859;1877.8
ENV3;S6;D;2;28.77;29;;14.9154;35.6016;1.9608;0.6685;28.768;7.88852;1878.9
ENV3;S6;D;2;29.762;30;;14.814;35.6047;1.8235;0.6237;24.399;7.7946;1879.3
ENV3;S6;D;2;30.754;31;;14.7856;35.6062;1.8451;0.6301;20.67;7.76965;1878.2
ENV3;S6;D;2;31.746;32;;14.7756;35.6058;1.8493;0.6453;18.184;7.7695;1878.7
ENV3;S6;D;2;32.738;33;;14.76;35.6067;1.8514;0.6346;16.461;7.75279;1878.5
ENV3;S6;D;2;33.73;34;;14.7405;35.6078;1.8325;0.6553;14.732;7.76732;1876.8
ENV3;S6;D;2;34.722;35;;14.6921;35.6091;1.9162;0.6496;13.1;7.77038;1877.3
ENV3;S6;D;2;35.714;36;;14.6513;35.6129;2.1695;0.6545;11.76;7.72954;1879.5
ENV3;S6;D;2;36.706;37;;14.6071;35.6138;1.9591;0.6179;10.288;7.71527;1877.6
ENV3;S6;D;2;37.698;38;;14.5522;35.6148;1.8927;0.6326;8.932;7.69373;1877.6
ENV3;S6;D;2;38.69;39;;14.4859;35.6172;1.8148;0.6086;7.8825;7.66268;1879.2
ENV3;S6;D;2;39.682;40;;14.467;35.6181;1.6184;0.5312;7.0309;7.56925;1878.9
ENV3;S6;D;2;40.674;41;;14.4454;35.6153;1.6106;0.5671;6.1171;7.58255;1877.3
ENV3;S6;D;2;41.666;42;;14.4329;35.6151;1.6178;0.5708;5.5457;7.57094;1877.3
ENV3;S6;D;2;42.658;43;;14.4224;35.6147;1.6667;0.5689;5.1348;7.55892;1879.1
ENV3;S6;D;2;43.65;44;;14.3783;35.6132;1.6906;0.5423;4.6648;7.543;1879.2
ENV3;S6;D;2;44.642;45;;14.2637;35.6197;1.5882;0.515;4.1041;7.50703;1877.4
ENV3;S6;D;2;45.634;46;;14.2449;35.6205;1.396;0.4774;3.6432;7.41128;1878.8
ENV3;S6;D;2;46.625;47;;14.224;35.6207;1.504;0.4833;3.2823;7.39323;1878.3
ENV3;S6;D;2;47.617;48;;14.1619;35.6222;1.4161;0.4672;2.9508;7.40911;1879.2
ENV3;S6;D;2;48.609;49;;14.0656;35.6283;1.36;0.4522;2.6553;7.38069;1878.8
ENV3;S6;D;2;49.601;50;;13.9781;35.6333;1.2374;0.4286;2.3756;7.34919;1877.6
ENV3;S6;D;2;50.593;51;;13.9346;35.6362;1.1645;0.4076;2.1598;7.29225;1877.4
ENV3;S6;D;2;51.585;52;;13.9119;35.6373;1.1238;0.3996;2.0161;7.25784;1877.5
ENV3;S6;D;2;52.577;53;;13.859;35.6382;1.0811;0.3943;1.8836;7.24182;1878.1
ENV3;S6;D;2;53.569;54;;13.7582;35.6384;1.0377;0.3807;1.7272;7.23599;1879
ENV3;S6;D;2;54.561;55;;13.5208;35.6562;0.9939;0.311;1.5521;7.17181;1879.3
ENV3;S6;D;2;55.552;56;;13.4821;35.6575;0.9094;0.283;1.3964;7.06171;1878.6
ENV3;S6;D;2;56.544;57;;13.4605;35.6587;0.8133;0.2821;1.2861;7.02218;1877.3
ENV3;S6;D;2;57.536;58;;13.4394;35.6598;0.7352;0.277;1.1987;7.02174;1876.8
ENV3;S6;D;2;58.528;59;;13.4282;35.6601;0.7006;0.267;1.1244;7.0179;1877.8
ENV3;S6;D;2;59.52;60;;13.4205;35.6597;0.7446;0.2688;1.0375;7.03134;1880.3
ENV3;S6;D;2;60.512;61;;13.4124;35.6593;0.7469;0.2566;0.93999;7.01442;1878.2
ENV3;S6;D;2;61.504;62;;13.3981;35.6589;0.6872;0.2646;0.86748;7.00817;1876.7
ENV3;S6;D;2;62.495;63;;13.3804;35.6588;0.6522;0.2668;0.81299;7.01718;1877.3
ENV3;S6;D;2;63.487;64;;13.3312;35.6594;0.6163;0.262;0.77048;7.01919;1878.7
ENV3;S6;D;2;64.479;65;;13.2504;35.6582;0.5226;0.2518;0.73122;7.00318;1879.2
ENV3;S6;D;2;65.471;66;;13.1502;35.673;0.4063;0.2178;0.68594;6.96603;1879.1
ENV3;S6;D;2;66.463;67;;13.1287;35.6758;0.3357;0.1986;0.62935;6.98415;1878.6
ENV3;S6;D;2;67.455;68;;13.0958;35.6698;0.2984;0.2007;0.58277;7.02637;1877.5
ENV3;S6;D;2;68.446;69;;13.0766;35.6673;0.2775;0.2073;0.5462;7.0126;1877.6
ENV3;S6;D;2;69.438;70;;13.0624;35.6671;0.2358;0.2086;0.51754;6.97265;1878
ENV3;S6;D;2;70.43;71;;13.0524;35.6667;0.2323;0.1997;0.49231;6.93657;1879.3
ENV3;S6;D;2;71.422;72;;13.0445;35.666;0.242;0.1965;0.46627;6.92766;1879.3
ENV3;S6;D;2;72.414;73;;13.0417;35.6653;0.2127;0.2054;0.43839;6.94449;1878
ENV3;S6;D;2;73.405;74;;13.0404;35.6651;0.2226;0.2166;0.40756;6.93054;1879.1
ENV3;S6;D;2;74.397;75;;13.0388;35.6647;0.2239;0.2028;0.37877;6.92913;1879.5
ENV3;S6;D;2;75.389;76;;13.0315;35.6646;0.2086;0.2035;0.35624;6.92965;1879.3
ENV3;S6;D;2;76.381;77;;13.0281;35.6645;0.2003;0.2083;0.34047;6.93159;1877.7
ENV3;S6;D;2;77.373;78;;13.0132;35.6633;0.1951;0.2082;0.32405;6.91947;1877.3
ENV3;S6;D;2;78.364;79;;12.9823;35.6618;0.1831;0.2077;0.30621;6.93126;1878.4
ENV3;S6;D;2;79.356;80;;12.9667;35.6611;0.1782;0.2023;0.2872;6.91088;1879.3
ENV3;S6;D;2;80.348;81;;12.9398;35.6618;0.1397;0.2026;0.26573;6.91812;1879
ENV3;S6;D;2;81.34;82;;12.9065;35.6606;0.1278;0.1997;0.24659;6.9376;1879.3
ENV3;S6;D;2;82.331;83;;12.8986;35.6615;0.1234;0.1924;0.22768;6.94869;1879.3
ENV3;S6;D;2;83.323;84;;12.8963;35.6613;0.1146;0.1999;0.21593;6.9492;1877.5
ENV3;S6;D;2;84.315;85;;12.8893;35.6613;0.0903;0.1957;0.20676;6.9539;1877.7
ENV3;S6;D;2;85.307;86;;12.8645;35.6611;0.0872;0.1961;0.19917;6.96922;1879.3
ENV3;S6;D;2;86.298;87;;12.8336;35.6676;0.0606;0.1914;0.18954;6.98234;1879.7
ENV3;S6;D;2;87.29;88;;12.8273;35.6681;0.0409;0.1936;0.17675;6.9986;1879.3
ENV3;S6;D;2;88.282;89;;12.822;35.6675;0.0415;0.1862;0.16439;7.04456;1877.5
ENV3;S6;D;2;89.273;90;;12.8113;35.667;0.0337;0.1828;0.15266;7.03228;1879.1
ENV3;S6;D;2;90.265;91;;12.8005;35.6667;0.0192;0.1947;0.14088;7.02722;1879.3
ENV3;S6;D;2;91.257;92;;12.7854;35.6667;0.0246;0.1893;0.1297;7.02407;1879.4
ENV3;S6;D;2;92.249;93;;12.7727;35.6703;0.0264;0.1845;0.1225;7.03364;1879.3
ENV3;S6;D;2;93.24;94;;12.7665;35.6709;0.0198;0.1902;0.11326;7.03932;1877.5
ENV3;S6;D;2;94.232;95;;12.7543;35.6687;0.0114;0.1991;0.10683;7.05153;1877.4
ENV3;S6;D;2;95.224;96;;12.7378;35.669;-0.0047;0.1922;0.10118;7.06316;1879
ENV3;S6;D;2;96.215;97;;12.7334;35.6684;-0.0002;0.1879;0.093566;7.0765;1879.1
ENV3;S6;D;2;97.207;98;;12.729;35.6678;-0.0026;0.1791;0.08909;7.08322;1877.3
ENV3;S6;D;2;98.199;99;;12.7246;35.667;-0.0151;0.1898;0.082704;7.08429;1877.3
ENV3;S6;D;2;99.19;100;;12.7175;35.6658;-0.0146;0.1893;0.077633;7.0656;1878.5
ENV3;S6;D;2;100.182;101;;12.7074;35.6645;-0.0094;0.1818;0.073419;7.05334;1879.3
ENV3;S6;D;2;101.174;102;;12.6961;35.6629;0.0044;0.1815;0.067017;7.05565;1879
ENV3;S6;D;2;102.165;103;;12.6816;35.6622;-0.0092;0.1787;0.063089;7.06237;1877.3
ENV3;S6;D;2;103.157;104;;12.6688;35.6617;-0.0148;0.1928;0.057385;7.06582;1878.5
ENV3;S6;D;2;104.149;105;;12.6677;35.6619;-0.0077;0.1776;0.051117;7.0536;1879.3
ENV3;S6;D;2;105.14;106;;12.6654;35.6623;-0.017;0.1796;0.045599;7.05936;1879.2
ENV3;S6;D;2;106.132;107;;12.6659;35.663;0.0029;0.1859;0.041168;7.05837;1879.1
ENV3;S6;D;2;107.124;108;;12.6709;35.6665;-0.0197;0.1845;0.038573;7.06718;1879.3
ENV3;S6;D;2;108.115;109;;12.6767;35.6686;-0.0137;0.1885;0.032831;7.07985;1878.2
ENV3;S6;D;2;109.107;110;;12.6727;35.6686;-0.0158;0.1857;0.031259;7.08357;1877.4
ENV3;S6;D;2;110.098;111;;12.6699;35.6693;-0.0328;0.1839;0.029343;7.08114;1877.8
ENV3;S6;D;2;111.09;112;;12.6609;35.6686;-0.0085;0.1738;0.027983;7.08736;1879.1
ENV3;S6;D;2;112.082;113;;12.6327;35.6676;-0.0317;0.1902;0.023193;7.0908;1879.3
ENV3;S6;D;2;113.073;114;;12.6093;35.6669;-0.0239;0.1961;0.020719;7.08785;1878.1
ENV3;S6;D;2;114.065;115;;12.599;35.6663;-0.0241;0.4436;0.014632;7.06968;1877.3
ENV3;S6;D;2;115.056;116;;12.5924;35.6669;-0.0255;0.3019;0.011333;7.06779;1878
ENV3;S6;D;2;116.048;117;;12.5885;35.6664;-0.0314;0.1926;0.009186;7.05513;1879
ENV3;S6;D;2;117.04;118;;12.5799;35.6657;-0.0282;0.1839;0.0065112;7.05527;1878.8
ENV3;S6;D;2;118.031;119;;12.5629;35.6639;-0.0386;0.184;0.0028531;7.06611;1877.3
ENV3;S6;D;2;119.023;120;;12.5509;35.6628;-0.0375;0.1842;0.00064089;7.06096;1877.3
ENV3;S6;D;2;120.014;121;;12.5464;35.6621;-0.0243;0.1898;0.000051362;7.03698;1878.8
ENV3;S6;D;2;121.006;122;;12.5447;35.6618;-0.0401;0.1889;-0.000001463;7.02595;1879.3
ENV3;S6;D;2;121.997;123;;12.5422;35.6612;-0.0329;0.189;1.00E-12;7.02658;1877.8
ENV3;S6;D;2;122.989;124;;12.5325;35.6591;-0.0284;0.1964;1.00E-12;7.02338;1875.9
ENV3;S6;D;2;123.98;125;;12.5013;35.658;-0.0359;0.1961;1.00E-12;7.0199;1876.9
ENV3;S6;D;2;124.972;126;;12.4874;35.6574;-0.0361;0.1962;1.00E-12;6.99748;1878.9
ENV3;S6;D;2;125.964;127;;12.4705;35.6564;-0.0393;0.2002;1.00E-12;6.96613;1879.3
ENV3;S6;D;2;126.955;128;;12.4631;35.6558;-0.0357;0.1895;1.00E-12;6.9427;1878.6
ENV3;S6;D;2;127.947;129;;12.4584;35.6551;-0.0265;0.1865;1.00E-12;6.96367;1879.3
ENV3;S6;D;2;128.938;130;;12.4547;35.6544;-0.029;0.1899;1.00E-12;6.97771;1879.2
ENV3;S6;D;2;129.93;131;;12.441;35.6522;-0.0324;0.1983;1.00E-12;6.98797;1879
ENV3;S6;D;2;130.921;132;;12.4212;35.6518;-0.0284;0.2017;1.00E-12;6.98369;1877.7
ENV3;S6;D;2;131.913;133;;12.3978;35.6501;-0.0285;0.1934;1.00E-12;6.97164;1877.9
ENV3;S6;D;2;132.904;134;;12.3683;35.6505;-0.0311;0.1775;1.00E-12;6.95616;1880.4
ENV3;S6;D;2;133.896;135;;12.3661;35.6504;-0.028;0.1915;1.00E-12;6.93686;1879.8
ENV3;S6;D;2;134.887;136;;12.3653;35.6504;-0.0356;0.184;1.00E-12;6.93284;1877.7
ENV3;S6;D;2;135.879;137;;12.3642;35.6503;-0.0311;0.1864;1.00E-12;6.94225;1877.3
ENV3;S6;D;2;136.87;138;;12.3608;35.6498;-0.0376;0.1906;1.00E-12;6.94373;1878.1
ENV3;S6;D;2;137.861;139;;12.3546;35.65;-0.0395;0.1914;1.00E-12;6.92887;1879.2
ENV3;S6;D;2;138.853;140;;12.3531;35.65;-0.0369;0.1966;1.00E-12;6.93356;1879.3
ENV3;S6;D;2;139.845;141;;12.3524;35.65;-0.0256;0.1982;1.00E-12;6.93968;1879.2
ENV3;S6;D;2;140.836;142;;12.3505;35.65;-0.0407;0.2022;1.00E-12;6.92217;1878
ENV3;S6;D;2;141.827;143;;12.3463;35.6502;-0.0449;0.2141;1.00E-12;6.91426;1877.5
ENV3;S6;D;2;142.819;144;;12.3429;35.6506;-0.0385;0.2043;1.00E-12;6.90637;1878.7
ENV3;S6;D;2;143.81;145;;12.3417;35.6505;-0.0372;0.1936;1.00E-12;6.90366;1879.3
ENV3;S6;D;2;144.802;146;;12.3392;35.6506;-0.0248;0.1875;1.00E-12;6.91279;1879.3
ENV3;S6;D;2;145.793;147;;12.3383;35.6505;-0.0376;0.1882;1.00E-12;6.91951;1878.9
ENV3;S6;D;2;146.785;148;;12.3374;35.6505;-0.0405;0.1904;1.00E-12;6.90551;1877.9
ENV3;S6;D;2;147.776;149;;12.3341;35.6502;-0.0382;0.1901;1.00E-12;6.91221;1877.9
ENV3;S6;D;2;148.768;150;;12.3187;35.6507;-0.047;0.1904;1.00E-12;6.9054;1878.5
ENV3;S6;D;2;149.759;151;;12.3039;35.6523;-0.0383;0.1903;1.00E-12;6.89937;1879.1
ENV3;S6;D;2;150.75;152;;12.2979;35.6534;-0.0368;0.204;1.00E-12;6.88496;1879.3
ENV3;S6;D;2;151.742;153;;12.2935;35.6536;-0.0378;0.1968;1.00E-12;6.84854;1879.2
ENV3;S6;D;2;152.733;154;;12.2907;35.6541;-0.0395;0.2081;1.00E-12;6.85118;1877.4
ENV3;S6;D;2;153.725;155;;12.2909;35.6541;-0.0372;0.1931;1.00E-12;6.86218;1877.4
ENV3;S6;D;2;154.716;156;;12.2904;35.6539;-0.0286;0.2052;1.00E-12;6.85586;1879.3
ENV3;S6;D;2;155.707;157;;12.289;35.6538;-0.0299;0.2019;1.00E-12;6.8528;1879.4
ENV3;S6;D;2;156.699;158;;12.2865;35.6537;-0.0397;0.5632;1.00E-12;6.85441;1879
ENV3;S6;D;2;157.69;159;;12.2858;35.6538;-0.0317;0.171;1.00E-12;6.84962;1877.8
ENV3;S6;D;2;158.681;160;;12.2831;35.6537;-0.0325;0.226;1.00E-12;6.84025;1878.9
ENV3;S6;D;2;159.673;161;;12.2803;35.6536;-0.0383;0.2078;1.00E-12;6.83171;1879.4
ENV3;S6;D;2;160.664;162;;12.279;35.6537;-0.0397;0.1929;1.00E-12;6.83026;1878
ENV3;S6;D;2;161.656;163;;12.2733;35.6532;-0.0439;0.195;1.00E-12;6.8362;1876.9
ENV3;S6;D;2;162.647;164;;12.2592;35.6536;-0.0461;0.1986;1.00E-12;6.8391;1877.4
ENV3;S6;D;2;163.638;165;;12.2537;35.6536;-0.0373;0.1904;1.00E-12;6.83557;1879.3
ENV3;S6;D;2;164.63;166;;12.2501;35.6535;-0.0377;0.1899;1.00E-12;6.82943;1879.3
ENV3;S6;D;2;165.621;167;;12.2495;35.6534;-0.0384;0.1903;1.00E-12;6.81228;1878.8
ENV3;S6;D;2;166.612;168;;12.2477;35.6533;-0.0385;0.1868;1.00E-12;6.84277;1877.6
ENV3;S6;D;2;167.604;169;;12.2476;35.6535;-0.0385;0.1909;1.00E-12;6.84555;1878.7
ENV3;S6;D;2;168.595;170;;12.2479;35.6536;-0.0334;0.1924;1.00E-12;6.83989;1879.3
ENV3;S6;D;2;169.586;171;;12.2481;35.6537;-0.048;0.1919;1.00E-12;6.83592;1879.3
ENV3;S6;D;2;170.578;172;;12.2473;35.6537;-0.0423;0.1947;1.00E-12;6.83213;1878.2
ENV3;S6;D;2;171.569;173;;12.2462;35.6536;-0.0397;0.1975;1.00E-12;6.82111;1878
ENV3;S6;D;2;172.56;174;;12.2434;35.6533;-0.0377;0.1959;1.00E-12;6.83045;1879.3
ENV3;S6;D;2;173.552;175;;12.2412;35.6531;-0.038;0.1894;1.00E-12;6.82894;1879.3
ENV3;S6;D;2;174.543;176;;12.2396;35.6532;-0.041;0.1863;1.00E-12;6.82334;1878.9
ENV3;S6;D;2;175.534;177;;12.2369;35.6531;-0.0434;0.1905;1.00E-12;6.82008;1878.9
ENV3;S6;D;2;176.525;178;;12.2357;35.6532;-0.0478;0.1902;1.00E-12;6.82946;1879.2
ENV3;S6;D;2;177.517;179;;12.2292;35.6536;-0.0376;0.1841;1.00E-12;6.81998;1879
ENV3;S6;D;2;178.508;180;;12.2201;35.6551;-0.0397;0.1904;1.00E-12;6.81812;1877.7
ENV3;S6;D;2;179.499;181;;12.2176;35.6554;-0.0385;0.1902;1.00E-12;6.80955;1878.8
ENV3;S6;D;2;180.491;182;;12.217;35.6554;-0.0363;0.1863;1.00E-12;6.79885;1879.3
ENV3;S6;D;2;181.482;183;;12.2133;35.6556;-0.0363;0.1854;1.00E-12;6.79543;1879.1
ENV3;S6;D;2;182.473;184;;12.2016;35.6577;-0.0388;0.1871;1.00E-12;6.80575;1877.3
ENV3;S6;D;2;183.465;185;;12.2019;35.6575;-0.0407;0.1832;1.00E-12;6.80131;1878.6
ENV3;S6;D;2;184.456;186;;12.2025;35.6574;-0.0382;0.1837;1.00E-12;6.79738;1879.3
ENV3;S6;D;2;185.447;187;;12.1981;35.6581;-0.0366;0.1797;1.00E-12;6.78906;1879.2
ENV3;S6;D;2;186.438;188;;12.198;35.6582;-0.0358;0.188;1.00E-12;6.77978;1877.6
ENV3;S6;D;2;187.429;189;;12.1986;35.6581;-0.0379;0.1748;1.00E-12;6.78362;1878.1
ENV3;S6;D;2;188.421;190;;12.1959;35.6588;-0.0395;0.1815;1.00E-12;6.77346;1878.7
ENV3;S6;D;2;189.412;191;;12.1956;35.6589;-0.0395;0.1828;1.00E-12;6.76815;1879.3
ENV3;S6;D;2;190.403;192;;12.1959;35.6589;-0.0486;0.1841;1.00E-12;6.76359;1879.2
ENV3;S6;D;2;191.394;193;;12.1959;35.6588;-0.0487;0.1801;1.00E-12;6.77658;1877.2
ENV3;S6;D;2;192.386;194;;12.1964;35.6587;-0.0503;0.1771;1.00E-12;6.76857;1877.4
ENV3;S6;D;2;193.377;195;;12.1972;35.6592;-0.0524;0.1757;1.00E-12;6.7643;1879.6
ENV3;S6;D;2;194.368;196;;12.198;35.6599;-0.0536;0.1798;1.00E-12;6.75632;1879.3
ENV3;S6;D;2;195.359;197;;12.1995;35.6609;-0.055;0.1788;1.00E-12;6.75872;1879
ENV3;S6;D;2;196.35;198;;12.2001;35.6619;-0.0433;0.1888;1.00E-12;6.76917;1878.8
ENV3;S6;D;2;197.341;199;;12.1978;35.6627;-0.0469;0.1713;1.00E-12;6.75788;1878.9
ENV3;S6;D;2;198.332;200;;12.1887;35.6623;-0.0385;0.1786;1.00E-12;6.75211;1877.3
ENV3;S6;D;2;199.324;201;;12.1727;35.6622;-0.0392;0.1827;1.00E-12;6.7584;1877.3
ENV3;S6;D;2;200.315;202;;12.1719;35.6621;-0.041;0.176;1.00E-12;6.75643;1878.9
ENV3;S6;D;2;201.306;203;;12.1699;35.6619;-0.0499;0.1723;1.00E-12;6.74249;1880.8
ENV3;S6;D;2;202.297;204;;12.1453;35.659;-0.0468;0.1785;1.00E-12;6.7401;1878.4
ENV3;S6;D;2;203.288;205;;12.1271;35.6589;-0.0409;0.1776;1.00E-12;6.73692;1876
ENV3;S6;D;2;204.28;206;;12.1222;35.6585;-0.0512;0.1714;1.00E-12;6.73412;1876.6
ENV3;S6;D;2;205.271;207;;12.1179;35.6581;-0.0567;0.1684;1.00E-12;6.73058;1879.7
ENV3;S6;D;2;206.262;208;;12.1126;35.6575;-0.0576;0.1769;1.00E-12;6.72115;1880.7
ENV3;S6;D;2;207.254;209;;12.1084;35.6572;-0.0537;0.1694;1.00E-12;6.72469;1877.8
ENV3;S6;D;2;208.244;210;;12.1057;35.6569;-0.0618;0.1715;1.00E-12;6.71529;1877.2
ENV3;S6;D;2;209.235;211;;12.1046;35.6567;-0.0777;0.1708;1.00E-12;6.71922;1878.6
ENV3;S6;D;2;210.227;212;;12.1005;35.6563;-0.0667;0.1872;1.00E-12;6.73377;1879.3
ENV3;S6;D;2;211.218;213;;12.0957;35.6558;-0.0534;0.1791;1.00E-12;6.73237;1879.3
ENV3;S6;D;2;212.209;214;;12.0855;35.6547;-0.0575;0.1683;1.00E-12;6.71168;1878.7
ENV3;S6;D;2;213.2;215;;12.0776;35.6546;-0.0431;0.1768;1.00E-12;6.72842;1878.5
ENV3;S6;D;2;214.191;216;;12.076;35.6543;-0.0464;0.1832;1.00E-12;6.73869;1879.2
ENV3;S6;D;2;215.182;217;;12.0699;35.6534;-0.0469;0.1758;1.00E-12;6.72239;1879.3
ENV3;S6;D;2;216.173;218;;12.0523;35.6518;-0.0513;0.1777;1.00E-12;6.74289;1877.9
ENV3;S6;D;2;217.164;219;;12.0441;35.6513;-0.0458;0.182;1.00E-12;6.74313;1877.7
ENV3;S6;D;2;218.155;220;;12.0394;35.6509;-0.0462;0.1705;1.00E-12;6.73225;1878.7
ENV3;S6;D;2;219.147;221;;12.035;35.6505;-0.0487;0.1656;1.00E-12;6.73913;1880.5
ENV3;S6;D;2;220.137;222;;12.0323;35.6499;-0.045;0.1719;1.00E-12;6.76838;1878.8
ENV3;S6;D;2;221.129;223;;12.0171;35.6484;-0.0463;0.1719;1.00E-12;6.7613;1877.8
ENV3;S6;D;2;222.12;224;;12.0083;35.6478;-0.0727;0.1602;1.00E-12;6.75;1878.5
ENV3;S6;D;2;223.111;225;;12.0047;35.6474;-0.0515;0.1781;1.00E-12;6.74515;1879.3
ENV3;S6;D;2;224.102;226;;11.994;35.6461;-0.0551;0.1735;1.00E-12;6.73834;1879.3
ENV3;S6;D;2;225.093;227;;11.9898;35.6461;-0.07;0.1747;1.00E-12;6.73767;1879.3
ENV3;S6;D;2;226.084;228;;11.9881;35.6458;-0.0469;0.1627;1.00E-12;6.73661;1879.3
ENV3;S6;D;2;227.075;229;;11.9873;35.6458;-0.0602;0.1697;1.00E-12;6.74202;1879
ENV3;S6;D;2;228.066;230;;11.9843;35.6451;-0.049;0.1659;1.00E-12;6.74439;1879
ENV3;S6;D;2;229.057;231;;11.977;35.6446;-0.0497;0.1673;1.00E-12;6.74867;1879.3
ENV3;S6;D;2;230.048;232;;11.9723;35.6443;-0.0495;0.1693;1.00E-12;6.7501;1879.3
ENV3;S6;D;2;231.039;233;;11.9706;35.6442;-0.0572;0.1655;1.00E-12;6.75534;1879.3
ENV3;S6;D;2;232.03;234;;11.9689;35.644;-0.0465;0.1695;1.00E-12;6.72864;1879.3
ENV3;S6;D;2;233.021;235;;11.9611;35.6428;-0.0459;0.166;1.00E-12;6.74131;1879.3
ENV3;S6;D;2;234.012;236;;11.9493;35.6423;-0.0733;0.1705;1.00E-12;6.75515;1878.8
ENV3;S6;D;2;235.003;237;;11.948;35.642;-0.0494;0.1663;1.00E-12;6.75419;1878.5
ENV3;S6;D;2;235.994;238;;11.9441;35.6417;-0.0489;0.1884;1.00E-12;6.74782;1878.5
ENV3;S6;D;2;236.985;239;;11.9429;35.6416;-0.0486;0.1651;1.00E-12;6.73568;1879.8
ENV3;S6;D;2;237.976;240;;11.9395;35.6412;-0.0621;0.1577;1.00E-12;6.74177;1879.7
ENV3;S6;D;2;238.967;241;;11.9351;35.6406;-0.0364;0.1733;1.00E-12;6.74764;1877.3
ENV3;S6;D;2;239.958;242;;11.9282;35.6397;-0.0357;0.1773;1.00E-12;6.7529;1876.2
ENV3;S6;D;2;240.949;243;;11.9185;35.6392;-0.0492;0.1731;1.00E-12;6.74748;1878.3
ENV3;S6;D;2;241.94;244;;11.9143;35.6393;-0.0627;0.1798;1.00E-12;6.73382;1880.8
ENV3;S6;D;2;242.931;245;;11.913;35.6391;-0.0449;0.1682;1.00E-12;6.75133;1879.2
ENV3;S6;D;2;243.922;246;;11.9099;35.639;-0.0529;0.1705;1.00E-12;6.74603;1877.3
ENV3;S6;D;2;244.913;247;;11.908;35.6387;-0.0569;0.1783;1.00E-12;6.73431;1877.9
ENV3;S6;D;2;245.904;248;;11.9058;35.6387;-0.0494;0.1784;1.00E-12;6.73593;1879.3
ENV3;S6;D;2;246.895;249;;11.9044;35.6386;-0.0402;0.17;1.00E-12;6.73355;1880
ENV3;S6;D;2;247.886;250;;11.9027;35.6382;-0.0386;0.1619;1.00E-12;6.72733;1878.8
ENV3;S6;D;3;6.945;5;;16.0351;35.594;1.0781;0.5595;206.56;8.25456;1918.9
ENV3;S6;D;3;7.937;8;;16.0374;35.5942;1.0066;0.5985;138.61;8.25549;1917.7
ENV3;S6;D;3;8.929;9;;16.0408;35.5941;1.0625;0.5651;113.1;8.23259;1926.3
ENV3;S6;D;3;9.921;10;;16.03;35.5939;1.0918;0.567;95.354;8.25645;1919.3
ENV3;S6;D;3;10.913;11;;15.9975;35.5954;1.0929;0.5974;66.286;8.26455;1925.3
ENV3;S6;D;3;11.905;12;;16.0122;35.5948;1.1686;0.5952;68.999;8.26487;1922.7
ENV3;S6;D;3;12.898;13;;16.0106;35.5942;1.3813;0.5879;59.553;8.28239;1921.3
ENV3;S6;D;3;13.889;14;;15.9954;35.594;1.5243;0.6161;50.383;8.27316;1926.6
ENV3;S6;D;3;14.882;15;;15.9766;35.5953;1.5577;0.611;44.784;8.27376;1920.3
ENV3;S6;D;3;15.874;16;;15.9807;35.5954;1.6271;0.637;40.388;8.25135;1917.6
ENV3;S6;D;3;16.866;17;;15.9921;35.595;1.5978;0.6393;38.155;8.2421;1921.5
ENV3;S6;D;3;17.858;18;;15.9868;35.5944;1.6733;0.5848;43.105;8.26626;1920.8
ENV3;S6;D;3;18.85;19;;15.9639;35.5956;1.7404;0.6216;36.932;8.25136;1921.5
ENV3;S6;D;3;19.842;20;;15.9653;35.5958;1.747;0.6312;33.287;8.24056;1918.8
ENV3;S6;D;3;20.834;21;;15.9725;35.5946;1.7073;0.6286;30.328;8.24846;1915
ENV3;S6;D;3;21.826;22;;15.9598;35.5956;1.7766;0.6415;29.063;8.24697;1917
ENV3;S6;D;3;22.818;23;;15.9576;35.5958;1.8029;0.6069;28.459;8.20906;1916.5
ENV3;S6;D;3;23.81;24;;15.9569;35.5956;1.8358;0.5637;24.823;8.21528;1923.8
ENV3;S6;D;3;24.802;25;;15.9547;35.5958;1.7603;0.6186;21.697;8.22779;1924.1
ENV3;S6;D;3;25.794;26;;15.9514;35.5961;1.9013;0.6511;19.661;8.22986;1918.1
ENV3;S6;D;3;26.786;27;;15.9465;35.597;1.9828;0.6545;18.37;8.22215;1913.4
ENV3;S6;D;3;27.778;28;;15.9416;35.597;1.9499;0.6021;17.903;8.16328;1918.3
ENV3;S6;D;3;28.77;29;;15.9401;35.5967;1.8916;0.5791;15.686;8.16633;1908.5
ENV3;S6;D;3;29.762;30;;15.9295;35.5971;1.9462;0.6055;14.385;8.15673;1916.9
ENV3;S6;D;3;30.754;31;;15.9155;35.5971;2.0845;0.6369;13.106;8.15373;1924.4
ENV3;S6;D;3;31.746;32;;15.8665;35.5966;2.2234;0.6773;12.368;8.132;1921.3
ENV3;S6;D;3;32.738;33;;15.7103;35.6022;2.2951;0.5744;11.044;8.00885;1923
ENV3;S6;D;3;33.73;34;;15.6576;35.6002;2.2589;0.5787;9.7852;7.92726;1918.1
ENV3;S6;D;3;34.722;35;;15.5232;35.6046;2.323;0.6046;8.8853;7.92077;1913.5
ENV3;S6;D;3;35.714;36;;15.4452;35.6072;2.2912;0.5532;8.0356;7.87228;1922.9
ENV3;S6;D;3;36.706;37;;15.3877;35.607;2.2976;0.4851;7.0292;7.85007;1914.2
ENV3;S6;D;3;37.698;38;;15.2997;35.6059;2.3422;0.5391;6.4136;7.84822;1915
ENV3;S6;D;3;38.69;39;;15.1998;35.6113;2.421;0.5489;5.7747;7.83979;1921.6
ENV3;S6;D;3;39.682;40;;15.0955;35.613;2.2893;0.4967;5.3933;7.76947;1919.7
ENV3;S6;D;3;40.674;41;;14.9507;35.6125;2.1947;0.4782;4.7303;7.7222;1919.5
ENV3;S6;D;3;41.666;42;;14.6377;35.6211;2.1894;0.4662;4.1002;7.69822;1919.8
ENV3;S6;D;3;42.658;43;;14.4781;35.6314;2.2574;0.4356;3.7615;7.60615;1916.5
ENV3;S6;D;3;43.65;44;;14.4082;35.6349;2.284;0.4223;3.4617;7.52362;1921.7
ENV3;S6;D;3;44.642;45;;14.3824;35.6365;2.3056;0.4195;3.2231;7.50951;1921.1
ENV3;S6;D;3;45.633;46;;14.3577;35.6378;2.04;0.3766;2.9406;7.48476;1915.8
ENV3;S6;D;3;46.625;47;;14.3346;35.637;2.0361;0.3843;2.6408;7.48192;1916.9
ENV3;S6;D;3;47.617;48;;14.2707;35.6384;1.9559;0.3824;2.317;7.47866;1919.7
ENV3;S6;D;3;48.609;49;;14.2075;35.6412;2.0093;0.3786;2.0979;7.46078;1918
ENV3;S6;D;3;49.601;50;;14.1092;35.6446;2.0982;0.374;1.9351;7.43934;1917.7
ENV3;S6;D;3;50.593;51;;13.9665;35.6488;2.018;0.3636;1.7997;7.40573;1918.7
ENV3;S6;D;3;51.585;52;;13.8186;35.6674;1.8651;0.3346;1.6831;7.3756;1916.4
ENV3;S6;D;3;52.577;53;;13.7928;35.6696;1.6857;0.3168;1.5707;7.32265;1913.1
ENV3;S6;D;3;53.569;54;;13.7008;35.6813;1.3976;0.2945;1.4117;7.26841;1917.2
ENV3;S6;D;3;54.561;55;;13.6604;35.6823;1.2744;0.2809;1.236;7.24098;1924.2
ENV3;S6;D;3;55.553;56;;13.6349;35.6861;1.3658;0.31;1.1243;7.24714;1917.8
ENV3;S6;D;3;56.545;57;;13.5719;35.696;1.2958;0.3437;1.0387;7.25735;1913.1
ENV3;S6;D;3;57.536;58;;13.531;35.6988;1.1073;0.2941;0.97101;7.25455;1912.8
ENV3;S6;D;3;58.528;59;;13.4976;35.6996;1.0388;0.2833;0.92875;7.2303;1920.5
ENV3;S6;D;3;59.52;60;;13.4798;35.6997;1.0665;0.2663;0.88664;7.21573;1925.7
ENV3;S6;D;3;60.512;61;;13.4286;35.6999;1.0627;0.2565;0.81683;7.19207;1918.3
ENV3;S6;D;3;61.504;62;;13.3075;35.7055;0.8809;0.243;0.75106;7.19504;1912.4
ENV3;S6;D;3;62.496;63;;13.2146;35.7135;0.7339;0.2456;0.69825;7.20073;1914.1
ENV3;S6;D;3;63.487;64;;13.1987;35.7138;0.5977;0.2339;0.65149;7.16567;1919.7
ENV3;S6;D;3;64.479;65;;13.1899;35.7132;0.5538;0.2256;0.61323;7.13905;1925.8
ENV3;S6;D;3;65.471;66;;13.1788;35.7118;0.5987;0.2141;0.58168;7.16563;1923.4
ENV3;S6;D;3;66.463;67;;13.144;35.7115;0.5346;0.215;0.55006;7.16291;1916.7
ENV3;S6;D;3;67.455;68;;13.1213;35.7112;0.4458;0.215;0.52225;7.1417;1913.9
ENV3;S6;D;3;68.447;69;;13.0956;35.7104;0.3487;0.2038;0.50008;7.13625;1915.3
ENV3;S6;D;3;69.438;70;;13.087;35.71;0.3283;0.1946;0.47123;7.1228;1921.6
ENV3;S6;D;3;70.43;71;;13.0848;35.7098;0.2667;0.1786;0.41801;7.13121;1917.6
ENV3;S6;D;3;71.422;72;;13.0817;35.7102;0.2942;0.1863;0.39145;7.13188;1911.9
ENV3;S6;D;3;72.414;73;;13.059;35.7061;0.2832;0.1909;0.37352;7.14828;1911.1
ENV3;S6;D;3;73.406;74;;13.0353;35.7051;0.2387;0.1906;0.35405;7.15197;1911.7
ENV3;S6;D;3;74.397;75;;13.0171;35.7036;0.206;0.1906;0.3388;7.14466;1916.2
ENV3;S6;D;3;75.389;76;;12.9974;35.7036;0.1457;0.1853;0.33197;7.13117;1925.8
ENV3;S6;D;3;76.381;77;;13.001;35.7027;0.1201;0.1719;0.31636;7.13844;1920
ENV3;S6;D;3;77.373;78;;12.9867;35.7024;0.1341;0.1766;0.29204;7.12013;1913.2
ENV3;S6;D;3;78.364;79;;12.9837;35.7022;0.1437;0.1862;0.26849;7.10506;1914.9
ENV3;S6;D;3;79.356;80;;12.9812;35.7018;0.1432;0.1786;0.25164;7.11949;1917.5
ENV3;S6;D;3;80.348;81;;12.9748;35.7014;0.1419;0.1787;0.2364;7.12225;1920.3
ENV3;S6;D;3;81.34;82;;12.9719;35.7013;0.1431;0.1866;0.2242;7.13736;1919.6
ENV3;S6;D;3;82.331;83;;12.9694;35.7011;0.1302;0.1882;0.21204;7.13615;1916.2
ENV3;S6;D;3;83.323;84;;12.9647;35.7009;0.1131;0.1826;0.20255;7.12275;1913.6
ENV3;S6;D;3;84.315;85;;12.9613;35.7012;0.0987;0.1666;0.19617;7.10612;1914
ENV3;S6;D;3;85.307;86;;12.9539;35.7008;0.1022;0.1764;0.18626;7.11358;1917.6
ENV3;S6;D;3;86.298;87;;12.9494;35.7014;0.0774;0.2398;0.17557;7.10636;1920.4
ENV3;S6;D;3;87.29;88;;12.9437;35.7013;0.066;0.1919;0.1596;7.10067;1912.7
ENV3;S6;D;3;88.282;89;;12.9417;35.7012;0.0763;0.1875;0.14323;7.11508;1917.7
ENV3;S6;D;3;89.273;90;;12.9395;35.7012;0.0702;0.1758;0.13171;7.09729;1924
ENV3;S6;D;3;90.265;91;;12.9361;35.7013;0.0712;0.178;0.12836;7.09018;1918.3
ENV3;S6;D;3;91.257;92;;12.9355;35.7011;0.0599;0.1741;0.12142;7.07845;1912.1
ENV3;S6;D;3;92.249;93;;12.9312;35.7008;0.0552;0.1785;0.11773;7.08897;1910.8
ENV3;S6;D;3;93.24;94;;12.9287;35.7008;0.0559;0.1836;0.11206;7.0837;1913.7
ENV3;S6;D;3;94.232;95;;12.9293;35.7007;0.0551;0.1821;0.10385;7.06353;1920.2
ENV3;S6;D;3;95.224;96;;12.9251;35.7006;0.0554;0.1772;0.090274;7.09302;1914.7
ENV3;S6;D;3;96.215;97;;12.9222;35.7007;0.0629;0.1825;0.082839;7.0815;1919.1
ENV3;S6;D;3;97.207;98;;12.921;35.7009;0.0522;0.177;0.07869;7.06721;1923.3
ENV3;S6;D;3;98.199;99;;12.9216;35.7009;0.0442;0.1722;0.072147;7.07245;1922.9
ENV3;S6;D;3;99.19;100;;12.9109;35.6991;0.0431;0.1842;0.068927;7.06912;1918.1
ENV3;S6;D;3;100.182;101;;12.8872;35.6983;0.0438;0.2874;0.065557;7.06748;1913.3
ENV3;S6;D;3;101.174;102;;12.8902;35.7023;0.0095;0.178;0.063118;7.07373;1916.5
ENV3;S6;D;3;102.165;103;;12.8949;35.7028;0.0173;0.1855;0.055239;7.05342;1922.5
ENV3;S6;D;3;103.157;104;;12.9012;35.7086;0.0224;0.1679;0.047741;7.02973;1911.9
ENV3;S6;D;3;104.149;105;;12.8962;35.7089;0.0214;0.1787;0.041811;7.02955;1911.2
ENV3;S6;D;3;105.14;106;;12.8924;35.7088;0.0075;0.1722;0.039549;6.99883;1914
ENV3;S6;D;3;106.132;107;;12.8911;35.709;0.0087;0.1771;0.037296;6.96665;1918.4
ENV3;S6;D;3;107.124;108;;12.8894;35.7091;-0.0021;0.1784;0.034234;6.97403;1919.1
ENV3;S6;D;3;108.115;109;;12.88;35.7091;-0.0019;0.184;0.031184;6.97171;1918.1
ENV3;S6;D;3;109.107;110;;12.8676;35.7088;-0.0117;0.1793;0.030876;6.9558;1918
ENV3;S6;D;3;110.098;111;;12.8621;35.708;-0.0094;0.1714;0.025382;6.9469;1918.7
ENV3;S6;D;3;111.09;112;;12.8528;35.7069;-0.0145;0.1736;0.020918;6.95414;1918.1
ENV3;S6;D;3;112.082;113;;12.8403;35.7049;-0.0152;0.1842;0.015947;6.95131;1916
ENV3;S6;D;3;113.073;114;;12.8254;35.7036;-0.0164;0.1785;0.010592;6.95027;1915.3
ENV3;S6;D;3;114.065;115;;12.8112;35.7044;-0.0155;0.1781;0.011893;6.94684;1914.8
ENV3;S6;D;3;115.056;116;;12.808;35.7048;-0.023;0.1739;0.0099356;6.94051;1915.5
ENV3;S6;D;3;116.048;117;;12.8075;35.7047;-0.0371;0.1897;0.0059218;6.93494;1917.5
ENV3;S6;D;3;117.04;118;;12.8048;35.7045;-0.0252;0.1793;0.0039041;6.91761;1920.4
ENV3;S6;D;3;118.031;119;;12.7989;35.7041;-0.024;0.1621;0.00092142;6.90553;1917.2
ENV3;S6;D;3;119.023;120;;12.7944;35.7039;-0.0272;0.3759;-0.00002692;6.92907;1915.2
ENV3;S6;D;3;120.014;121;;12.7901;35.7034;-0.0281;0.3358;1.00E-12;6.91644;1914.3
ENV3;S6;D;3;121.006;122;;12.786;35.7029;-0.0265;0.1705;1.00E-12;6.90178;1913.9
ENV3;S6;D;3;121.997;123;;12.7675;35.6996;-0.0285;0.174;1.00E-12;6.92053;1916
ENV3;S6;D;3;122.989;124;;12.7285;35.6933;-0.0278;0.1698;1.00E-12;6.9272;1917.5
ENV3;S6;D;3;123.981;125;;12.6916;35.6899;-0.0397;0.1545;1.00E-12;6.9585;1918.8
ENV3;S6;D;3;124.972;126;;12.6898;35.6904;-0.0403;0.1588;1.00E-12;6.97771;1917.4
ENV3;S6;D;3;125.963;127;;12.6804;35.6889;-0.0366;0.1534;1.00E-12;6.97964;1916.8
ENV3;S6;D;3;126.955;128;;12.6546;35.6911;-0.0387;0.154;1.00E-12;6.96984;1916.7
ENV3;S6;D;3;127.947;129;;12.6716;35.697;-0.0379;0.1598;1.00E-12;6.93009;1919.7
ENV3;S6;D;3;128.938;130;;12.6762;35.6989;-0.0404;0.1669;1.00E-12;6.91547;1920.2
ENV3;S6;D;3;129.929;131;;12.6768;35.6991;-0.0381;0.1713;1.00E-12;6.87119;1915.5
ENV3;S6;D;3;130.921;132;;12.6776;35.6995;-0.0393;0.1762;1.00E-12;6.83766;1913.6
ENV3;S6;D;3;131.913;133;;12.6777;35.6995;-0.0449;0.1799;1.00E-12;6.82651;1917.8
ENV3;S6;D;3;132.904;134;;12.6765;35.6995;-0.0402;0.1719;1.00E-12;6.83889;1921.2
ENV3;S6;D;3;133.896;135;;12.6742;35.6992;-0.0403;0.1653;1.00E-12;6.84055;1918.5
ENV3;S6;D;3;134.887;136;;12.6697;35.6987;-0.0386;0.1662;1.00E-12;6.84726;1916.4
ENV3;S6;D;3;135.879;137;;12.6551;35.6975;-0.038;0.1786;1.00E-12;6.8449;1914.2
ENV3;S6;D;3;136.87;138;;12.6461;35.6988;-0.0405;0.1691;1.00E-12;6.83812;1915.7
ENV3;S6;D;3;137.861;139;;12.6414;35.699;-0.0386;0.172;1.00E-12;6.80854;1921.7
ENV3;S6;D;3;138.853;140;;12.6369;35.6985;-0.04;0.1658;1.00E-12;6.78843;1919
ENV3;S6;D;3;139.845;141;;12.6107;35.6966;-0.0477;0.1657;1.00E-12;6.79792;1915
ENV3;S6;D;3;140.836;142;;12.5913;35.6968;-0.0452;0.21;1.00E-12;6.78995;1916.2
ENV3;S6;D;3;141.827;143;;12.5856;35.6959;-0.0499;0.3882;1.00E-12;6.77309;1921.4
ENV3;S6;D;3;142.819;144;;12.577;35.6954;-0.0427;0.168;1.00E-12;6.7807;1919.9
ENV3;S6;D;3;143.81;145;;12.569;35.6944;-0.0412;0.1718;1.00E-12;6.77192;1919.4
ENV3;S6;D;3;144.802;146;;12.5579;35.6942;-0.0397;0.1743;1.00E-12;6.7586;1921.6
ENV3;S6;D;3;145.793;147;;12.5388;35.6924;-0.0431;0.1844;1.00E-12;6.76607;1923.5
ENV3;S6;D;3;146.785;148;;12.5285;35.6918;0.0164;0.4053;1.00E-12;6.7712;1921.8
ENV3;S6;D;3;147.776;149;;12.5073;35.69;0.0001;0.3362;1.00E-12;6.75508;1915.5
ENV3;S6;D;3;148.768;150;;12.4922;35.6884;-0.0486;0.1668;1.00E-12;6.7482;1911.4
ENV3;S6;D;3;149.759;151;;12.482;35.6878;-0.0441;0.185;1.00E-12;6.74737;1922.5
ENV3;S6;D;3;150.75;152;;12.4784;35.687;-0.0515;0.1797;1.00E-12;6.74133;1923.4
ENV3;S6;D;3;151.742;153;;12.472;35.686;-0.0376;0.16;1.00E-12;6.75296;1913.9
ENV3;S6;D;3;152.733;154;;12.4615;35.6862;-0.0468;0.1667;1.00E-12;6.75833;1909.4
ENV3;S6;D;3;153.725;155;;12.4573;35.6859;-0.0489;0.1715;1.00E-12;6.76132;1911.2
ENV3;S6;D;3;154.716;156;;12.4536;35.6855;-0.0434;0.1722;1.00E-12;6.76496;1916.5
ENV3;S6;D;3;155.707;157;;12.452;35.6856;-0.0451;0.1591;1.00E-12;6.74915;1922.2
ENV3;S6;D;3;156.699;158;;12.4512;35.6848;-0.05;0.1567;1.00E-12;6.75976;1909.8
ENV3;S6;D;3;157.69;159;;12.4407;35.6845;-0.05;0.1666;1.00E-12;6.75904;1910.9
ENV3;S6;D;3;158.682;160;;12.4305;35.6835;-0.0512;0.1719;1.00E-12;6.74843;1916.3
ENV3;S6;D;3;159.673;161;;12.4097;35.6816;-0.0629;0.1718;1.00E-12;6.74797;1925.2
ENV3;S6;D;3;160.664;162;;12.396;35.6797;-0.0515;0.1583;1.00E-12;6.74037;1929.4
ENV3;S6;D;3;161.656;163;;12.3873;35.6792;-0.0454;0.157;1.00E-12;6.76552;1921
ENV3;S6;D;3;162.647;164;;12.3851;35.6792;-0.0405;0.1647;1.00E-12;6.76909;1915.6
ENV3;S6;D;3;163.638;165;;12.3815;35.6791;-0.0495;0.1609;1.00E-12;6.76752;1920.4
ENV3;S6;D;3;164.63;166;;12.3783;35.6788;-0.0582;0.1474;1.00E-12;6.76565;1921.9
ENV3;S6;D;3;165.621;167;;12.3768;35.6785;-0.0638;0.1576;1.00E-12;6.76521;1917.1
ENV3;S6;D;3;166.612;168;;12.3721;35.6779;-0.0542;0.1619;1.00E-12;6.76211;1913
ENV3;S6;D;3;167.604;169;;12.369;35.678;-0.0429;0.1563;1.00E-12;6.76503;1915.5
ENV3;S6;D;3;168.595;170;;12.3656;35.678;-0.0457;0.1539;1.00E-12;6.75756;1922.9
ENV3;S6;D;3;169.586;171;;12.3574;35.6776;-0.0465;0.1562;1.00E-12;6.74381;1925.5
ENV3;S6;D;3;170.578;172;;12.3536;35.6794;-0.0499;0.1576;1.00E-12;6.73969;1916.4
ENV3;S6;D;3;171.569;173;;12.3423;35.6779;-0.0451;0.1594;1.00E-12;6.73796;1914.9
ENV3;S6;D;3;172.56;174;;12.3187;35.677;-0.0389;0.1597;1.00E-12;6.73327;1914.1
ENV3;S6;D;3;173.552;175;;12.3164;35.6774;-0.0618;0.1647;1.00E-12;6.71629;1914.1
ENV3;S6;D;3;174.543;176;;12.3138;35.6767;-0.0519;0.1559;1.00E-12;6.6957;1915.2
ENV3;S6;D;3;175.534;177;;12.3078;35.6765;-0.0559;0.1556;1.00E-12;6.69912;1919.6
ENV3;S6;D;3;176.526;178;;12.3009;35.6753;-0.0647;0.1524;1.00E-12;6.71812;1920.9
ENV3;S6;D;3;177.517;179;;12.2887;35.674;-0.0619;0.1547;1.00E-12;6.74017;1914
ENV3;S6;D;3;178.508;180;;12.2768;35.6737;-0.0475;0.1602;1.00E-12;6.72885;1913.5
ENV3;S6;D;3;179.499;181;;12.2747;35.6736;-0.061;0.1746;1.00E-12;6.70434;1916.4
ENV3;S6;D;3;180.491;182;;12.272;35.6733;-0.0641;0.1656;1.00E-12;6.6964;1918.3
ENV3;S6;D;3;181.482;183;;12.2666;35.6725;-0.0467;0.1599;1.00E-12;6.70759;1918.9
ENV3;S6;D;3;182.473;184;;12.2463;35.6702;-0.057;0.1565;1.00E-12;6.70819;1916.8
ENV3;S6;D;3;183.464;185;;12.216;35.6684;-0.051;0.162;1.00E-12;6.69597;1913.5
ENV3;S6;D;3;184.456;186;;12.2107;35.6679;-0.0493;0.1622;1.00E-12;6.69361;1914.3
ENV3;S6;D;3;185.447;187;;12.207;35.6675;-0.0607;0.1683;1.00E-12;6.71602;1919.1
ENV3;S6;D;3;186.438;188;;12.206;35.6673;-0.0514;0.1815;1.00E-12;6.71364;1922
ENV3;S6;D;3;187.43;189;;12.2012;35.6666;-0.0676;0.1593;1.00E-12;6.70513;1918.5
ENV3;S6;D;3;188.421;190;;12.1933;35.666;-0.0419;0.1657;1.00E-12;6.7052;1913.4
ENV3;S6;D;3;189.412;191;;12.1884;35.6658;-0.0477;0.1619;1.00E-12;6.70374;1911.9
ENV3;S6;D;3;190.403;192;;12.1851;35.6654;-0.0543;0.1557;1.00E-12;6.69416;1917.9
ENV3;S6;D;3;191.394;193;;12.1813;35.665;-0.0476;0.1623;1.00E-12;6.69519;1921.4
ENV3;S6;D;3;192.386;194;;12.1757;35.6643;-0.0585;0.1626;1.00E-12;6.70584;1911.7
ENV3;S6;D;3;193.377;195;;12.1724;35.6639;-0.0603;0.1582;1.00E-12;6.70298;1912
ENV3;S6;D;3;194.368;196;;12.1694;35.6634;-0.0511;0.154;1.00E-12;6.696;1915.6
ENV3;S6;D;3;195.359;197;;12.1575;35.6617;-0.0619;0.1653;1.00E-12;6.67688;1919.8
ENV3;S6;D;3;196.35;198;;12.1403;35.6607;-0.0807;0.1652;1.00E-12;6.68068;1923
ENV3;S6;D;3;197.341;199;;12.1281;35.6597;-0.0533;0.1614;1.00E-12;6.69328;1921.8
ENV3;S6;D;3;198.332;200;;12.1149;35.6583;-0.0608;0.1583;1.00E-12;6.6845;1916.8
ENV3;S6;D;3;199.324;201;;12.0959;35.6563;-0.0524;0.3094;1.00E-12;6.71932;1916.3
ENV3;S6;D;3;200.315;202;;12.0788;35.6549;-0.0511;0.211;1.00E-12;6.7115;1918.8
ENV3;S6;D;3;201.307;203;;12.0712;35.654;-0.0549;0.1511;1.00E-12;6.71153;1916.5
ENV3;S6;D;3;202.298;204;;12.047;35.651;-0.054;0.159;1.00E-12;6.71109;1915.4
ENV3;S6;D;3;203.289;205;;12.0336;35.651;-0.0511;0.1546;1.00E-12;6.71707;1918.2
ENV3;S6;D;3;204.28;206;;12.0313;35.6505;-0.0418;0.1639;1.00E-12;6.71476;1921.7
ENV3;S6;D;3;205.271;207;;12.0221;35.649;-0.0621;0.1597;1.00E-12;6.71643;1921
ENV3;S6;D;3;206.262;208;;12.005;35.648;-0.0405;0.1657;1.00E-12;6.72518;1915.5
ENV3;S6;D;3;207.253;209;;12.0049;35.648;-0.0626;0.1656;1.00E-12;6.71677;1913.7
ENV3;S6;D;3;208.245;210;;12.005;35.6477;-0.0634;0.1582;1.00E-12;6.71857;1923.1
ENV3;S6;D;3;209.236;211;;12.0017;35.6471;-0.0613;0.1639;1.00E-12;6.73228;1914.4
ENV3;S6;D;3;210.227;212;;11.9943;35.6466;-0.0468;0.1611;1.00E-12;6.72325;1907.9
ENV3;S6;D;3;211.217;213;;11.9944;35.6468;-0.048;0.1612;1.00E-12;6.7204;1909.4
ENV3;S6;D;3;212.209;214;;11.9944;35.6466;-0.0606;0.1646;1.00E-12;6.72293;1918.2
ENV3;S6;D;3;213.2;215;;11.9929;35.6464;-0.0458;0.1622;1.00E-12;6.71075;1927.9
ENV3;S6;D;3;214.191;216;;11.9896;35.646;-0.0574;0.1572;1.00E-12;6.71734;1917.5
ENV3;S6;D;3;215.182;217;;11.9842;35.6455;-0.0482;0.1651;1.00E-12;6.72917;1912
ENV3;S6;D;3;216.173;218;;11.9833;35.6455;-0.0407;0.1659;1.00E-12;6.73027;1916.2
ENV3;S6;D;3;217.164;219;;11.9818;35.6452;-0.0495;0.1653;1.00E-12;6.73076;1920.9
ENV3;S6;D;3;218.156;220;;11.9802;35.6451;-0.0575;0.1591;1.00E-12;6.71772;1922.9
ENV3;S6;D;3;219.147;221;;11.9706;35.6436;-0.0555;0.1657;1.00E-12;6.73217;1920.3
ENV3;S6;D;3;220.137;222;;11.9469;35.6424;-0.0647;0.1616;1.00E-12;6.73588;1919.3
ENV3;S6;D;3;221.129;223;;11.9426;35.6421;-0.0633;0.1524;1.00E-12;6.73689;1920.2
ENV3;S6;D;3;222.12;224;;11.9372;35.6415;-0.0626;0.1568;1.00E-12;6.73996;1919.9
ENV3;S6;D;3;223.111;225;;11.9345;35.6414;-0.0588;0.1619;1.00E-12;6.74307;1919.9
ENV3;S6;D;3;224.102;226;;11.9303;35.6407;-0.0531;0.1557;1.00E-12;6.73381;1919.6
ENV3;S6;D;3;225.093;227;;11.9267;35.6404;-0.0632;0.1661;1.00E-12;6.73655;1919.5
ENV3;S6;D;3;226.084;228;;11.9214;35.6402;-0.0566;0.1604;1.00E-12;6.72265;1920.7
ENV3;S6;D;3;227.075;229;;11.9173;35.6395;-0.0651;0.1745;1.00E-12;6.74382;1920.7
ENV3;S6;D;3;228.066;230;;11.9072;35.6388;-0.0555;0.1611;1.00E-12;6.73017;1920.7
ENV3;S6;D;3;229.057;231;;11.8994;35.638;-0.0658;0.1592;1.00E-12;6.73158;1921.5
ENV3;S6;D;3;230.048;232;;11.8881;35.6371;-0.0496;0.1595;1.00E-12;6.73435;1920.3
ENV3;S6;D;3;231.039;233;;11.8831;35.6371;-0.0704;0.1646;1.00E-12;6.73435;1917.5
ENV3;S6;D;3;232.03;234;;11.8787;35.6365;-0.0643;0.1657;1.00E-12;6.75135;1916.5
ENV3;S6;D;3;233.021;235;;11.8766;35.6365;-0.0507;0.1665;1.00E-12;6.74554;1914.7
ENV3;S6;D;3;234.012;236;;11.8747;35.6363;-0.0496;0.1651;1.00E-12;6.7439;1914.3
ENV3;S6;D;3;235.003;237;;11.8746;35.6362;-0.0604;0.1532;1.00E-12;6.74502;1921
ENV3;S6;D;3;235.994;238;;11.8739;35.6361;-0.0496;0.1506;1.00E-12;6.74318;1920.5
ENV3;S6;D;3;236.985;239;;11.8736;35.6359;-0.0526;0.1533;1.00E-12;6.73699;1916.1
ENV3;S6;D;3;237.976;240;;11.8734;35.636;-0.0579;0.1589;1.00E-12;6.72139;1916.7
ENV3;S6;D;3;238.967;241;;11.8729;35.6358;-0.0623;0.157;1.00E-12;6.71738;1919.3
ENV3;S6;D;3;239.958;242;;11.8701;35.6355;-0.0508;0.1547;1.00E-12;6.73115;1921.3
ENV3;S6;D;3;240.949;243;;11.8684;35.6356;-0.0599;0.1596;1.00E-12;6.72015;1918.9
ENV3;S6;D;3;241.94;244;;11.8687;35.6354;-0.0531;0.1612;1.00E-12;6.72306;1915.1
ENV3;S6;D;3;242.931;245;;11.8647;35.6351;-0.0638;0.1582;1.00E-12;6.74371;1918.6
ENV3;S6;D;3;243.922;246;;11.8627;35.6347;-0.0539;0.153;1.00E-12;6.74329;1923.4
ENV3;S6;D;3;244.913;247;;11.8583;35.6341;-0.0634;0.1546;1.00E-12;6.73673;1917.4
ENV3;S6;D;3;245.904;248;;11.8578;35.634;-0.058;0.2796;1.00E-12;6.72532;1917.7
ENV3;S6;D;3;246.895;249;;11.8497;35.6334;0.0441;2.1462;1.00E-12;6.72219;1919.6
ENV3;S6;D;3;247.886;250;;11.8428;35.6333;-0.0537;0.3369;1.00E-12;6.73299;1921.7
ENV3;S6;D;3;248.877;251;;11.8362;35.6323;-0.0533;0.1486;1.00E-12;6.73562;1922.1
ENV3;S6;D;3;249.868;252;;11.8298;35.6321;-0.0694;0.1582;1.00E-12;6.74457;1921.4
ENV3;S6;D;3;250.859;253;;11.8428;35.6332;-0.0618;0.1521;1.00E-12;6.73992;1920.3
ENV3;S6;D;3;251.85;254;;11.8275;35.6308;-0.0647;0.149;1.00E-12;6.73677;1915.4
ENV3;S6;D;3;252.84;255;;11.8216;35.6328;-0.0447;0.1655;1.00E-12;6.73415;1917
ENV3;S6;D;4;;6;;;;;;;;
ENV3;S6;D;4;;7;;;;;;;;
ENV3;S6;D;4;;8;;;;;;;;
ENV3;S6;D;4;;9;;;;;;;;
ENV3;S6;D;4;;10;;;;;;;;
ENV3;S6;D;4;;11;;;;;;;;
ENV3;S6;D;4;;12;;;;;;;;
ENV3;S6;D;4;;13;;;;;;;;
ENV3;S6;D;4;;14;;;;;;;;
ENV3;S6;D;4;;15;;;;;;;;
ENV3;S6;D;4;;16;;;;;;;;
ENV3;S6;D;4;;17;;;;;;;;
ENV3;S6;D;4;;18;;;;;;;;
ENV3;S6;D;4;;19;;;;;;;;
ENV3;S6;D;4;;20;;;;;;;;
ENV3;S6;D;4;;21;;;;;;;;
ENV3;S6;D;4;;22;;;;;;;;
ENV3;S6;D;4;;23;;;;;;;;
ENV3;S6;D;4;;24;;;;;;;;
ENV3;S6;D;4;;25;;;;;;;;
ENV3;S6;D;4;;26;;;;;;;;
ENV3;S6;D;4;;27;;;;;;;;
ENV3;S6;D;4;;28;;;;;;;;
ENV3;S6;D;4;;29;;;;;;;;
ENV3;S6;D;4;;30;;;;;;;;
ENV3;S6;D;4;;31;;;;;;;;
ENV3;S6;D;4;;32;;;;;;;;
ENV3;S6;D;4;;33;;;;;;;;
ENV3;S6;D;4;;34;;;;;;;;
ENV3;S6;D;4;;35;;;;;;;;
ENV3;S6;D;4;;36;;;;;;;;
ENV3;S6;D;4;;37;;;;;;;;
ENV3;S6;D;4;;38;;;;;;;;
ENV3;S6;D;4;;39;;;;;;;;
ENV3;S6;D;4;;40;;;;;;;;
ENV3;S6;D;4;;41;;;;;;;;
ENV3;S6;D;4;;42;;;;;;;;
ENV3;S6;D;4;;43;;;;;;;;
ENV3;S6;D;4;;44;;;;;;;;
ENV3;S6;D;4;;45;;;;;;;;
ENV3;S6;D;4;;46;;;;;;;;
ENV3;S6;D;4;;47;;;;;;;;
ENV3;S6;D;4;;48;;;;;;;;
ENV3;S6;D;4;;49;;;;;;;;
ENV3;S6;D;4;;50;;;;;;;;
ENV3;S6;D;4;;51;;;;;;;;
ENV3;S6;D;4;;52;;;;;;;;
ENV3;S6;D;4;;53;;;;;;;;
ENV3;S6;D;4;;54;;;;;;;;
ENV3;S6;D;4;;55;;;;;;;;
ENV3;S6;D;4;;56;;;;;;;;
ENV3;S6;D;4;;57;;;;;;;;
ENV3;S6;D;4;;58;;;;;;;;
ENV3;S6;D;4;;59;;;;;;;;
ENV3;S6;D;4;;60;;;;;;;;
ENV3;S6;D;4;;61;;;;;;;;
ENV3;S6;D;4;;62;;;;;;;;
ENV3;S6;D;4;;63;;;;;;;;
ENV3;S6;D;4;;64;;;;;;;;
ENV3;S6;D;4;;65;;;;;;;;
ENV3;S6;D;4;;66;;;;;;;;
ENV3;S6;D;4;;67;;;;;;;;
ENV3;S6;D;4;;68;;;;;;;;
ENV3;S6;D;4;;69;;;;;;;;
ENV3;S6;D;4;;70;;;;;;;;
ENV3;S6;D;4;;71;;;;;;;;
ENV3;S6;D;4;;72;;;;;;;;
ENV3;S6;D;4;;73;;;;;;;;
ENV3;S6;D;4;;74;;;;;;;;
ENV3;S6;D;4;;75;;;;;;;;
ENV3;S6;D;4;;76;;;;;;;;
ENV3;S6;D;4;;77;;;;;;;;
ENV3;S6;D;4;;78;;;;;;;;
ENV3;S6;D;4;;79;;;;;;;;
ENV3;S6;D;4;;80;;;;;;;;
ENV3;S6;D;4;;81;;;;;;;;
ENV3;S6;D;4;;82;;;;;;;;
ENV3;S6;D;4;;83;;;;;;;;
ENV3;S6;D;4;;84;;;;;;;;
ENV3;S6;D;4;;85;;;;;;;;
ENV3;S6;D;4;;86;;;;;;;;
ENV3;S6;D;4;;87;;;;;;;;
ENV3;S6;D;4;;88;;;;;;;;
ENV3;S6;D;4;;89;;;;;;;;
ENV3;S6;D;4;;90;;;;;;;;
ENV3;S6;D;4;;91;;;;;;;;
ENV3;S6;D;4;;92;;;;;;;;
ENV3;S6;D;4;;93;;;;;;;;
ENV3;S6;D;4;;94;;;;;;;;
ENV3;S6;D;4;;95;;;;;;;;
ENV3;S6;D;4;;96;;;;;;;;
ENV3;S6;D;4;;97;;;;;;;;
ENV3;S6;D;4;;98;;;;;;;;
ENV3;S6;D;4;;99;;;;;;;;
ENV3;S6;D;4;;100;;;;;;;;
ENV3;S6;D;4;;101;;;;;;;;
ENV3;S6;D;4;;102;;;;;;;;
ENV3;S6;D;4;;103;;;;;;;;
ENV3;S6;D;4;;104;;;;;;;;
ENV3;S6;D;4;;105;;;;;;;;
ENV3;S6;D;4;;106;;;;;;;;
ENV3;S6;D;4;;107;;;;;;;;
ENV3;S6;D;4;;108;;;;;;;;
ENV3;S6;D;4;;109;;;;;;;;
ENV3;S6;D;4;;110;;;;;;;;
ENV3;S6;D;4;;111;;;;;;;;
ENV3;S6;D;4;;112;;;;;;;;
ENV3;S6;D;4;;113;;;;;;;;
ENV3;S6;D;4;;114;;;;;;;;
ENV3;S6;D;4;;115;;;;;;;;
ENV3;S6;D;4;;116;;;;;;;;
ENV3;S6;D;4;;117;;;;;;;;
ENV3;S6;D;4;;118;;;;;;;;
ENV3;S6;D;4;;119;;;;;;;;
ENV3;S6;D;4;;120;;;;;;;;
ENV3;S6;D;4;;121;;;;;;;;
ENV3;S6;D;4;;122;;;;;;;;
ENV3;S6;D;4;;123;;;;;;;;
ENV3;S6;D;4;;124;;;;;;;;
ENV3;S6;D;4;;125;;;;;;;;
ENV3;S6;D;4;;126;;;;;;;;
ENV3;S6;D;4;;127;;;;;;;;
ENV3;S6;D;4;;128;;;;;;;;
ENV3;S6;D;4;;129;;;;;;;;
ENV3;S6;D;4;;130;;;;;;;;
ENV3;S6;D;4;;131;;;;;;;;
ENV3;S6;D;4;;132;;;;;;;;
ENV3;S6;D;4;;133;;;;;;;;
ENV3;S6;D;4;;134;;;;;;;;
ENV3;S6;D;4;;135;;;;;;;;
ENV3;S6;D;4;;136;;;;;;;;
ENV3;S6;D;4;;137;;;;;;;;
ENV3;S6;D;4;;138;;;;;;;;
ENV3;S6;D;4;;139;;;;;;;;
ENV3;S6;D;4;;140;;;;;;;;
ENV3;S6;D;4;;141;;;;;;;;
ENV3;S6;D;4;;142;;;;;;;;
ENV3;S6;D;4;;143;;;;;;;;
ENV3;S6;D;4;;144;;;;;;;;
ENV3;S6;D;4;;145;;;;;;;;
ENV3;S6;D;4;;146;;;;;;;;
ENV3;S6;D;4;;147;;;;;;;;
ENV3;S6;D;4;;148;;;;;;;;
ENV3;S6;D;4;;149;;;;;;;;
ENV3;S6;D;4;;150;;;;;;;;
ENV3;S6;D;4;;151;;;;;;;;
ENV3;S6;D;4;;152;;;;;;;;
ENV3;S6;D;4;;153;;;;;;;;
ENV3;S6;D;4;;154;;;;;;;;
ENV3;S6;D;4;;155;;;;;;;;
ENV3;S6;D;4;;156;;;;;;;;
ENV3;S6;D;4;;157;;;;;;;;
ENV3;S6;D;4;;158;;;;;;;;
ENV3;S6;D;4;;159;;;;;;;;
ENV3;S6;D;4;;160;;;;;;;;
ENV3;S6;D;4;;161;;;;;;;;
ENV3;S6;D;4;;162;;;;;;;;
ENV3;S6;D;4;;163;;;;;;;;
ENV3;S6;D;4;;164;;;;;;;;
ENV3;S6;D;4;;165;;;;;;;;
ENV3;S6;D;4;;166;;;;;;;;
ENV3;S6;D;4;;167;;;;;;;;
ENV3;S6;D;4;;168;;;;;;;;
ENV3;S6;D;4;;169;;;;;;;;
ENV3;S6;D;4;;170;;;;;;;;
ENV3;S6;D;4;;171;;;;;;;;
ENV3;S6;D;4;;172;;;;;;;;
ENV3;S6;D;4;;173;;;;;;;;
ENV3;S6;D;4;;174;;;;;;;;
ENV3;S6;D;4;;175;;;;;;;;
ENV3;S6;D;4;;176;;;;;;;;
ENV3;S6;D;4;;177;;;;;;;;
ENV3;S6;D;4;;178;;;;;;;;
ENV3;S6;D;4;;179;;;;;;;;
ENV3;S6;D;4;;180;;;;;;;;
ENV3;S6;D;4;;181;;;;;;;;
ENV3;S6;D;4;;182;;;;;;;;
ENV3;S6;D;4;;183;;;;;;;;
ENV3;S6;D;4;;184;;;;;;;;
ENV3;S6;D;4;;185;;;;;;;;
ENV3;S6;D;4;;186;;;;;;;;
ENV3;S6;D;4;;187;;;;;;;;
ENV3;S6;D;4;;188;;;;;;;;
ENV3;S6;D;4;;189;;;;;;;;
ENV3;S6;D;4;;190;;;;;;;;
ENV3;S6;D;4;;191;;;;;;;;
ENV3;S6;D;4;;192;;;;;;;;
ENV3;S6;D;4;;193;;;;;;;;
ENV3;S6;D;4;;194;;;;;;;;
ENV3;S6;D;4;;195;;;;;;;;
ENV3;S6;D;4;;196;;;;;;;;
ENV3;S6;D;4;;197;;;;;;;;
ENV3;S6;D;4;;198;;;;;;;;
ENV3;S6;D;4;;199;;;;;;;;
ENV3;S6;D;4;;200;;;;;;;;
ENV3;S6;D;4;;201;;;;;;;;
ENV3;S6;D;4;;202;;;;;;;;
ENV3;S6;D;4;;203;;;;;;;;
ENV3;S6;D;4;;204;;;;;;;;
ENV3;S6;D;4;;205;;;;;;;;
ENV3;S6;D;4;;206;;;;;;;;
ENV3;S6;D;4;;207;;;;;;;;
ENV3;S6;D;4;;208;;;;;;;;
ENV3;S6;D;4;;209;;;;;;;;
ENV3;S6;D;4;;210;;;;;;;;
ENV3;S6;D;4;;211;;;;;;;;
ENV3;S6;D;4;;212;;;;;;;;
ENV3;S6;D;4;;213;;;;;;;;
ENV3;S6;D;4;;214;;;;;;;;
ENV3;S6;D;4;;215;;;;;;;;
ENV3;S6;D;4;;216;;;;;;;;
ENV3;S6;D;4;;217;;;;;;;;
ENV3;S6;D;4;;218;;;;;;;;
ENV3;S6;D;4;;219;;;;;;;;
ENV3;S6;D;4;;220;;;;;;;;
ENV3;S6;D;4;;221;;;;;;;;
ENV3;S6;D;4;;222;;;;;;;;
ENV3;S6;D;4;;223;;;;;;;;
ENV3;S6;D;4;;224;;;;;;;;
ENV3;S6;D;4;;225;;;;;;;;
ENV3;S6;D;4;;226;;;;;;;;
ENV3;S6;D;4;;227;;;;;;;;
ENV3;S6;D;4;;228;;;;;;;;
ENV3;S6;D;4;;229;;;;;;;;
ENV3;S6;D;4;;230;;;;;;;;
ENV3;S6;D;4;;231;;;;;;;;
ENV3;S6;D;4;;232;;;;;;;;
ENV3;S6;D;4;;233;;;;;;;;
ENV3;S6;D;4;;234;;;;;;;;
ENV3;S6;D;4;;235;;;;;;;;
ENV3;S6;D;4;;236;;;;;;;;
ENV3;S6;D;4;;237;;;;;;;;
ENV3;S6;D;4;;238;;;;;;;;
ENV3;S6;D;4;;239;;;;;;;;
ENV3;S6;D;4;;240;;;;;;;;
ENV3;S6;D;4;;241;;;;;;;;
ENV3;S6;D;4;;242;;;;;;;;
ENV3;S6;D;4;;243;;;;;;;;
ENV3;S6;D;4;;244;;;;;;;;
ENV3;S6;D;4;;245;;;;;;;;
ENV3;S6;D;4;;246;;;;;;;;
ENV3;S6;D;4;;247;;;;;;;;
ENV3;S6;D;4;;248;;;;;;;;
ENV3;S6;D;4;;249;;;;;;;;
ENV3;S6;D;4;;250;;;;;;;;
ENV3;S6;D;4;;251;;;;;;;;
ENV3;S6;D;4;;252;;;;;;;;
ENV3;S6;D;4;;253;;;;;;;;
ENV3;S6;D;4;;254;;;;;;;;
ENV3;S6;D;4;;255;;;;;;;;
ENV3;S6;D;5;3.969;4;;14.0774;35.5361;0.6117;0.4733;408.7;2.3295;1212.6
ENV3;S6;D;5;4.961;5;;13.9275;35.571;0.7533;0.4956;353.07;2.5873;1209.9
ENV3;S6;D;5;5.953;6;;13.9218;35.58;0.8473;0.5237;305.31;2.5678;1211.9
ENV3;S6;D;5;6.945;7;;13.9109;35.5801;0.9629;0.5006;262.29;2.5674;1212.2
ENV3;S6;D;5;7.937;8;;13.906;35.58;1.0657;0.5145;229.86;2.5676;1211.2
ENV3;S6;D;5;8.929;9;;13.9027;35.5798;1.2008;0.502;201.66;2.5679;1212.2
ENV3;S6;D;5;9.921;10;;13.8879;35.5803;1.3188;0.5142;177.31;2.5673;1210.4
ENV3;S6;D;5;10.913;11;;13.8722;35.581;1.4381;0.5223;157.32;2.5666;1211
ENV3;S6;D;5;11.905;12;;13.8659;35.5816;1.5661;0.5004;141.86;2.5673;1211.7
ENV3;S6;D;5;12.897;13;;13.8557;35.5831;1.6422;0.5126;123.41;2.5675;1209.5
ENV3;S6;D;5;13.889;14;;13.844;35.5886;1.8869;0.5406;111.73;2.5661;1208.3
ENV3;S6;D;5;14.882;15;;13.8409;35.5924;2.129;0.5101;100.68;2.5658;1213.9
ENV3;S6;D;5;15.874;16;;13.8373;35.599;2.4827;0.5142;90.573;2.5656;1208
ENV3;S6;D;5;16.866;17;;13.8296;35.6035;2.8529;0.5226;79.041;2.568;1208
ENV3;S6;D;5;17.858;18;;13.7939;35.6131;3.476;0.5257;71.858;2.5697;1214.4
ENV3;S6;D;5;18.85;19;;13.7494;35.6094;3.9737;0.5368;64.562;2.5696;1210.7
ENV3;S6;D;5;19.842;20;;13.7157;35.6014;4.3658;0.4903;55.741;2.5669;1202.3
ENV3;S6;D;5;20.834;21;;13.5062;35.5817;4.2729;0.5157;47.995;2.5622;1206.8
ENV3;S6;D;5;21.826;22;;13.3899;35.5776;3.8503;0.4757;41.949;2.5454;1207.5
ENV3;S6;D;5;22.818;23;;13.3155;35.5738;3.4206;0.4486;36.567;2.5227;1206.1
ENV3;S6;D;5;23.81;24;;13.2023;35.5718;2.659;0.4306;32.378;2.5077;1204.9
ENV3;S6;D;5;24.802;25;;13.1546;35.5709;1.8701;0.3457;29.505;2.4774;1203.8
ENV3;S6;D;5;25.794;26;;13.1506;35.5835;1.7314;0.3322;26.78;2.4601;1206.5
ENV3;S6;D;5;26.786;27;;13.1554;35.5914;1.728;0.3359;24.061;2.4482;1203.3
ENV3;S6;D;5;27.778;28;;13.1524;35.5976;1.7071;0.3197;21.752;2.4412;1202.8
ENV3;S6;D;5;28.77;29;;13.1439;35.6036;1.7713;0.3277;20.118;2.4386;1206.3
ENV3;S6;D;5;29.762;30;;13.1229;35.6109;2.0294;0.3416;18.391;2.4378;1206.5
ENV3;S6;D;5;30.754;31;;13.1022;35.6161;2.0071;0.3367;16.754;2.4371;1202
ENV3;S6;D;5;31.746;32;;13.0903;35.6172;1.8287;0.3266;15.218;2.4341;1203
ENV3;S6;D;5;32.738;33;;13.0846;35.6188;1.6657;0.319;14.039;2.4292;1205.6
ENV3;S6;D;5;33.73;34;;13.0753;35.6205;1.4736;0.3121;12.697;2.4259;1206.2
ENV3;S6;D;5;34.722;35;;13.0671;35.6217;1.2315;0.3072;11.658;2.423;1205.1
ENV3;S6;D;5;35.714;36;;13.06;35.6226;1.0383;0.2887;10.861;2.4173;1201.2
ENV3;S6;D;5;36.706;37;;13.0489;35.6286;0.846;0.2815;10.118;2.4126;1201.1
ENV3;S6;D;5;37.698;38;;13.0378;35.6344;0.6517;0.2756;9.4068;2.4058;1202.3
ENV3;S6;D;5;38.69;39;;13.032;35.6352;0.5958;0.2694;8.7859;2.3981;1204.3
ENV3;S6;D;5;39.682;40;;13.0231;35.6362;0.5942;0.2741;8.045;2.3946;1205
ENV3;S6;D;5;40.674;41;;13.0209;35.6384;0.5736;0.2648;7.5154;2.3913;1206.5
ENV3;S6;D;5;41.666;42;;13.0174;35.6428;0.6019;0.2712;7.159;2.3903;1204.5
ENV3;S6;D;5;42.658;43;;13.0176;35.6444;0.6105;0.2785;6.8197;2.3907;1200.3
ENV3;S6;D;5;43.65;44;;13.0189;35.6464;0.6021;0.2574;6.2786;2.3913;1202.9
ENV3;S6;D;5;44.642;45;;13.0264;35.6514;0.6688;0.2702;5.6892;2.392;1215.2
ENV3;S6;D;5;45.634;46;;13.0302;35.6544;0.7448;0.2917;5.4203;2.3925;1216.3
ENV3;S6;D;5;46.625;47;;13.0309;35.6552;0.7164;0.2711;5.193;2.3956;1206
ENV3;S6;D;5;47.617;48;;13.033;35.6567;0.7152;0.2758;4.9254;2.3986;1210.1
ENV3;S6;D;5;48.609;49;;13.0344;35.6578;0.746;0.2769;4.5709;2.3987;1214
ENV3;S6;D;5;49.601;50;;13.0342;35.6582;0.74;0.2636;4.2702;2.3991;1205.2
ENV3;S6;D;5;50.593;51;;13.0332;35.6581;0.7179;0.275;3.9784;2.3988;1213.8
ENV3;S6;D;5;51.585;52;;13.0318;35.6583;0.7303;0.2671;3.7668;2.398;1219.9
ENV3;S6;D;5;52.577;53;;13.0306;35.6585;0.7256;0.2884;3.5299;2.3979;1221.1
ENV3;S6;D;5;53.569;54;;13.0258;35.6585;0.69;0.254;3.3775;2.3976;1208.2
ENV3;S6;D;5;54.561;55;;13.0166;35.6588;0.6555;0.2701;3.1922;2.3954;1227.2
ENV3;S6;D;5;55.553;56;;13.0129;35.6586;0.618;0.26;2.9968;2.394;1221.9
ENV3;S6;D;5;56.544;57;;13.0125;35.6586;0.5704;0.2599;2.8032;2.3928;1216.5
ENV3;S6;D;5;57.536;58;;13.0094;35.6579;0.5453;0.2392;2.6565;2.3913;1227.4
ENV3;S6;D;5;58.528;59;;13.0018;35.6587;0.5141;0.2751;2.4902;2.3911;1231.1
ENV3;S6;D;5;59.52;60;;13.006;35.6637;0.429;0.2639;2.3449;2.3895;1225.3
ENV3;S6;D;5;60.512;61;;13.0057;35.6651;0.3662;0.2451;2.2384;2.3866;1225.4
ENV3;S6;D;5;61.504;62;;13.0132;35.6688;0.3735;0.2482;2.1344;2.3843;1227.9
ENV3;S6;D;5;62.495;63;;13.0118;35.6688;0.3864;0.2441;2.0074;2.3833;1234.2
ENV3;S6;D;5;63.487;64;;13.0119;35.6695;0.3706;0.2451;1.8599;2.3834;1232.8
ENV3;S6;D;5;64.479;65;;13.0114;35.6696;0.369;0.2532;1.7666;2.3829;1228.2
ENV3;S6;D;5;65.471;66;;13.0097;35.6694;0.3582;0.2351;1.6844;2.382;1231.1
ENV3;S6;D;5;66.463;67;;13.0076;35.669;0.3794;0.2528;1.6194;2.3817;1236.1
ENV3;S6;D;5;67.455;68;;13.0052;35.669;0.3874;0.2451;1.5571;2.3817;1233.1
ENV3;S6;D;5;68.446;69;;13.004;35.669;0.3649;0.2611;1.4672;2.3811;1234.1
ENV3;S6;D;5;69.438;70;;13.0029;35.6692;0.36;0.2548;1.3734;2.3804;1248.6
ENV3;S6;D;5;70.43;71;;12.9951;35.6692;0.3095;0.2447;1.2862;2.3796;1251.8
ENV3;S6;D;5;71.422;72;;12.988;35.6691;0.3144;0.244;1.1862;2.3783;1243.5
ENV3;S6;D;5;72.414;73;;12.9889;35.6692;0.291;0.2404;1.1272;2.3762;1247.3
ENV3;S6;D;5;73.405;74;;12.9902;35.6695;0.2968;0.2382;1.0754;2.3742;1247.1
ENV3;S6;D;5;74.397;75;;12.9813;35.6691;0.2897;0.25;1.024;2.3735;1243.8
ENV3;S6;D;5;75.389;76;;12.9676;35.6681;0.2644;0.2377;0.96897;2.3724;1239.2
ENV3;S6;D;5;76.381;77;;12.9596;35.6675;0.2682;0.2352;0.91254;2.3704;1248.2
ENV3;S6;D;5;77.373;78;;12.9508;35.6664;0.2326;0.2427;0.85375;2.3685;1257.3
ENV3;S6;D;5;78.364;79;;12.9454;35.6658;0.2154;0.2391;0.79667;2.3646;1255.9
ENV3;S6;D;5;79.356;80;;12.9419;35.6654;0.2224;0.2455;0.74662;2.3611;1255.6
ENV3;S6;D;5;80.348;81;;12.9371;35.6649;0.2089;0.2392;0.70286;2.359;1258.5
ENV3;S6;D;5;81.34;82;;12.9341;35.6645;0.1943;0.235;0.65778;2.3568;1255.7
ENV3;S6;D;5;82.331;83;;12.9315;35.664;0.1999;0.2409;0.61957;2.3553;1256.4
ENV3;S6;D;5;83.323;84;;12.9294;35.6637;0.2037;0.2411;0.58605;2.3536;1249.3
ENV3;S6;D;5;84.315;85;;12.9281;35.6634;0.1805;0.2306;0.55132;2.3517;1245.9
ENV3;S6;D;5;85.307;86;;12.9242;35.6626;0.1972;0.2331;0.52217;2.3506;1247.8
ENV3;S6;D;5;86.298;87;;12.9089;35.6603;0.178;0.247;0.49408;2.3499;1249.5
ENV3;S6;D;5;87.29;88;;12.9058;35.6603;0.1642;0.2319;0.46925;2.3484;1250.7
ENV3;S6;D;5;88.282;89;;12.8947;35.6615;0.1363;0.2506;0.43891;2.3455;1250.5
ENV3;S6;D;5;89.274;90;;12.8946;35.6633;0.1103;0.228;0.40653;2.3417;1251.8
ENV3;S6;D;5;90.265;91;;12.8952;35.6632;0.1226;0.2365;0.3806;2.339;1256
ENV3;S6;D;5;91.257;92;;12.8944;35.6631;0.1163;0.229;0.35579;2.3373;1254
ENV3;S6;D;5;92.249;93;;12.8933;35.6627;0.14;0.2358;0.34425;2.3363;1250.7
ENV3;S6;D;5;93.24;94;;12.8924;35.6622;0.1262;0.2326;0.32812;2.3359;1248.4
ENV3;S6;D;5;94.232;95;;12.8915;35.6621;0.102;0.2305;0.31003;2.335;1247.6
ENV3;S6;D;5;95.224;96;;12.894;35.6629;0.1045;0.2274;0.29192;2.3331;1250.1
ENV3;S6;D;5;96.215;97;;12.8944;35.6627;0.128;0.2274;0.274;2.3328;1251.7
ENV3;S6;D;5;97.207;98;;12.893;35.6631;0.1277;0.2385;0.25687;2.3323;1251.2
ENV3;S6;D;5;98.199;99;;12.8919;35.6635;0.1364;0.2287;0.24196;2.3324;1251
ENV3;S6;D;5;99.19;100;;12.8902;35.6637;0.1129;0.2251;0.22433;2.3323;1251.7
ENV3;S6;D;5;100.182;101;;12.885;35.6643;0.1031;0.2255;0.21206;2.3317;1253.1
ENV3;S6;D;5;101.174;102;;12.8833;35.6646;0.106;0.2218;0.19984;2.3307;1251.6
ENV3;S6;D;5;102.165;103;;12.8823;35.6645;0.0958;0.2304;0.18999;2.3291;1248.5
ENV3;S6;D;5;103.157;104;;12.8805;35.6646;0.1002;0.2257;0.17894;2.3275;1251.3
ENV3;S6;D;5;104.149;105;;12.8785;35.6648;0.1032;0.2334;0.16833;2.3268;1255
ENV3;S6;D;5;105.14;106;;12.8732;35.6655;0.1029;0.2228;0.15405;2.3261;1251.1
ENV3;S6;D;5;106.132;107;;12.8707;35.6655;0.0933;0.2201;0.14407;2.3258;1251.6
ENV3;S6;D;5;107.123;108;;12.8574;35.6654;0.0964;0.2311;0.13456;2.3233;1254.1
ENV3;S6;D;5;108.115;109;;12.8417;35.6638;0.0885;0.2365;0.12548;2.3222;1253.7
ENV3;S6;D;5;109.107;110;;12.827;35.6662;0.0521;0.2491;0.11899;2.3194;1255.5
ENV3;S6;D;5;110.098;111;;12.8213;35.6667;0.0513;0.2275;0.11035;2.314;1255
ENV3;S6;D;5;111.09;112;;12.8216;35.6667;0.0417;0.2224;0.10305;2.3074;1251.4
ENV3;S6;D;5;112.082;113;;12.8225;35.6671;0.033;0.2264;0.09634;2.3031;1251.4
ENV3;S6;D;5;113.073;114;;12.8232;35.6674;0.0275;0.2274;0.087765;2.3011;1257.2
ENV3;S6;D;5;114.065;115;;12.8211;35.6673;0.0249;0.2197;0.08322;2.3005;1257.5
ENV3;S6;D;5;115.056;116;;12.8205;35.6674;0.0177;0.2151;0.078542;2.2994;1252.3
ENV3;S6;D;5;116.048;117;;12.8158;35.667;0.0265;0.2052;0.074308;2.2981;1252.3
ENV3;S6;D;5;117.039;118;;12.8121;35.6665;0.0042;0.2321;0.068745;2.2966;1256.3
ENV3;S6;D;5;118.031;119;;12.8094;35.6665;-0.0032;0.2251;0.064338;2.2943;1256.2
ENV3;S6;D;5;119.023;120;;12.8067;35.6667;0.0039;0.2274;0.05691;2.2911;1255.9
ENV3;S6;D;5;120.014;121;;12.8063;35.6678;0.0008;0.2195;0.051495;2.2889;1256.9
ENV3;S6;D;5;121.006;122;;12.8009;35.6675;-0.0022;0.2175;0.046937;2.2863;1255.8
ENV3;S6;D;5;121.997;123;;12.7939;35.6666;-0.0008;0.2164;0.043185;2.2849;1258.1
ENV3;S6;D;5;122.989;124;;12.7902;35.666;0.0008;0.2228;0.038107;2.2835;1259.9
ENV3;S6;D;5;123.98;125;;12.7829;35.6648;0.0143;0.2459;0.035965;2.2822;1261.4
ENV3;S6;D;5;124.972;126;;12.7629;35.6667;-0.0172;0.2294;0.033623;2.2794;1257.3
ENV3;S6;D;5;125.964;127;;12.7526;35.6704;-0.0313;0.2159;0.027355;2.273;1257.5
ENV3;S6;D;5;126.955;128;;12.7569;35.6733;-0.023;0.2141;0.024186;2.2694;1262.6
ENV3;S6;D;5;127.946;129;;12.7466;35.6721;-0.0267;0.2152;0.022359;2.2672;1262.2
ENV3;S6;D;5;128.938;130;;12.734;35.6706;-0.0209;0.2249;0.019713;2.2659;1260.2
ENV3;S6;D;5;129.93;131;;12.7265;35.6704;-0.0256;0.2201;0.013347;2.2634;1259.2
ENV3;S6;D;5;130.921;132;;12.7219;35.6729;-0.0305;0.237;0.008834;2.2589;1259.9
ENV3;S6;D;5;131.913;133;;12.7106;35.6734;-0.0416;0.2314;0.0067982;2.2536;1260.5
ENV3;S6;D;5;132.904;134;;12.7082;35.673;-0.042;0.2256;0.0041998;2.2515;1264.9
ENV3;S6;D;5;133.895;135;;12.7066;35.6727;-0.0291;0.2276;0.0019814;2.2487;1262.6
ENV3;S6;D;5;134.887;136;;12.7037;35.6724;-0.0242;0.2345;0.00020906;2.247;1258.6
ENV3;S6;D;5;135.879;137;;12.6909;35.671;-0.0396;0.2243;1.87E-06;2.2455;1257.9
ENV3;S6;D;5;136.87;138;;12.6677;35.6694;-0.0025;0.2335;0.000092885;2.2432;1260.5
ENV3;S6;D;5;137.862;139;;12.6559;35.6688;-0.0383;0.2401;-0.000006833;2.2366;1262.1
ENV3;S6;D;5;138.853;140;;12.6438;35.6675;-0.0268;0.2458;1.00E-12;2.2317;1260.7
ENV3;S6;D;5;139.844;141;;12.6246;35.6656;-0.0459;0.2548;1.00E-12;2.2258;1262.3
ENV3;S6;D;5;140.836;142;;12.6091;35.6653;-0.025;0.2806;1.00E-12;2.2192;1262.6
ENV3;S6;D;5;141.827;143;;12.6056;35.6648;-0.0211;0.2641;1.00E-12;2.2139;1262.9
ENV3;S6;D;5;142.819;144;;12.5997;35.6642;-0.0239;0.2671;1.00E-12;2.2087;1260.3
ENV3;S6;D;5;143.81;145;;12.5899;35.6636;-0.0427;0.2758;1.00E-12;2.2044;1261.1
ENV3;S6;D;5;144.802;146;;12.5847;35.6631;-0.0404;0.2814;1.00E-12;2.1998;1260.8
ENV3;S6;D;5;145.793;147;;12.5725;35.6621;-0.0297;0.2801;1.00E-12;2.1943;1258.2
ENV3;S6;D;5;146.784;148;;12.564;35.6616;-0.0294;0.2944;1.00E-12;2.1898;1258.1
ENV3;S6;D;5;147.776;149;;12.5622;35.6612;-0.0179;0.2906;1.00E-12;2.186;1262.4
ENV3;S6;D;5;148.767;150;;12.5533;35.6611;-0.0269;0.3074;1.00E-12;2.1821;1264
ENV3;S6;D;5;149.759;151;;12.5497;35.6611;-0.0129;0.3099;1.00E-12;2.1788;1263.2
ENV3;S6;D;5;150.75;152;;12.5454;35.6609;-0.0098;0.3299;1.00E-12;2.1751;1261.3
ENV3;S6;D;5;151.742;153;;12.5235;35.6611;-0.0228;0.3319;1.00E-12;2.1718;1262.3
ENV3;S6;D;5;152.733;154;;12.4968;35.662;0.0146;0.3322;1.00E-12;2.169;1263.5
ENV3;S6;D;5;153.724;155;;12.4777;35.6625;0.001;0.3371;1.00E-12;2.1636;1263.7
ENV3;S6;D;5;154.716;156;;12.4632;35.6628;-0.0106;0.3373;1.00E-12;2.1547;1262
ENV3;S6;D;5;155.707;157;;12.4526;35.6632;0.0016;0.3494;1.00E-12;2.1472;1261
ENV3;S6;D;5;156.699;158;;12.4393;35.6633;-0.0151;0.3429;1.00E-12;2.1424;1263.5
ENV3;S6;D;5;157.69;159;;12.4178;35.6638;-0.026;0.3425;1.00E-12;2.1382;1263.7
ENV3;S6;D;5;158.681;160;;12.4086;35.6639;-0.04;0.335;1.00E-12;2.1329;1264.5
ENV3;S6;D;5;159.673;161;;12.4049;35.6637;-0.0288;0.3275;1.00E-12;2.128;1264.3
ENV3;S6;D;5;160.664;162;;12.3999;35.6639;-0.0436;0.3375;1.00E-12;2.125;1266.3
ENV3;S6;D;5;161.656;163;;12.3959;35.6638;-0.0256;0.3482;1.00E-12;2.1228;1269.3
ENV3;S6;D;5;162.647;164;;12.3927;35.6636;-0.0241;0.3403;1.00E-12;2.1201;1268
ENV3;S6;D;5;163.638;165;;12.3882;35.6637;-0.031;0.3406;1.00E-12;2.118;1266.2
ENV3;S6;D;5;164.63;166;;12.3821;35.6638;-0.0432;0.3379;1.00E-12;2.1161;1266.7
ENV3;S6;D;5;165.621;167;;12.3758;35.6638;-0.0511;0.3281;1.00E-12;2.1139;1266.4
ENV3;S6;D;5;166.612;168;;12.3666;35.664;-0.0466;0.3362;1.00E-12;2.1125;1266.4
ENV3;S6;D;5;167.604;169;;12.3456;35.6646;-0.0387;0.3445;1.00E-12;2.1113;1265.6
ENV3;S6;D;5;168.595;170;;12.328;35.6648;-0.0522;0.3345;1.00E-12;2.1091;1267.5
ENV3;S6;D;5;169.586;171;;12.3188;35.6649;-0.0555;0.325;1.00E-12;2.1055;1264.8
ENV3;S6;D;5;170.577;172;;12.3138;35.6647;-0.0523;0.3838;1.00E-12;2.1026;1264.1
ENV3;S6;D;5;171.569;173;;12.309;35.6647;-0.061;0.3828;1.00E-12;2.1003;1262.2
ENV3;S6;D;5;172.56;174;;12.3063;35.6646;-0.0575;0.3312;1.00E-12;2.0981;1263.1
ENV3;S6;D;5;173.552;175;;12.3032;35.6646;-0.053;0.3336;1.00E-12;2.0973;1263
ENV3;S6;D;5;174.543;176;;12.2938;35.6646;-0.0541;0.3293;1.00E-12;2.0962;1263.1
ENV3;S6;D;5;175.534;177;;12.2844;35.6645;-0.0469;0.3295;1.00E-12;2.0947;1262.8
ENV3;S6;D;5;176.526;178;;12.2815;35.6643;-0.0472;0.3357;1.00E-12;2.0928;1261.8
ENV3;S6;D;5;177.517;179;;12.2807;35.6643;-0.0603;0.3307;1.00E-12;2.0919;1260.4
ENV3;S6;D;5;178.508;180;;12.2812;35.6642;-0.0447;0.3412;1.00E-12;2.0909;1261.1
ENV3;S6;D;5;179.499;181;;12.2804;35.6641;-0.0468;0.3461;1.00E-12;2.09;1262.1
ENV3;S6;D;5;180.491;182;;12.2804;35.6639;-0.0581;0.3237;1.00E-12;2.0886;1261.2
ENV3;S6;D;5;181.482;183;;12.2773;35.6641;-0.056;0.3288;1.00E-12;2.088;1259.7
ENV3;S6;D;5;182.473;184;;12.2727;35.6642;-0.0476;0.3322;1.00E-12;2.0879;1259.4
ENV3;S6;D;5;183.464;185;;12.2718;35.6639;-0.0396;0.3329;1.00E-12;2.0875;1259.4
ENV3;S6;D;5;184.456;186;;12.268;35.6639;-0.0548;0.3511;1.00E-12;2.0868;1258.2
ENV3;S6;D;5;185.447;187;;12.2614;35.6641;-0.0574;0.3325;1.00E-12;2.0865;1260.3
ENV3;S6;D;5;186.438;188;;12.2607;35.6639;-0.0474;0.3326;1.00E-12;2.0859;1260.5
ENV3;S6;D;5;187.43;189;;12.2588;35.6637;-0.0532;0.3203;1.00E-12;2.0846;1259.1
ENV3;S6;D;5;188.42;190;;12.2568;35.664;-0.0511;0.317;1.00E-12;2.0832;1257
ENV3;S6;D;5;189.412;191;;12.2549;35.6639;-0.0613;0.3462;1.00E-12;2.0828;1256.8
ENV3;S6;D;5;190.403;192;;12.2546;35.6639;-0.0615;0.3277;1.00E-12;2.0824;1257.4
ENV3;S6;D;5;191.394;193;;12.2546;35.6639;-0.0608;0.3304;1.00E-12;2.0819;1257.2
ENV3;S6;D;5;192.386;194;;12.2546;35.6639;-0.0631;0.3223;1.00E-12;2.0812;1257.1
ENV3;S6;D;5;193.377;195;;12.2534;35.6639;-0.0602;0.3134;1.00E-12;2.0801;1255.9
ENV3;S6;D;5;194.368;196;;12.2487;35.664;-0.0614;0.3173;1.00E-12;2.0794;1255.8
ENV3;S6;D;5;195.359;197;;12.2469;35.6639;-0.0594;0.3298;1.00E-12;2.0794;1256.8
ENV3;S6;D;5;196.35;198;;12.2427;35.664;-0.0619;0.3316;1.00E-12;2.0792;1257.2
ENV3;S6;D;5;197.341;199;;12.2416;35.6638;-0.0645;0.3192;1.00E-12;2.0781;1256.5
ENV3;S6;D;5;198.333;200;;12.2405;35.6638;-0.0536;0.3199;1.00E-12;2.0779;1254.4
ENV3;S6;D;5;199.324;201;;12.2377;35.6637;-0.0471;0.35;1.00E-12;2.0776;1253.9
ENV3;S6;D;5;200.315;202;;12.2333;35.664;-0.0603;0.3296;1.00E-12;2.077;1254.6
ENV3;S6;D;5;201.306;203;;12.2333;35.6638;-0.0611;0.3264;1.00E-12;2.0766;1256.3
ENV3;S6;D;5;202.297;204;;12.2259;35.6636;-0.0519;0.3172;1.00E-12;2.0773;1256.2
ENV3;S6;D;5;203.289;205;;12.2145;35.6634;-0.062;0.3125;1.00E-12;2.078;1254.8
ENV3;S6;D;5;204.28;206;;12.2118;35.6633;-0.0691;0.3174;1.00E-12;2.0783;1254.5
ENV3;S6;D;5;205.271;207;;12.2052;35.6629;-0.0764;0.3114;1.00E-12;2.0794;1256.1
ENV3;S6;D;5;206.262;208;;12.2008;35.6627;-0.0616;0.31;1.00E-12;2.0798;1255.6
ENV3;S6;D;5;207.253;209;;12.1988;35.6627;-0.0614;0.3216;1.00E-12;2.0794;1255.6
ENV3;S6;D;5;208.245;210;;12.1983;35.6627;-0.0677;0.3078;1.00E-12;2.0794;1255
ENV3;S6;D;5;209.236;211;;12.1916;35.6623;-0.0508;0.3013;1.00E-12;2.0796;1253.7
ENV3;S6;D;5;210.227;212;;12.1847;35.6621;-0.0604;0.3014;1.00E-12;2.0796;1255.3
ENV3;S6;D;5;211.218;213;;12.1812;35.6619;-0.0598;0.3005;1.00E-12;2.0789;1255.8
ENV3;S6;D;5;212.209;214;;12.1712;35.6612;-0.0693;0.3025;1.00E-12;2.0783;1255
ENV3;S6;D;5;213.2;215;;12.1525;35.66;-0.071;0.2955;1.00E-12;2.0767;1255.2
ENV3;S6;D;5;214.191;216;;12.1463;35.6599;-0.0618;0.2852;1.00E-12;2.0774;1259.8
ENV3;S6;D;5;215.182;217;;12.1418;35.6591;-0.0598;0.3208;1.00E-12;2.0792;1256.9
ENV3;S6;D;5;216.173;218;;12.1166;35.6578;-0.061;0.2887;1.00E-12;2.0809;1254.1
ENV3;S6;D;5;217.164;219;;12.1117;35.6576;-0.066;0.2803;1.00E-12;2.0825;1253.5
ENV3;S6;D;5;218.155;220;;12.1105;35.6574;-0.0623;0.2624;1.00E-12;2.0838;1254.4
ENV3;S6;D;5;219.146;221;;12.1081;35.657;-0.066;0.267;1.00E-12;2.0837;1263.4
ENV3;S6;D;5;220.138;222;;12.0972;35.6561;-0.0666;0.2832;1.00E-12;2.0833;1265
ENV3;S6;D;5;221.129;223;;12.0795;35.6555;-0.0748;0.2769;1.00E-12;2.0832;1255.4
ENV3;S6;D;5;222.12;224;;12.0742;35.6549;-0.0547;0.2693;1.00E-12;2.083;1254.1
ENV3;S6;D;5;223.111;225;;12.0694;35.6548;-0.063;0.2987;1.00E-12;2.0829;1254.3
ENV3;S6;D;5;224.102;226;;12.0631;35.6539;-0.0706;0.2644;1.00E-12;2.0829;1253.8
ENV3;S6;D;5;225.093;227;;12.058;35.6533;-0.0802;0.2749;1.00E-12;2.0824;1253.1
ENV3;S6;D;5;226.084;228;;12.0573;35.6531;-0.0646;0.2806;1.00E-12;2.0824;1257.1
ENV3;S6;D;5;227.075;229;;12.0567;35.6529;-0.0754;0.3055;1.00E-12;2.0832;1271
ENV3;S6;D;5;228.066;230;;12.0565;35.6528;-0.0802;0.2816;1.00E-12;2.0839;1261
ENV3;S6;D;5;229.057;231;;12.0557;35.6527;-0.0724;0.2698;1.00E-12;2.0838;1254.1
ENV3;S6;D;5;230.048;232;;12.0552;35.6526;-0.0631;0.2603;1.00E-12;2.0833;1252.3
ENV3;S6;D;5;231.039;233;;12.0555;35.6526;-0.0639;0.2835;1.00E-12;2.0833;1257.1
ENV3;S6;D;5;232.03;234;;12.055;35.6526;-0.0796;0.2789;1.00E-12;2.0826;1258.4
ENV3;S6;D;5;233.021;235;;12.0542;35.6523;-0.0613;0.2761;1.00E-12;2.0818;1256.5
ENV3;S6;D;5;234.012;236;;12.0528;35.652;-0.0698;0.2571;1.00E-12;2.0832;1251
ENV3;S6;D;5;235.003;237;;12.0496;35.6517;-0.0803;0.2719;1.00E-12;2.0835;1249.7
ENV3;S6;D;5;235.994;238;;12.0442;35.6512;-0.0666;0.302;1.00E-12;2.0832;1252.3
ENV3;S6;D;5;236.985;239;;12.0299;35.6504;-0.0617;0.2889;1.00E-12;2.0829;1255.4
ENV3;S6;D;5;237.976;240;;12.0196;35.6495;-0.0669;0.2556;1.00E-12;2.0825;1254.9
ENV3;S6;D;5;238.967;241;;12.0062;35.6484;-0.0772;0.2418;1.00E-12;2.0825;1251.4
ENV3;S6;D;5;239.958;242;;12.0008;35.6477;-0.066;0.3345;1.00E-12;2.0838;1250.1
ENV3;S6;D;5;240.949;243;;11.9956;35.6472;-0.0815;0.2639;1.00E-12;2.0847;1248.9
ENV3;S6;D;5;241.94;244;;11.9904;35.6469;-0.0833;0.2469;1.00E-12;2.0852;1249.3
ENV3;S6;D;5;242.931;245;;11.9877;35.6466;-0.0628;0.2574;1.00E-12;2.0852;1250.2
ENV3;S6;D;5;243.922;246;;11.9856;35.6463;-0.077;0.234;1.00E-12;2.0857;1249.3
ENV3;S6;D;5;244.913;247;;11.9846;35.646;-0.08;0.2312;1.00E-12;2.0856;1248.7
ENV3;S6;D;5;245.904;248;;11.9777;35.6455;-0.0643;0.2238;1.00E-12;2.0863;1249
ENV3;S6;D;5;246.895;249;;11.9744;35.6453;-0.0675;0.2563;1.00E-12;2.0864;1252.4
ENV3;S6;D;5;247.886;250;;11.9734;35.645;-0.0711;0.2594;1.00E-12;2.0859;1249
ENV3;S6;D;5;248.877;251;;11.9725;35.645;-0.0756;0.2503;1.00E-12;2.0858;1247.6
ENV3;S6;D;5;249.868;252;;11.9683;35.6445;-0.0824;0.2555;1.00E-12;2.086;1248.3
ENV3;S6;D;5;250.859;253;;11.9555;35.6434;-0.0704;0.232;1.00E-12;2.0857;1247.3
ENV3;S6;D;5;251.85;254;;11.9458;35.6423;-0.0727;0.2317;1.00E-12;2.086;1246.9
ENV3;S6;D;6;4.961;5;;15.3419;35.5343;1.8148;0.5374;697.85;8.64998;1642
ENV3;S6;D;6;5.953;6;;15.4505;35.6071;2.1822;0.5063;608.87;7.97373;1733.5
ENV3;S6;D;6;6.945;7;;15.5041;35.6209;2.1925;0.5397;618.57;7.88936;1733
ENV3;S6;D;6;7.937;8;;15.5207;35.6194;2.0688;0.526;455.6;7.9072;1730.9
ENV3;S6;D;6;8.929;9;;15.5202;35.6195;2.2575;0.4936;394.53;7.90391;1733.3
ENV3;S6;D;6;9.921;10;;15.5024;35.6201;2.4638;0.5312;299.82;7.91227;1731.3
ENV3;S6;D;6;10.913;11;;15.4676;35.6191;2.9158;0.554;273;7.88708;1727.9
ENV3;S6;D;6;11.905;12;;15.437;35.6195;3.0106;0.5483;223.07;7.9073;1726.5
ENV3;S6;D;6;12.898;13;;15.4359;35.6194;3.5894;0.5532;190.82;7.87387;1729.2
ENV3;S6;D;6;13.89;14;;15.4247;35.6189;3.7408;0.5738;167.47;7.89148;1727.1
ENV3;S6;D;6;14.882;15;;15.4205;35.6189;3.6356;0.57;136.21;7.85598;1729.8
ENV3;S6;D;6;15.874;16;;15.4195;35.6189;3.7798;0.5648;113.31;7.8533;1730.2
ENV3;S6;D;6;16.866;17;;15.4203;35.619;3.7167;0.5638;101.17;7.8384;1727.8
ENV3;S6;D;6;17.858;18;;15.4212;35.6189;3.5632;0.5514;86.229;7.85257;1726.7
ENV3;S6;D;6;18.85;19;;15.4114;35.6188;3.5894;0.5644;75.676;7.83426;1727.7
ENV3;S6;D;6;19.842;20;;15.409;35.6188;3.6176;0.5407;61.355;7.80685;1723.7
ENV3;S6;D;6;20.834;21;;15.4089;35.6191;3.4417;0.5409;51.125;7.80462;1721.5
ENV3;S6;D;6;21.826;22;;15.4087;35.6188;3.5356;0.5688;46.558;7.81819;1724.8
ENV3;S6;D;6;22.818;23;;15.4062;35.6187;3.4009;0.5471;42.179;7.80554;1726.4
ENV3;S6;D;6;23.81;24;;15.4061;35.6185;3.378;0.5457;34.7;7.79594;1726.3
ENV3;S6;D;6;24.802;25;;15.4041;35.6184;3.3943;0.5499;28.628;7.80002;1722.1
ENV3;S6;D;6;25.794;26;;15.4036;35.6185;3.4496;0.551;26.737;7.80067;1722.8
ENV3;S6;D;6;26.786;27;;15.4048;35.6185;3.4785;0.5442;23.376;7.79302;1725.3
ENV3;S6;D;6;27.778;28;;15.4035;35.6183;3.4313;0.551;20.142;7.78603;1723.6
ENV3;S6;D;6;28.77;29;;15.4026;35.6182;3.3855;0.523;17.066;7.77588;1719.9
ENV3;S6;D;6;29.762;30;;15.4028;35.6182;3.3464;0.5475;14.728;7.76314;1715.7
ENV3;S6;D;6;30.754;31;;15.3974;35.6192;3.2994;0.5464;13.32;7.76938;1718.3
ENV3;S6;D;6;31.746;32;;15.3972;35.6192;3.4202;0.565;11.797;7.75516;1720.9
ENV3;S6;D;6;32.738;33;;15.396;35.6193;3.4053;0.5504;9.7619;7.77319;1716.8
ENV3;S6;D;6;33.73;34;;15.3959;35.6193;3.585;0.5361;8.5472;7.76087;1714
ENV3;S6;D;6;34.722;35;;15.3972;35.6193;3.4226;0.5663;7.6247;7.7549;1715.3
ENV3;S6;D;6;35.714;36;;15.393;35.6197;3.5618;0.5409;6.7169;7.76344;1712.8
ENV3;S6;D;6;36.706;37;;15.3904;35.6199;3.3208;0.5437;5.8488;7.76144;1713.8
ENV3;S6;D;6;37.698;38;;15.3873;35.6203;3.3857;0.5396;5.0389;7.76363;1710.3
ENV3;S6;D;6;38.69;39;;15.3857;35.6202;3.3685;0.541;4.5056;7.76185;1711
ENV3;S6;D;6;39.682;40;;15.3849;35.6201;3.3693;0.5266;3.8897;7.7526;1716.2
ENV3;S6;D;6;40.674;41;;15.3846;35.6203;3.4793;0.5309;3.3479;7.73415;1575.4
ENV3;S6;D;6;41.666;42;;15.3834;35.62;3.2629;0.527;2.955;7.75301;1683.4
ENV3;S6;D;6;42.658;43;;15.3818;35.6199;3.338;0.5518;2.6828;7.75437;1659.5
ENV3;S6;D;6;43.65;44;;15.3797;35.6202;3.2966;0.5305;2.3173;7.74156;1711
ENV3;S6;D;6;44.642;45;;15.3702;35.6212;3.2213;0.5292;1.9479;7.75028;1601
ENV3;S6;D;6;45.634;46;;15.3685;35.6215;3.2505;0.5484;1.7641;7.74085;1721.6
ENV3;S6;D;6;46.625;47;;15.3654;35.6221;3.2207;0.5264;1.5735;7.74827;1714.3
ENV3;S6;D;6;47.617;48;;15.3628;35.6227;3.3615;0.5367;1.3577;7.7438;1585.9
ENV3;S6;D;6;48.609;49;;15.3609;35.6232;3.4283;0.5375;1.1885;7.76096;1686.4
ENV3;S6;D;6;49.601;50;;15.3536;35.6232;3.3472;0.5367;1.0349;7.7594;1543.9
ENV3;S6;D;6;50.593;51;;15.2947;35.6214;3.1543;0.5538;0.90191;7.77304;1579
ENV3;S6;D;6;51.585;52;;15.1817;35.6284;2.6016;0.5129;0.79524;7.73112;1650.2
ENV3;S6;D;6;52.577;53;;15.1224;35.6271;2.3955;0.4916;0.71935;7.65049;1702.4
ENV3;S6;D;6;53.569;54;;15.0321;35.6339;2.1702;0.4813;0.62472;7.59409;1716.2
ENV3;S6;D;6;54.561;55;;14.9481;35.6339;1.9037;0.462;0.52816;7.54687;1714.2
ENV3;S6;D;6;55.553;56;;14.6285;35.6392;1.6904;0.4454;0.46556;7.59423;1690.4
ENV3;S6;D;6;56.544;57;;14.4783;35.6569;1.5034;0.4661;0.42436;7.57547;1462.2
ENV3;S6;D;6;57.536;58;;14.3821;35.664;1.3103;0.5086;0.38808;7.49307;1646
ENV3;S6;D;6;58.528;59;;14.294;35.6737;1.1753;0.3808;0.35516;7.34705;1711
ENV3;S6;D;6;59.52;60;;14.2529;35.6722;1.0804;0.3395;0.32765;7.27599;1716.2
ENV3;S6;D;6;60.512;61;;14.1756;35.6732;1.0467;0.3581;0.28247;7.29324;1715.3
ENV3;S6;D;6;61.504;62;;14.0235;35.6786;0.9286;0.3321;0.24455;7.3003;1534.7
ENV3;S6;D;6;62.496;63;;13.8575;35.6932;0.7407;0.3171;0.22032;7.25256;1569.5
ENV3;S6;D;6;63.487;64;;13.7121;35.7089;0.622;0.3002;0.20876;7.18561;1623.7
ENV3;S6;D;6;64.479;65;;13.6896;35.7121;0.5502;0.273;0.19759;7.14338;1649.6
ENV3;S6;D;6;65.471;66;;13.6516;35.7154;0.5283;0.2537;0.1811;7.09943;1709.9
ENV3;S6;D;6;66.463;67;;13.6109;35.7171;0.5109;0.2448;0.15651;7.09336;1714.6
ENV3;S6;D;6;67.455;68;;13.5982;35.7183;0.4737;0.2435;0.13429;7.05951;1712.1
ENV3;S6;D;6;68.446;69;;13.5849;35.7187;0.4304;0.2386;0.12063;7.05454;1652.4
ENV3;S6;D;6;69.438;70;;13.5498;35.7218;0.4171;0.2356;0.11361;7.0724;1582.5
ENV3;S6;D;6;70.43;71;;13.5327;35.7243;0.374;0.2314;0.10878;7.07556;1694
ENV3;S6;D;6;71.422;72;;13.5242;35.7246;0.3639;0.2151;0.099186;7.06001;1658.5
ENV3;S6;D;6;72.414;73;;13.4712;35.7202;0.3402;0.188;0.085534;7.06801;1639.7
ENV3;S6;D;6;73.406;74;;13.4051;35.7301;0.3252;0.2134;0.074666;7.08428;1530
ENV3;S6;D;6;74.397;75;;13.3971;35.7302;0.2908;0.21;0.071326;7.07061;1632.4
ENV3;S6;D;6;75.389;76;;13.3725;35.7291;0.2653;0.2087;0.062305;7.04403;1540.9
ENV3;S6;D;6;76.381;77;;13.3269;35.731;0.258;0.2079;0.057724;7.03385;1697.2
ENV3;S6;D;6;77.373;78;;13.3029;35.7304;0.287;0.1884;0.054164;7.02745;1717.6
ENV3;S6;D;6;78.364;79;;13.2857;35.7296;0.2528;0.1947;0.048966;7.05057;1699.8
ENV3;S6;D;6;79.356;80;;13.2639;35.7282;0.2314;0.1946;0.038826;7.05612;1595.7
ENV3;S6;D;6;80.348;81;;13.2413;35.7291;0.1994;0.1936;0.03517;7.03753;1712
ENV3;S6;D;6;81.34;82;;13.237;35.7289;0.1875;0.1881;0.028817;7.02341;1617.1
ENV3;S6;D;6;82.331;83;;13.2256;35.7283;0.1676;0.1881;0.026675;7.0095;1671.6
ENV3;S6;D;6;83.323;84;;13.2174;35.728;0.1746;0.1856;0.023818;6.99884;1714.1
ENV3;S6;D;6;84.315;85;;13.2137;35.7276;0.1625;0.1881;0.018954;6.98885;1705.3
ENV3;S6;D;6;85.307;86;;13.1961;35.7268;0.1335;0.1847;0.016281;7.0013;1707.2
ENV3;S6;D;6;86.298;87;;13.184;35.7267;0.1157;0.179;0.0098845;7.01127;1708.1
ENV3;S6;D;6;87.29;88;;13.1782;35.7262;0.1233;0.1794;0.0043158;7.00011;1708.6
ENV3;S6;D;6;88.282;89;;13.165;35.7251;0.1076;0.1871;0.0020729;6.98058;1707.9
ENV3;S6;D;6;89.273;90;;13.1474;35.7245;0.1009;0.184;-0.000003446;6.99367;1520.9
ENV3;S6;D;6;90.265;91;;13.1303;35.7238;0.0935;0.1808;1.00E-12;7.00008;1471.9
ENV3;S6;D;6;91.257;92;;13.1186;35.7235;0.0772;0.1775;1.00E-12;7.01699;1653.4
ENV3;S6;D;6;92.249;93;;13.1115;35.7233;0.0763;0.1796;1.00E-12;7.01755;1674.6
ENV3;S6;D;6;93.24;94;;13.1053;35.7226;0.0709;0.1775;1.00E-12;7.01638;1706.8
ENV3;S6;D;6;94.232;95;;13.0933;35.722;0.0641;0.1814;1.00E-12;7.00441;1700.3
ENV3;S6;D;6;95.224;96;;13.0849;35.7215;0.0431;0.168;1.00E-12;6.99785;1702.9
ENV3;S6;D;6;96.215;97;;13.0651;35.7205;0.0358;0.1687;1.00E-12;6.98568;1708.5
ENV3;S6;D;6;97.207;98;;13.0527;35.72;0.0284;0.1676;1.00E-12;6.97584;1707.8
ENV3;S6;D;6;98.199;99;;13.0349;35.7187;0.0119;0.1743;1.00E-12;6.98212;1639
ENV3;S6;D;6;99.19;100;;13.0191;35.7187;0.0172;0.1733;1.00E-12;6.97369;1677.6
ENV3;S6;D;6;100.182;101;;13.0045;35.7183;0.0092;0.1676;1.00E-12;6.96855;1707.5
ENV3;S6;D;6;101.174;102;;12.9879;35.717;0.0115;0.1581;1.00E-12;6.9466;1711
ENV3;S6;D;6;102.165;103;;12.9787;35.7171;0.0131;0.1724;1.00E-12;6.93168;1660.7
ENV3;S6;D;6;103.157;104;;12.9718;35.7162;0.0048;0.1682;1.00E-12;6.93781;1441.2
ENV3;S6;D;6;104.149;105;;12.9612;35.7166;0.0028;0.1686;1.00E-12;6.94596;1645.2
ENV3;S6;D;6;105.14;106;;12.9561;35.7158;-0.0205;0.1759;1.00E-12;6.93681;1707.5
ENV3;S6;D;6;106.132;107;;12.9395;35.7144;-0.0105;0.1645;1.00E-12;6.93944;1711.6
ENV3;S6;D;6;107.123;108;;12.9077;35.7137;-0.0258;0.1684;1.00E-12;6.92883;1710.1
ENV3;S6;D;6;108.115;109;;12.897;35.7136;-0.0138;0.1655;1.00E-12;6.89352;1711.8
ENV3;S6;D;6;109.107;110;;12.8921;35.7134;-0.0207;0.1616;1.00E-12;6.86853;1704.8
ENV3;S6;D;6;110.098;111;;12.8872;35.7129;-0.0262;0.1653;1.00E-12;6.86515;1700.6
ENV3;S6;D;6;111.09;112;;12.8825;35.7127;-0.0302;0.1689;1.00E-12;6.88213;1564.8
ENV3;S6;D;6;112.082;113;;12.8759;35.7121;-0.029;0.1671;1.00E-12;6.87272;1701.2
ENV3;S6;D;6;113.073;114;;12.8455;35.7098;-0.0241;0.1736;1.00E-12;6.88026;1713.6
ENV3;S6;D;6;114.065;115;;12.8272;35.7096;-0.0242;0.1688;1.00E-12;6.84202;1592.2
ENV3;S6;D;6;115.056;116;;12.8272;35.7094;0.0577;0.1794;1.00E-12;6.83133;1607.1
ENV3;S6;D;6;116.048;117;;12.8266;35.7092;-0.0213;0.1693;1.00E-12;6.82251;1522
ENV3;S6;D;6;117.039;118;;12.8177;35.7083;-0.0429;0.1669;1.00E-12;6.80401;1611.7
ENV3;S6;D;6;118.031;119;;12.8063;35.7072;-0.0478;0.1774;1.00E-12;6.79451;1704.6
ENV3;S6;D;6;119.023;120;;12.7964;35.7074;-0.0314;0.1694;1.00E-12;6.7909;1702.2
ENV3;S6;D;6;120.014;121;;12.7914;35.7065;-0.0441;0.1756;1.00E-12;6.79367;1588.9
ENV3;S6;D;6;121.006;122;;12.7832;35.706;-0.0434;0.166;1.00E-12;6.77615;1603.6
ENV3;S6;D;6;121.997;123;;12.7772;35.7058;-0.0442;0.1682;1.00E-12;6.76885;1690
ENV3;S6;D;6;122.989;124;;12.7735;35.7056;-0.0372;0.1703;1.00E-12;6.78047;1707.5
ENV3;S6;D;6;123.98;125;;12.7742;35.7056;-0.0493;0.1657;1.00E-12;6.76562;1589.6
ENV3;S6;D;6;124.972;126;;12.7692;35.7048;-0.0369;0.1638;1.00E-12;6.7516;1481.2
ENV3;S6;D;6;125.963;127;;12.7595;35.7043;-0.0422;0.1725;1.00E-12;6.74822;1643.6
ENV3;S6;D;6;126.955;128;;12.7447;35.7032;-0.0446;0.1682;1.00E-12;6.74506;1707.8
ENV3;S6;D;6;127.947;129;;12.7351;35.7026;-0.0427;0.1815;1.00E-12;6.73994;1506
ENV3;S6;D;6;128.938;130;;12.7196;35.7002;-0.0437;0.1759;1.00E-12;6.73921;1632.8
ENV3;S6;D;6;129.93;131;;12.6831;35.6988;-0.044;0.1765;1.00E-12;6.72799;1566.6
ENV3;S6;D;6;130.921;132;;12.6725;35.6984;-0.0429;0.1769;1.00E-12;6.68368;1709.4
ENV3;S6;D;6;131.913;133;;12.643;35.6964;-0.0442;0.1799;1.00E-12;6.66116;1650.5
ENV3;S6;D;6;132.904;134;;12.6073;35.696;-0.0439;0.1834;1.00E-12;6.62982;1674.7
ENV3;S6;D;6;133.896;135;;12.5933;35.6961;-0.0451;0.184;1.00E-12;6.59599;1706.7
ENV3;S6;D;6;134.887;136;;12.5859;35.6958;-0.0429;0.1825;1.00E-12;6.59288;1687.9
ENV3;S6;D;6;135.879;137;;12.576;35.6955;-0.0423;0.1828;1.00E-12;6.5882;1680.8
ENV3;S6;D;6;136.87;138;;12.565;35.6948;-0.0431;0.1797;1.00E-12;6.59097;1701.1
ENV3;S6;D;6;137.862;139;;12.5574;35.6945;-0.0434;0.1916;1.00E-12;6.59856;1709.6
ENV3;S6;D;6;138.853;140;;12.5392;35.6937;-0.0553;0.1862;1.00E-12;6.58497;1707.8
ENV3;S6;D;6;139.845;141;;12.5228;35.6933;-0.0482;0.185;1.00E-12;6.57582;1707.2
ENV3;S6;D;6;140.836;142;;12.5107;35.6928;-0.0444;0.1795;1.00E-12;6.57454;1651
ENV3;S6;D;6;141.827;143;;12.4894;35.6921;-0.0424;0.1837;1.00E-12;6.56002;1557.2
ENV3;S6;D;6;142.819;144;;12.4785;35.6921;-0.0426;0.1899;1.00E-12;6.56044;1661.6
ENV3;S6;D;6;143.81;145;;12.4661;35.6914;-0.0428;0.1839;1.00E-12;6.57205;1628.7
ENV3;S6;D;6;144.802;146;;12.4568;35.6907;-0.0456;0.1838;1.00E-12;6.57135;1708.5
ENV3;S6;D;6;145.793;147;;12.4499;35.6907;-0.0444;0.1831;1.00E-12;6.54831;1688.6
ENV3;S6;D;6;146.785;148;;12.4477;35.6903;-0.0507;0.1868;1.00E-12;6.57227;1709.5
ENV3;S6;D;6;147.776;149;;12.4434;35.69;-0.0521;0.1854;1.00E-12;6.58423;1708
ENV3;S6;D;6;148.767;150;;12.4384;35.6897;-0.0454;0.1817;1.00E-12;6.55943;1458.5
ENV3;S6;D;6;149.759;151;;12.433;35.6895;-0.0562;0.1918;1.00E-12;6.56085;1650.8
ENV3;S6;D;6;150.75;152;;12.4273;35.6891;-0.0565;0.1869;1.00E-12;6.58487;1560.8
ENV3;S6;D;6;151.742;153;;12.4233;35.6891;-0.0524;0.1803;1.00E-12;6.57312;1710.2
ENV3;S6;D;6;152.733;154;;12.4187;35.6888;-0.0555;0.1795;1.00E-12;6.56582;1600.5
ENV3;S6;D;6;153.725;155;;12.4132;35.6884;-0.058;0.1788;1.00E-12;6.58569;1624.4
ENV3;S6;D;6;154.716;156;;12.4085;35.6881;-0.0449;0.1858;1.00E-12;6.59001;1692.2
ENV3;S6;D;6;155.707;157;;12.4061;35.6879;-0.0455;0.1798;1.00E-12;6.58091;1712.1
ENV3;S6;D;6;156.699;158;;12.4037;35.6878;-0.0438;0.1784;1.00E-12;6.57516;1591.9
ENV3;S6;D;6;157.69;159;;12.4025;35.6877;-0.0555;0.1937;1.00E-12;6.56758;1602
ENV3;S6;D;6;158.682;160;;12.3966;35.6871;-0.0434;0.2102;1.00E-12;6.57524;1509.4
ENV3;S6;D;6;159.673;161;;12.3884;35.6868;-0.0443;0.1803;1.00E-12;6.58914;1634.9
ENV3;S6;D;6;160.664;162;;12.3827;35.6866;-0.0514;0.1805;1.00E-12;6.583;1711.3
ENV3;S6;D;6;161.656;163;;12.3787;35.6863;-0.047;0.1916;1.00E-12;6.57338;1517.6
ENV3;S6;D;6;162.647;164;;12.375;35.6863;-0.0668;0.1902;1.00E-12;6.57206;1573.6
ENV3;S6;D;6;163.638;165;;12.3721;35.6861;-0.06;0.1919;1.00E-12;6.58946;1497.4
ENV3;S6;D;6;164.63;166;;12.3691;35.6858;-0.0504;0.1871;1.00E-12;6.58603;1699.9
ENV3;S6;D;6;165.621;167;;12.3642;35.6856;-0.0551;0.1848;1.00E-12;6.57228;1597.7
ENV3;S6;D;6;166.612;168;;12.3611;35.6853;-0.0492;0.1889;1.00E-12;6.5715;1576.9
ENV3;S6;D;6;167.604;169;;12.3538;35.6846;-0.0601;0.195;1.00E-12;6.57496;1672.3
ENV3;S6;D;6;168.595;170;;12.3456;35.6841;-0.0461;0.1888;1.00E-12;6.57412;1711.1
ENV3;S6;D;6;169.586;171;;12.339;35.6832;-0.057;0.1853;1.00E-12;6.58752;1652.1
ENV3;S6;D;6;170.578;172;;12.3284;35.6825;-0.0517;0.1845;1.00E-12;6.58456;1581.2
ENV3;S6;D;6;171.569;173;;12.3166;35.6816;-0.0459;0.1809;1.00E-12;6.57927;1661.7
ENV3;S6;D;6;172.56;174;;12.3101;35.6814;-0.0505;0.1858;1.00E-12;6.57969;1709.9
ENV3;S6;D;6;173.552;175;;12.3082;35.6812;-0.0514;0.1854;1.00E-12;6.58572;1664.9
ENV3;S6;D;6;174.543;176;;12.3064;35.6807;-0.0523;0.1796;1.00E-12;6.59649;1543.9
ENV3;S6;D;6;175.534;177;;12.3015;35.6805;-0.0622;0.1848;1.00E-12;6.56245;1473.9
ENV3;S6;D;6;176.525;178;;12.2935;35.6796;-0.0642;0.1882;1.00E-12;6.5543;1497.9
ENV3;S6;D;6;177.517;179;;12.2894;35.6796;-0.0597;0.1813;1.00E-12;6.56919;1594.4
ENV3;S6;D;6;178.508;180;;12.2796;35.6782;-0.0553;0.1862;1.00E-12;6.56981;1558.5
ENV3;S6;D;6;179.499;181;;12.2689;35.6781;-0.0678;0.1866;1.00E-12;6.56874;1687.5
ENV3;S6;D;6;180.491;182;;12.2657;35.6779;-0.0568;0.1913;1.00E-12;6.57922;1644.2
ENV3;S6;D;6;181.482;183;;12.2616;35.6773;-0.059;0.1803;1.00E-12;6.57588;1701.9
ENV3;S6;D;6;182.473;184;;12.2343;35.6746;-0.0672;0.1916;1.00E-12;6.57671;1699.3
ENV3;S6;D;6;183.465;185;;12.2206;35.6742;-0.0526;0.1882;1.00E-12;6.56858;1699.3
ENV3;S6;D;6;184.456;186;;12.2155;35.674;-0.0481;0.1793;1.00E-12;6.56716;1685
ENV3;S6;D;6;185.447;187;;12.2148;35.6737;-0.0573;0.1794;1.00E-12;6.57192;1463.4
ENV3;S6;D;6;186.438;188;;12.2091;35.6731;-0.0699;0.1794;1.00E-12;6.57909;1548.2
ENV3;S6;D;6;187.429;189;;12.2057;35.673;-0.0485;0.1783;1.00E-12;6.56615;1720.9
ENV3;S6;D;6;188.42;190;;12.2068;35.6727;-0.0558;0.1849;1.00E-12;6.5766;1617
ENV3;S6;D;6;189.412;191;;12.2019;35.6719;-0.0567;0.1774;1.00E-12;6.57574;1687.5
ENV3;S6;D;6;190.403;192;;12.1984;35.6718;-0.0465;0.1788;1.00E-12;6.57192;1550.3
ENV3;S6;D;6;191.395;193;;12.1897;35.6716;-0.0441;0.1857;1.00E-12;6.56965;1639.4
ENV3;S6;D;6;192.386;194;;12.1879;35.6709;-0.0488;0.1888;1.00E-12;6.58664;1703
ENV3;S6;D;6;193.377;195;;12.1838;35.6707;-0.0561;0.1808;1.00E-12;6.57665;1700.6
ENV3;S6;D;6;194.368;196;;12.1817;35.6705;-0.0592;0.1788;1.00E-12;6.57376;1502.6
ENV3;S6;D;6;195.359;197;;12.1821;35.6705;-0.0662;0.1789;1.00E-12;6.57066;1529.2
ENV3;S6;D;6;196.35;198;;12.1808;35.6702;-0.0588;0.1794;1.00E-12;6.57525;1628.9
ENV3;S6;D;6;197.342;199;;12.1785;35.67;-0.0527;0.1774;1.00E-12;6.57549;1703.3
ENV3;S6;D;6;198.333;200;;12.1761;35.6697;-0.0579;0.1848;1.00E-12;6.55873;1627.6
ENV3;S6;D;6;199.324;201;;12.1731;35.6694;-0.067;0.1852;1.00E-12;6.57342;1621.4
ENV3;S6;D;6;200.315;202;;12.169;35.669;-0.0534;0.1852;1.00E-12;6.58284;1606.3
ENV3;S6;D;6;201.306;203;;12.1665;35.6688;-0.0626;0.1745;1.00E-12;6.5819;1608.4
ENV3;S6;D;6;202.298;204;;12.1625;35.6684;-0.0516;0.1911;1.00E-12;6.5574;1454.4
ENV3;S6;D;6;203.289;205;;12.1561;35.6676;-0.0586;0.1823;1.00E-12;6.55899;1491
ENV3;S6;D;6;204.28;206;;12.1453;35.6665;-0.0621;0.1831;1.00E-12;6.56919;1558
ENV3;S6;D;6;205.271;207;;12.1385;35.6663;-0.0469;0.1799;1.00E-12;6.58748;1602.2
ENV3;S6;D;6;206.262;208;;12.1318;35.6651;-0.0537;0.1861;1.00E-12;6.57579;1592
ENV3;S6;D;6;207.253;209;;12.1194;35.6653;-0.0573;0.1679;1.00E-12;6.58527;1556.2
ENV3;S6;D;6;208.244;210;;12.1157;35.6653;-0.0685;0.1902;1.00E-12;6.58818;1626.1
ENV3;S6;D;6;209.236;211;;12.107;35.6644;-0.0559;0.1813;1.00E-12;6.58791;1675.2
ENV3;S6;D;6;210.227;212;;12.0938;35.6636;-0.0561;0.1746;1.00E-12;6.56807;1603.4
ENV3;S6;D;6;211.218;213;;12.0897;35.6634;-0.044;0.1832;1.00E-12;6.57211;1532.7
ENV3;S6;D;6;212.209;214;;12.0868;35.6631;-0.0455;0.1958;1.00E-12;6.57837;1537.6
ENV3;S6;D;6;213.2;215;;12.0826;35.6629;-0.0586;0.1834;1.00E-12;6.57088;1615.2
ENV3;S6;D;6;214.191;216;;12.0779;35.6626;-0.0656;0.1805;1.00E-12;6.56725;1682.9
ENV3;S6;D;6;215.182;217;;12.0738;35.6623;-0.0783;0.1882;1.00E-12;6.57234;1692.6
ENV3;S6;D;6;216.173;218;;12.0734;35.6623;-0.0672;0.1927;1.00E-12;6.56328;1701.8
ENV3;S6;D;6;217.164;219;;12.0734;35.6623;-0.0455;0.1871;1.00E-12;6.5592;1699.9
ENV3;S6;D;6;218.156;220;;12.0722;35.6621;-0.0611;0.1777;1.00E-12;6.5735;1638.3
ENV3;S6;D;6;219.147;221;;12.067;35.6617;-0.0578;0.1757;1.00E-12;6.56877;1705.9
ENV3;S6;D;6;220.137;222;;12.0624;35.6613;-0.063;0.1798;1.00E-12;6.56861;1538.5
ENV3;S6;D;6;221.129;223;;12.0597;35.6611;-0.0476;0.173;1.00E-12;6.57594;1637
ENV3;S6;D;6;222.12;224;;12.0582;35.661;-0.0514;0.168;1.00E-12;6.55632;1701.4
ENV3;S6;D;6;223.111;225;;12.0541;35.6606;-0.0555;0.1728;1.00E-12;6.54702;1699.9
ENV3;S6;D;6;224.102;226;;12.0413;35.6601;-0.0535;0.1782;1.00E-12;6.55735;1579.6
ENV3;S6;D;6;225.093;227;;12.031;35.66;-0.0476;0.1774;1.00E-12;6.53798;1531.1
ENV3;S6;D;6;226.084;228;;12.0216;35.66;-0.0542;0.1784;1.00E-12;6.53754;1546.8
ENV3;S6;D;6;227.075;229;;12.0153;35.6603;-0.0559;0.1831;1.00E-12;6.56006;1547.5
ENV3;S6;D;6;228.066;230;;12.0134;35.6604;-0.0672;0.177;1.00E-12;6.54594;1571.6
ENV3;S6;D;6;229.057;231;;12.0119;35.6601;-0.0483;0.1805;1.00E-12;6.52931;1531.5
ENV3;S6;D;6;230.048;232;;12.0062;35.6599;-0.0482;0.174;1.00E-12;6.5212;1566
ENV3;S6;D;6;231.039;233;;12.0003;35.6596;-0.0558;0.1843;1.00E-12;6.51985;1547.3
ENV3;S6;D;6;232.03;234;;11.9934;35.6594;-0.0459;0.1878;1.00E-12;6.51209;1579.4
ENV3;S6;D;6;233.021;235;;11.9889;35.6591;-0.0608;0.1775;1.00E-12;6.51263;1678.3
ENV3;S6;D;6;234.012;236;;11.9804;35.6587;-0.0667;0.1865;1.00E-12;6.51209;1536.5
ENV3;S6;D;6;235.003;237;;11.9725;35.6582;-0.0574;0.1787;1.00E-12;6.51158;1695.3
ENV3;S6;D;6;235.994;238;;11.9696;35.6576;-0.0578;0.186;1.00E-12;6.53166;1704.7
ENV3;S6;D;6;236.985;239;;11.9657;35.657;-0.0673;0.1915;1.00E-12;6.51525;1629.2
ENV3;S6;D;6;237.976;240;;11.9626;35.6567;-0.0629;0.1846;1.00E-12;6.52091;1711.1
ENV3;S6;D;6;238.967;241;;11.9609;35.6564;-0.0653;0.1786;1.00E-12;6.53372;1606.1
ENV3;S6;D;6;239.958;242;;11.9589;35.656;-0.0503;0.1791;1.00E-12;6.53055;1640.8
ENV3;S6;D;6;240.949;243;;11.9571;35.6556;-0.0667;0.1756;1.00E-12;6.52908;1706.3
ENV3;S6;D;6;241.94;244;;11.9487;35.6545;-0.058;0.1799;1.00E-12;6.54179;1710.6
ENV3;S6;D;6;242.931;245;;11.9395;35.6533;-0.0642;0.1749;1.00E-12;6.5369;1659.8
ENV3;S6;D;6;243.922;246;;11.9288;35.652;-0.0706;0.1861;1.00E-12;6.52635;1715.8
ENV3;S6;D;6;244.913;247;;11.9183;35.65;-0.0744;0.1828;1.00E-12;6.53894;1612.3
ENV3;S6;D;6;245.904;248;;11.9043;35.6481;-0.0729;0.1798;1.00E-12;6.54056;1684.4
ENV3;S6;D;6;246.895;249;;11.9003;35.6483;-0.0696;0.1794;1.00E-12;6.54006;1523.9
ENV3;S6;D;6;247.886;250;;11.898;35.6483;-0.0611;0.176;1.00E-12;6.55759;1675.2
ENV3;S6;D;6;248.877;251;;11.8945;35.648;-0.0586;0.1771;1.00E-12;6.56276;1540.7
ENV3;S6;D;6;249.868;252;;11.8902;35.6476;-0.0568;0.1787;1.00E-12;6.55135;1544
ENV3;S6;D;6;250.859;253;;11.8859;35.6468;-0.0626;0.1715;1.00E-12;6.55642;1587.3
ENV3;S6;D;6;251.85;254;;11.8769;35.6465;-0.0551;0.1677;1.00E-12;6.56426;1584.8
ENV3;S6;D;7;2.976;3;;15.423;35.7495;1.8844;0.5377;1203.2;6.65218;1778.1
ENV3;S6;D;7;3.969;4;;15.4939;35.5834;0.9928;0.5483;788.39;8.36943;1779.7
ENV3;S6;D;7;4.961;5;;15.4949;35.6291;1.5646;0.624;688.26;8.26412;1785.8
ENV3;S6;D;7;5.953;6;;15.4343;35.6281;1.693;0.6197;565.33;8.24086;1784.3
ENV3;S6;D;7;6.945;7;;15.3798;35.6301;1.8488;0.5801;448.77;8.2316;1785.5
ENV3;S6;D;7;7.937;8;;15.3157;35.6276;2.3311;0.5609;376.41;8.22295;1786.5
ENV3;S6;D;7;8.929;9;;15.2758;35.6305;2.8489;0.5828;312.42;8.18475;1790.2
ENV3;S6;D;7;9.921;10;;15.2467;35.6296;3.2285;0.5909;247.63;8.1629;1791.4
ENV3;S6;D;7;10.913;11;;15.2229;35.6297;3.363;0.5858;212.3;8.10149;1789.4
ENV3;S6;D;7;11.905;12;;15.1848;35.6284;3.8514;0.6503;171.84;8.08551;1791.8
ENV3;S6;D;7;12.897;13;;15.1399;35.6311;3.4751;0.5683;143.18;8.13437;1796.2
ENV3;S6;D;7;13.89;14;;15.1262;35.6289;3.4706;0.5784;120.12;8.20498;1792.2
ENV3;S6;D;7;14.882;15;;15.0636;35.6295;3.8202;0.581;92.925;8.21062;1791
ENV3;S6;D;7;15.874;16;;15.0193;35.6314;4.0131;0.5792;81.778;8.22695;1791.9
ENV3;S6;D;7;16.866;17;;14.9756;35.6316;4.2363;0.5642;69.873;8.22407;1793.7
ENV3;S6;D;7;17.858;18;;14.9421;35.6307;4.5709;0.5615;56.26;8.19425;1790.8
ENV3;S6;D;7;18.85;19;;14.9217;35.6311;4.3548;0.5612;46.986;8.14458;1789.4
ENV3;S6;D;7;19.842;20;;14.9087;35.6332;4.4966;0.5767;39.968;8.0769;1793.6
ENV3;S6;D;7;20.834;21;;14.9066;35.6332;3.9726;0.563;33.682;7.90062;1795.1
ENV3;S6;D;7;21.826;22;;14.9069;35.6331;3.9489;0.5532;29.039;7.8756;1793.5
ENV3;S6;D;7;22.818;23;;14.907;35.6332;3.5488;0.5477;24.832;7.85612;1794.7
ENV3;S6;D;7;23.81;24;;14.897;35.6334;3.3359;0.534;21.563;7.86395;1795.2
ENV3;S6;D;7;24.802;25;;14.8781;35.6342;3.1969;0.5015;18.678;7.82331;1793
ENV3;S6;D;7;25.794;26;;14.8727;35.6345;3.1897;0.5072;15.994;7.80408;1791.5
ENV3;S6;D;7;26.786;27;;14.8709;35.6345;3.126;0.5212;14.302;7.80762;1791.4
ENV3;S6;D;7;27.778;28;;14.8485;35.6349;2.9145;0.5158;12.621;7.7915;1791.9
ENV3;S6;D;7;28.77;29;;14.8101;35.6368;2.5512;0.466;10.865;7.73677;1792.3
ENV3;S6;D;7;29.762;30;;14.718;35.6409;2.1974;0.4393;9.66;7.67191;1788.4
ENV3;S6;D;7;30.754;31;;14.626;35.6473;1.9375;0.4193;8.7829;7.54848;1788.8
ENV3;S6;D;7;31.746;32;;14.5511;35.6501;1.5312;0.3836;7.8192;7.45512;1787.8
ENV3;S6;D;7;32.738;33;;14.4605;35.6554;1.3795;0.3713;6.9207;7.44711;1782.7
ENV3;S6;D;7;33.73;34;;14.3236;35.6596;1.3071;0.3659;6.2995;7.38164;1778.3
ENV3;S6;D;7;34.722;35;;14.1628;35.6683;1.0643;0.3398;5.8506;7.31325;1772.5
ENV3;S6;D;7;35.714;36;;14.0759;35.6768;0.9204;0.3206;5.3674;7.26947;1772.4
ENV3;S6;D;7;36.706;37;;14.0363;35.6791;0.8435;0.3059;4.9312;7.23726;1773.7
ENV3;S6;D;7;37.698;38;;14.014;35.679;0.8231;0.3027;4.5544;7.21523;1770.8
ENV3;S6;D;7;38.69;39;;13.9117;35.6814;0.9808;0.3185;4.2174;7.21596;1768.1
ENV3;S6;D;7;39.682;40;;13.8726;35.6893;0.777;0.3038;3.9917;7.18484;1765.9
ENV3;S6;D;7;40.674;41;;13.8656;35.6877;0.714;0.2811;3.7006;7.17396;1767.2
ENV3;S6;D;7;41.666;42;;13.8454;35.6891;0.7499;0.2755;3.3751;7.18152;1767.6
ENV3;S6;D;7;42.658;43;;13.8315;35.6891;0.7403;0.2889;3.1668;7.1748;1765.8
ENV3;S6;D;7;43.65;44;;13.8201;35.6903;0.7951;0.2855;2.9653;7.15175;1763.6
ENV3;S6;D;7;44.642;45;;13.8184;35.6896;0.7724;0.2938;2.7683;7.15817;1764.1
ENV3;S6;D;7;45.633;46;;13.8003;35.6912;0.7021;0.2683;2.5553;7.16135;1764.9
ENV3;S6;D;7;46.625;47;;13.7986;35.6905;0.7136;0.2691;2.3436;7.17207;1758.8
ENV3;S6;D;7;47.617;48;;13.7892;35.6908;0.7703;0.2762;2.1984;7.15584;1758
ENV3;S6;D;7;48.609;49;;13.769;35.6922;0.7536;0.2761;2.0788;7.14312;1758.7
ENV3;S6;D;7;49.601;50;;13.7356;35.694;0.7815;0.2759;1.9448;7.15864;1757.6
ENV3;S6;D;7;50.593;51;;13.6808;35.6969;0.768;0.2672;1.7786;7.14275;1757.4
ENV3;S6;D;7;51.585;52;;13.5794;35.7015;0.68;0.262;1.6304;7.12865;1754.6
ENV3;S6;D;7;52.577;53;;13.4973;35.7125;0.6545;0.262;1.52;7.13181;1751.7
ENV3;S6;D;7;53.569;54;;13.4902;35.7132;0.6308;0.2507;1.4252;7.12132;1751.5
ENV3;S6;D;7;54.561;55;;13.4851;35.7134;0.6176;0.2318;1.3419;7.13859;1754
ENV3;S6;D;7;55.552;56;;13.4799;35.7132;0.7519;0.2585;1.2749;7.14615;1758
ENV3;S6;D;7;56.544;57;;13.4744;35.7136;0.909;0.2647;1.1921;7.1162;1759.6
ENV3;S6;D;7;57.536;58;;13.4375;35.7154;0.6195;0.2307;1.1078;7.12757;1758.7
ENV3;S6;D;7;58.528;59;;13.3983;35.7209;0.5131;0.2262;1.0307;7.133;1755.8
ENV3;S6;D;7;59.52;60;;13.3829;35.7202;0.4934;0.2135;0.96596;7.12457;1753.6
ENV3;S6;D;7;60.512;61;;13.356;35.7216;0.479;0.213;0.91345;7.12783;1753.7
ENV3;S6;D;7;61.504;62;;13.3407;35.7217;0.4633;0.2101;0.86414;7.14523;1752.6
ENV3;S6;D;7;62.495;63;;13.3305;35.7214;0.4378;0.2063;0.81733;7.13418;1751.6
ENV3;S6;D;7;63.487;64;;13.3241;35.7213;0.4149;0.2069;0.77386;7.13731;1751.8
ENV3;S6;D;7;64.479;65;;13.3192;35.7211;0.3973;0.2115;0.72039;7.14652;1753.2
ENV3;S6;D;7;65.471;66;;13.3163;35.7209;0.3285;0.1989;0.66404;7.13429;1750.6
ENV3;S6;D;7;66.463;67;;13.3134;35.7206;0.3421;0.1969;0.62204;7.14403;1744.6
ENV3;S6;D;7;67.455;68;;13.3079;35.7205;0.3876;0.2019;0.58897;7.13933;1741.7
ENV3;S6;D;7;68.446;69;;13.2991;35.7197;0.3724;0.207;0.55479;7.13994;1742.7
ENV3;S6;D;7;69.438;70;;13.2837;35.7191;0.3293;0.2004;0.52895;7.13739;1747.5
ENV3;S6;D;7;70.43;71;;13.2487;35.716;0.3158;0.1866;0.50649;7.14567;1751.2
ENV3;S6;D;7;71.422;72;;13.1918;35.7146;0.2025;0.1788;0.477;7.14755;1747.2
ENV3;S6;D;7;72.414;73;;13.1769;35.7156;0.1986;0.1815;0.44482;7.13193;1745.6
ENV3;S6;D;7;73.405;74;;13.1567;35.7133;0.1819;0.1946;0.41687;7.15234;1748.1
ENV3;S6;D;7;74.397;75;;13.1293;35.7107;0.163;0.1917;0.39312;7.16575;1750.3
ENV3;S6;D;7;75.389;76;;13.1291;35.7106;0.181;0.1712;0.37231;7.16922;1748.2
ENV3;S6;D;7;76.381;77;;13.1283;35.7103;0.1539;0.1732;0.35633;7.15169;1743.9
ENV3;S6;D;7;77.373;78;;13.1253;35.7096;0.1397;0.1879;0.33979;7.15948;1742
ENV3;S6;D;7;78.364;79;;13.1234;35.7095;0.1371;0.194;0.32255;7.16388;1741.4
ENV3;S6;D;7;79.356;80;;13.123;35.7092;0.1346;0.1757;0.30263;7.154;1741.8
ENV3;S6;D;7;80.348;81;;13.1212;35.7086;0.1355;0.1658;0.28321;7.15724;1745.1
ENV3;S6;D;7;81.34;82;;13.1201;35.7084;0.1402;0.1684;0.26399;7.14978;1742.1
ENV3;S6;D;7;82.331;83;;13.1199;35.7086;0.1396;0.1753;0.24676;7.14901;1737.1
ENV3;S6;D;7;83.323;84;;13.1156;35.707;0.139;0.1691;0.23293;7.15642;1736.6
ENV3;S6;D;7;84.315;85;;13.079;35.7025;0.1381;0.1758;0.22422;7.16347;1741.4
ENV3;S6;D;7;85.307;86;;13.0753;35.7022;0.119;0.1802;0.21269;7.15179;1747.4
ENV3;S6;D;7;86.298;87;;13.0552;35.7009;0.1079;0.1747;0.20201;7.15741;1748.8
ENV3;S6;D;7;87.29;88;;13.0534;35.7002;0.0893;0.1723;0.1894;7.15459;1746
ENV3;S6;D;7;88.282;89;;13.0493;35.6992;0.0896;0.1623;0.17731;7.14112;1745.6
ENV3;S6;D;7;89.274;90;;13.0405;35.6972;0.0963;0.162;0.16563;7.14899;1746.1
ENV3;S6;D;7;90.265;91;;13.0195;35.6945;0.0874;0.1661;0.15261;7.1603;1748.3
ENV3;S6;D;7;91.257;92;;13.0015;35.6921;0.0914;0.168;0.14338;7.15134;1752.4
ENV3;S6;D;7;92.249;93;;13.0029;35.6926;0.0822;0.1758;0.13491;7.14698;1757.5
ENV3;S6;D;7;93.24;94;;12.9937;35.689;0.0843;0.1722;0.12665;7.17109;1759.6
ENV3;S6;D;7;94.232;95;;12.9463;35.6826;0.0758;0.1654;0.12127;7.1732;1761.9
ENV3;S6;D;7;95.224;96;;12.9304;35.6815;0.0672;0.1775;0.11462;7.14823;1763.9
ENV3;S6;D;7;96.215;97;;12.917;35.6788;0.0822;0.1614;0.10691;7.15705;1764
ENV3;S6;D;7;97.207;98;;12.8746;35.6737;0.0923;0.1698;0.097609;7.16182;1763.3
ENV3;S6;D;7;98.199;99;;12.8662;35.6737;0.0437;0.1693;0.090702;7.15417;1764.3
ENV3;S6;D;7;99.19;100;;12.8588;35.6729;0.0542;0.1705;0.085319;7.18288;1764
ENV3;S6;D;7;100.182;101;;12.8509;35.6726;0.0338;0.1679;0.079193;7.17379;1760.4
ENV3;S6;D;7;101.174;102;;12.8462;35.671;0.0178;0.17;0.075725;7.16465;1759.5
ENV3;S6;D;7;102.165;103;;12.8311;35.6703;0.0277;0.1731;0.072249;7.16266;1759.9
ENV3;S6;D;7;103.157;104;;12.8312;35.6695;0.029;0.1693;0.06666;7.17246;1763.2
ENV3;S6;D;7;104.149;105;;12.8281;35.6693;0.0297;0.161;0.063061;7.16887;1767.4
ENV3;S6;D;7;105.14;106;;12.8267;35.6689;0.0228;0.1682;0.056996;7.17812;1766.6
ENV3;S6;D;7;106.132;107;;12.8236;35.6684;0.023;0.1601;0.054062;7.16527;1763.7
ENV3;S6;D;7;107.124;108;;12.8117;35.6686;0.0186;0.1715;0.047263;7.15731;1764.8
ENV3;S6;D;7;108.115;109;;12.8015;35.668;0.0175;0.1711;0.044064;7.15782;1768.3
ENV3;S6;D;7;109.107;110;;12.7927;35.667;0.0175;0.1645;0.042265;7.18293;1772.3
ENV3;S6;D;7;110.098;111;;12.7606;35.6648;0.0132;0.1594;0.039009;7.18349;1774.1
ENV3;S6;D;7;111.09;112;;12.7398;35.6636;0.0112;0.1572;0.033641;7.1745;1775.6
ENV3;S6;D;7;112.082;113;;12.7274;35.6652;0.0417;0.1753;0.031133;7.19581;1774.6
ENV3;S6;D;7;113.073;114;;12.7246;35.6673;-0.0086;0.1542;0.028363;7.18189;1770.2
ENV3;S6;D;7;114.065;115;;12.7245;35.6673;-0.0079;0.1672;0.025862;7.15867;1769.4
ENV3;S6;D;7;115.056;116;;12.7248;35.6674;-0.0165;0.164;0.021365;7.17088;1772.6
ENV3;S6;D;7;116.048;117;;12.7267;35.6683;-0.0126;0.1613;0.017817;7.17843;1778.1
ENV3;S6;D;7;117.039;118;;12.7272;35.6684;-0.02;0.1659;0.015153;7.172;1777.6
ENV3;S6;D;7;118.031;119;;12.7244;35.669;-0.0274;0.1583;0.013622;7.16145;1770
ENV3;S6;D;7;119.022;120;;12.7187;35.6696;-0.0233;0.1569;0.011354;7.1717;1767.6
ENV3;S6;D;7;120.014;121;;12.7086;35.6686;-0.0251;0.1565;0.0091058;7.15642;1769.2
ENV3;S6;D;7;121.006;122;;12.7;35.6703;-0.029;0.1584;0.0076581;7.13602;1773.6
ENV3;S6;D;7;121.997;123;;12.7087;35.6772;-0.0321;0.161;0.0026674;7.1177;1774.1
ENV3;S6;D;7;122.989;124;;12.7229;35.6871;-0.0403;0.1606;0.00051081;7.10082;1765.5
ENV3;S6;D;7;123.98;125;;12.7317;35.6875;-0.0425;0.1643;-0.00001213;7.04705;1761.5
ENV3;S6;D;7;124.972;126;;12.7267;35.6869;-0.0314;0.1639;-4.15E-09;7.00378;1762.6
ENV3;S6;D;7;125.964;127;;12.723;35.6863;-0.042;0.1697;1.00E-12;7.00993;1765
ENV3;S6;D;7;126.955;128;;12.7223;35.6863;-0.0439;0.1653;1.00E-12;7.01475;1765.2
ENV3;S6;D;7;127.947;129;;12.714;35.6845;-0.0435;0.1686;1.00E-12;7.00079;1763.7
ENV3;S6;D;7;128.938;130;;12.6961;35.6817;-0.0439;0.1655;1.00E-12;7.01519;1761.6
ENV3;S6;D;7;129.93;131;;12.6964;35.6814;-0.0437;0.1677;1.00E-12;7.02424;1756.9
ENV3;S6;D;7;130.921;132;;12.6867;35.6802;-0.0484;0.1653;1.00E-12;7.03103;1754.2
ENV3;S6;D;7;131.913;133;;12.6781;35.6784;-0.043;0.167;1.00E-12;7.02501;1752.1
ENV3;S6;D;7;132.904;134;;12.6735;35.6778;-0.0396;0.1634;1.00E-12;7.02193;1748.9
ENV3;S6;D;7;133.896;135;;12.6689;35.6772;-0.0359;0.164;1.00E-12;7.03325;1745.3
ENV3;S6;D;7;134.887;136;;12.6656;35.6758;-0.0457;0.1664;1.00E-12;7.04672;1743.6
ENV3;S6;D;7;135.878;137;;12.6464;35.6714;-0.0397;0.1691;1.00E-12;7.0432;1743.6
ENV3;S6;D;7;136.87;138;;12.6233;35.6698;-0.0427;0.1759;1.00E-12;7.05146;1743.6
ENV3;S6;D;7;137.861;139;;12.5908;35.6614;-0.045;0.1497;1.00E-12;7.07294;1743.6
ENV3;S6;D;7;138.853;140;;12.5761;35.6598;-0.0395;0.1655;1.00E-12;7.08021;1743.6
ENV3;S6;D;7;139.844;141;;12.5625;35.6579;-0.0345;0.157;1.00E-12;7.10154;1743.6
ENV3;S6;D;7;140.836;142;;12.5406;35.6522;-0.0433;0.1618;1.00E-12;7.10911;1743.5
ENV3;S6;D;7;141.827;143;;12.519;35.6495;-0.0327;0.1694;1.00E-12;7.12997;1743.9
ENV3;S6;D;7;142.819;144;;12.4926;35.6432;-0.045;0.1597;1.00E-12;7.15576;1747
ENV3;S6;D;7;143.81;145;;12.4598;35.638;-0.0444;0.1653;1.00E-12;7.17784;1748.8
ENV3;S6;D;7;144.802;146;;12.4307;35.6329;-0.0224;0.1687;1.00E-12;7.20572;1746.2
ENV3;S6;D;7;145.793;147;;12.3895;35.6308;-0.039;0.1704;1.00E-12;7.2368;1746.2
ENV3;S6;D;7;146.785;148;;12.3734;35.6293;-0.0445;0.1695;1.00E-12;7.24008;1749.5
ENV3;S6;D;7;147.776;149;;12.3672;35.6293;-0.0428;0.1764;1.00E-12;7.25139;1755.8
ENV3;S6;D;7;148.768;150;;12.3667;35.629;-0.0347;0.1694;1.00E-12;7.25738;1755.2
ENV3;S6;D;7;149.759;151;;12.3667;35.629;-0.0419;0.1699;1.00E-12;7.2359;1749.6
ENV3;S6;D;7;150.75;152;;12.3699;35.63;-0.0423;0.1709;1.00E-12;7.24313;1746.5
ENV3;S6;D;7;151.742;153;;12.3758;35.6318;-0.0457;0.1751;1.00E-12;7.26567;1746.1
ENV3;S6;D;7;152.733;154;;12.3807;35.6331;-0.0431;0.1758;1.00E-12;7.26832;1748.1
ENV3;S6;D;7;153.724;155;;12.3848;35.6342;-0.044;0.166;1.00E-12;7.25139;1750.8
ENV3;S6;D;7;154.716;156;;12.3889;35.6361;-0.0438;0.163;1.00E-12;7.21585;1753.1
ENV3;S6;D;7;155.707;157;;12.4202;35.6445;-0.0422;0.1572;1.00E-12;7.21091;1753.9
ENV3;S6;D;7;156.699;158;;12.4271;35.646;-0.043;0.1566;1.00E-12;7.1934;1756.5
ENV3;S6;D;7;157.69;159;;12.4292;35.6471;-0.0365;0.1624;1.00E-12;7.12636;1758.7
ENV3;S6;D;7;158.681;160;;12.4256;35.647;-0.0432;0.1635;1.00E-12;7.12677;1760.2
ENV3;S6;D;7;159.673;161;;12.4039;35.6422;-0.0402;0.1635;1.00E-12;7.13891;1761.6
ENV3;S6;D;7;160.664;162;;12.3863;35.6399;-0.0338;0.1687;1.00E-12;7.12417;1762.6
ENV3;S6;D;7;161.656;163;;12.3733;35.6365;-0.0512;0.1661;1.00E-12;7.14305;1766
ENV3;S6;D;7;162.647;164;;12.3623;35.6346;-0.0538;0.166;1.00E-12;7.16705;1769.4
ENV3;S6;D;7;163.638;165;;12.351;35.6319;-0.043;0.1618;1.00E-12;7.19716;1769.4
ENV3;S6;D;7;164.63;166;;12.3411;35.6297;-0.0465;0.1654;1.00E-12;7.20542;1767.6
ENV3;S6;D;7;165.621;167;;12.2993;35.6234;-0.0463;0.1642;1.00E-12;7.21668;1767.7
ENV3;S6;D;7;166.612;168;;12.2705;35.6207;-0.0421;0.1584;1.00E-12;7.24462;1767.8
ENV3;S6;D;7;167.604;169;;12.2617;35.6199;-0.0435;0.1632;1.00E-12;7.26141;1765.3
ENV3;S6;D;7;168.595;170;;12.2567;35.6191;-0.0526;0.1684;1.00E-12;7.27983;1762.5
ENV3;S6;D;7;169.586;171;;12.2531;35.6187;-0.0535;0.1763;1.00E-12;7.27693;1761.6
ENV3;S6;D;7;170.578;172;;12.247;35.6183;-0.0437;0.168;1.00E-12;7.27739;1761.6
ENV3;S6;D;7;171.569;173;;12.2426;35.6198;-0.0523;0.1626;1.00E-12;7.27498;1761.6
ENV3;S6;D;7;172.56;174;;12.2427;35.6196;-0.0519;0.1661;1.00E-12;7.25697;1761.5
ENV3;S6;D;7;173.551;175;;12.2434;35.6198;-0.0496;0.1703;1.00E-12;7.25699;1757.4
ENV3;S6;D;7;174.543;176;;12.2474;35.621;-0.0469;0.1673;1.00E-12;7.25711;1752.2
ENV3;S6;D;7;175.534;177;;12.2498;35.622;-0.0483;0.1625;1.00E-12;7.26743;1750.1
ENV3;S6;D;7;176.526;178;;12.2504;35.6222;-0.0231;0.1669;1.00E-12;7.24924;1749.7
ENV3;S6;D;7;177.517;179;;12.2524;35.6245;-0.0445;0.1575;1.00E-12;7.22658;1751.7
ENV3;S6;D;7;178.508;180;;12.2545;35.6271;-0.0434;0.1587;1.00E-12;7.2209;1751.5
ENV3;S6;D;7;179.499;181;;12.2507;35.6278;-0.0427;0.1651;1.00E-12;7.18812;1745.6
ENV3;S6;D;7;180.491;182;;12.2636;35.6378;-0.0469;0.1586;1.00E-12;7.17896;1737.9
ENV3;S6;D;7;181.482;183;;12.2779;35.6433;-0.0459;0.1618;1.00E-12;7.12779;1735.7
ENV3;S6;D;7;182.473;184;;12.2823;35.645;-0.0435;0.1668;1.00E-12;7.04004;1734.4
ENV3;S6;D;7;183.465;185;;12.2844;35.6458;-0.0549;0.1609;1.00E-12;6.99165;1732.3
ENV3;S6;D;7;184.455;186;;12.2856;35.6464;-0.046;0.1615;1.00E-12;6.98609;1731.6
ENV3;S6;D;7;185.447;187;;12.289;35.6493;-0.0065;0.3611;1.00E-12;6.97868;1729.8
ENV3;S6;D;7;186.438;188;;12.296;35.6537;-0.0426;0.6501;1.00E-12;6.98125;1731.7
ENV3;S6;D;7;187.429;189;;12.3042;35.6585;-0.0509;0.1759;1.00E-12;6.94639;1736.4
ENV3;S6;D;7;188.421;190;;12.3165;35.6622;-0.0482;0.1722;1.00E-12;6.88698;1737.1
ENV3;S6;D;7;189.412;191;;12.3309;35.6673;-0.0546;0.1628;1.00E-12;6.83563;1733.1
ENV3;S6;D;7;190.403;192;;12.3463;35.671;-0.0456;0.1784;1.00E-12;6.81371;1731.7
ENV3;S6;D;7;191.394;193;;12.3664;35.6799;-0.0513;0.1765;1.00E-12;6.78033;1730.2
ENV3;S6;D;7;192.385;194;;12.3763;35.6841;-0.0454;0.1787;1.00E-12;6.72993;1731
ENV3;S6;D;7;193.376;195;;12.3737;35.6841;-0.044;0.1928;1.00E-12;6.62804;1731.7
ENV3;S6;D;7;194.368;196;;12.3468;35.6822;-0.0531;0.1974;1.00E-12;6.52203;1731.7
ENV3;S6;D;7;195.359;197;;12.3254;35.6804;-0.046;0.3735;1.00E-12;6.5203;1730.4
ENV3;S6;D;7;196.351;198;;12.3102;35.679;-0.0522;0.1841;1.00E-12;6.54909;1728.2
ENV3;S6;D;7;197.342;199;;12.2999;35.6786;-0.0502;0.1867;1.00E-12;6.56398;1727.6
ENV3;S6;D;7;198.333;200;;12.2875;35.6789;-0.0573;0.1889;1.00E-12;6.57411;1728.6
ENV3;S6;D;7;199.324;201;;12.2775;35.6781;-0.054;0.1958;1.00E-12;6.5681;1729.9
ENV3;S6;D;7;200.315;202;;12.2684;35.6767;-0.0479;0.1944;1.00E-12;6.55775;1727.7
ENV3;S6;D;7;201.306;203;;12.2445;35.6735;-0.0521;0.1834;1.00E-12;6.55013;1725.7
ENV3;S6;D;7;202.297;204;;12.2318;35.6732;-0.0472;0.1831;1.00E-12;6.56511;1725.5
ENV3;S6;D;7;203.289;205;;12.2162;35.6721;-0.0444;0.1878;1.00E-12;6.58369;1722.9
ENV3;S6;D;7;204.28;206;;12.215;35.6747;-0.0571;0.1813;1.00E-12;6.56968;1720.2
ENV3;S6;D;7;205.271;207;;12.2179;35.6759;-0.0525;0.2149;1.00E-12;6.55474;1718.5
ENV3;S6;D;7;206.262;208;;12.2188;35.677;-0.0459;0.2932;1.00E-12;6.53993;1717.7
ENV3;S6;D;7;207.253;209;;12.2197;35.6776;-0.0497;0.1925;1.00E-12;6.52724;1717.7
ENV3;S6;D;7;208.244;210;;12.2196;35.6776;-0.0509;0.1997;1.00E-12;6.50251;1719.5
ENV3;S6;D;7;209.235;211;;12.2186;35.6772;-0.0498;0.2011;1.00E-12;6.50759;1717.7
ENV3;S6;D;7;210.226;212;;12.2126;35.6774;-0.0501;0.1999;1.00E-12;6.50166;1713.1
ENV3;S6;D;7;211.218;213;;12.2025;35.6759;-0.0153;0.2104;1.00E-12;6.50993;1711.4
ENV3;S6;D;7;212.209;214;;12.1986;35.676;-0.0505;0.194;1.00E-12;6.50833;1712.6
ENV3;S6;D;7;213.2;215;;12.1959;35.6756;-0.0659;0.2218;1.00E-12;6.49097;1716.1
ENV3;S6;D;7;214.191;216;;12.1915;35.6758;-0.0527;0.2134;1.00E-12;6.49927;1717.7
ENV3;S6;D;7;215.182;217;;12.1751;35.674;-0.0611;0.1979;1.00E-12;6.49899;1715.8
ENV3;S6;D;7;216.173;218;;12.1575;35.6719;-0.0462;0.2025;1.00E-12;6.49459;1713.6
ENV3;S6;D;7;217.164;219;;12.1505;35.6703;-0.0535;0.2481;1.00E-12;6.49662;1713.7
ENV3;S6;D;7;218.155;220;;12.1401;35.6686;-0.0463;0.3763;1.00E-12;6.50446;1713.8
ENV3;S6;D;7;219.146;221;;12.1351;35.6681;-0.0547;0.1981;1.00E-12;6.51526;1715.6
ENV3;S6;D;7;220.138;222;;12.1347;35.6681;-0.0464;0.1942;1.00E-12;6.53357;1716.8
ENV3;S6;D;7;221.128;223;;12.1318;35.6679;-0.0537;0.1842;1.00E-12;6.55278;1716.7
ENV3;S6;D;7;222.12;224;;12.1345;35.6677;-0.0539;0.1987;1.00E-12;6.54757;1715.3
ENV3;S6;D;7;223.111;225;;12.1168;35.6653;-0.0589;0.1995;1.00E-12;6.54932;1716
ENV3;S6;D;7;224.102;226;;12.1183;35.668;-0.0511;0.1936;1.00E-12;6.54704;1719
ENV3;S6;D;7;225.093;227;;12.0975;35.6637;-0.0538;0.2114;1.00E-12;6.53799;1719.7
ENV3;S6;D;7;226.084;228;;12.0913;35.6653;-0.055;0.1947;1.00E-12;6.5129;1719.7
ENV3;S6;D;7;227.075;229;;12.092;35.6651;-0.0525;0.2089;1.00E-12;6.5263;1719.7
ENV3;S6;D;7;228.066;230;;12.092;35.665;-0.054;0.2223;1.00E-12;6.5454;1720.3
ENV3;S6;D;7;229.057;231;;12.0906;35.6646;-0.0548;0.1994;1.00E-12;6.53092;1722.4
ENV3;S6;D;7;230.048;232;;12.0889;35.6643;-0.0547;0.1839;1.00E-12;6.54387;1723.7
ENV3;S6;D;7;231.039;233;;12.0881;35.664;-0.0624;0.1995;1.00E-12;6.5539;1722.4
ENV3;S6;D;7;232.03;234;;12.0875;35.6638;-0.0494;0.1925;1.00E-12;6.54174;1721.9
ENV3;S6;D;7;233.021;235;;12.081;35.6626;-0.0507;0.2;1.00E-12;6.55055;1723.8
ENV3;S6;D;7;234.012;236;;12.0788;35.6626;-0.0529;0.195;1.00E-12;6.55408;1723.7
ENV3;S6;D;7;235.003;237;;12.0787;35.6625;-0.0614;0.1881;1.00E-12;6.55206;1724.3
ENV3;S6;D;7;235.994;238;;12.0777;35.6623;-0.0617;0.1919;1.00E-12;6.54893;1729.7
ENV3;S6;D;7;236.985;239;;12.077;35.6622;-0.0621;0.1905;1.00E-12;6.55142;1730.4
ENV3;S6;D;7;237.976;240;;12.0716;35.6614;-0.0533;0.1892;1.00E-12;6.55103;1726
ENV3;S6;D;7;238.967;241;;12.0706;35.6614;-0.0561;0.1873;1.00E-12;6.54601;1724.1
ENV3;S6;D;7;239.958;242;;12.0603;35.6597;-0.0553;0.1886;1.00E-12;6.54484;1726.1
ENV3;S6;D;7;240.949;243;;12.0502;35.6595;-0.0563;0.1932;1.00E-12;6.54857;1731.2
ENV3;S6;D;7;241.94;244;;12.0466;35.6592;-0.0483;0.1906;1.00E-12;6.55557;1737.4
ENV3;S6;D;7;242.931;245;;12.0401;35.6581;-0.0676;0.1865;1.00E-12;6.55038;1737.2
ENV3;S6;D;7;243.922;246;;12.0299;35.6572;-0.0696;0.1864;1.00E-12;6.54899;1735.9
ENV3;S6;D;7;244.913;247;;12.0205;35.6563;-0.0668;0.1869;1.00E-12;6.56097;1736
ENV3;S6;D;7;245.904;248;;12.0148;35.6562;-0.0561;0.182;1.00E-12;6.55575;1739.2
ENV3;S6;D;7;246.895;249;;12.0094;35.6554;-0.0472;0.1825;1.00E-12;6.55127;1743.2
ENV3;S6;D;7;247.886;250;;12.0049;35.6554;-0.0613;0.1955;1.00E-12;6.591;1748.2
ENV3;S6;D;7;248.877;251;;12.004;35.6552;-0.0608;0.1851;1.00E-12;6.58009;1748.2
ENV3;S6;D;7;249.868;252;;11.9951;35.6542;-0.0665;0.1806;1.00E-12;6.55582;1743.9
ENV3;S6;D;7;250.859;253;;11.9838;35.654;-0.0682;0.1806;1.00E-12;6.5551;1744
ENV3;S6;D;7;251.85;254;;11.979;35.6536;-0.0583;0.1907;1.00E-12;6.56457;1745.6
ENV3;S6;D;7;252.841;255;;11.9919;35.6544;-0.0629;0.1777;1.00E-12;6.56514;1739
ENV3;S6;D;8;2.977;3;;15.5377;35.6801;1.787;0.466;591.89;6.12534;1294
ENV3;S6;D;8;3.968;4;;15.6399;35.6908;1.2327;0.4961;412.28;7.51577;1280.6
ENV3;S6;D;8;4.961;5;;15.5978;35.6245;1.4281;0.4814;354.13;8.19202;1271.6
ENV3;S6;D;8;5.953;6;;15.5858;35.624;1.4768;0.4703;284.27;8.18244;1271.8
ENV3;S6;D;8;6.945;7;;15.6091;35.6244;1.5725;0.4689;237.37;8.18534;1267.7
ENV3;S6;D;8;7.937;8;;15.5757;35.6227;1.5859;0.4966;204.49;8.23822;1261.8
ENV3;S6;D;8;8.929;9;;15.5585;35.6258;1.6927;0.5328;170.15;8.23596;1263.1
ENV3;S6;D;8;9.921;10;;15.321;35.6232;2.4072;0.5018;144.01;8.23989;1259.9
ENV3;S6;D;8;10.913;11;;15.2242;35.6256;3.2342;0.5459;128.02;8.17586;1260.5
ENV3;S6;D;8;11.905;12;;15.1386;35.6265;3.3778;0.5654;107.86;8.15472;1261.1
ENV3;S6;D;8;12.897;13;;15.0863;35.6272;3.3735;0.5485;88.84;8.14672;1262.6
ENV3;S6;D;8;13.889;14;;15.0388;35.6249;3.2072;0.4956;77.431;8.12813;1256.6
ENV3;S6;D;8;14.882;15;;15.0002;35.6238;3.2097;0.4923;67.982;8.09501;1256.4
ENV3;S6;D;8;15.874;16;;14.9648;35.625;3.2401;0.5264;57.534;8.01016;1260.9
ENV3;S6;D;8;16.866;17;;14.9346;35.625;3.1708;0.4989;47.909;7.92166;1259.2
ENV3;S6;D;8;17.858;18;;14.9081;35.6265;3.2564;0.487;40.019;7.87668;1261.4
ENV3;S6;D;8;18.85;19;;14.872;35.6264;3.3382;0.4758;35.455;7.82519;1260.3
ENV3;S6;D;8;19.842;20;;14.7311;35.633;3.3507;0.4743;30.945;7.78452;1266
ENV3;S6;D;8;20.834;21;;14.5977;35.644;3.2319;0.4706;26.383;7.6771;1266.1
ENV3;S6;D;8;21.826;22;;14.5325;35.6484;3.0178;0.4287;22.896;7.57207;1265.7
ENV3;S6;D;8;22.818;23;;14.4717;35.6542;2.6569;0.426;19.981;7.51955;1270.8
ENV3;S6;D;8;23.81;24;;14.4298;35.6579;2.4364;0.4593;17.478;7.45957;1272.4
ENV3;S6;D;8;24.802;25;;14.4133;35.6591;2.2247;0.4232;15.447;7.4203;1274
ENV3;S6;D;8;25.794;26;;14.3902;35.659;2.384;0.3974;13.867;7.40341;1276.5
ENV3;S6;D;8;26.786;27;;14.3241;35.6623;2.2215;0.388;12.301;7.41754;1278.6
ENV3;S6;D;8;27.778;28;;14.268;35.6672;2.0915;0.3865;10.776;7.37175;1280.3
ENV3;S6;D;8;28.77;29;;14.2421;35.6701;1.8972;0.3784;9.8287;7.33814;1280
ENV3;S6;D;8;29.762;30;;14.2377;35.6699;1.8467;0.3743;8.9338;7.32819;1281.5
ENV3;S6;D;8;30.754;31;;14.211;35.6718;1.8803;0.3576;7.9205;7.32758;1281.7
ENV3;S6;D;8;31.746;32;;14.2006;35.6725;1.8474;0.3298;7.016;7.31333;1282.2
ENV3;S6;D;8;32.738;33;;14.1977;35.6723;1.8935;0.3453;6.4223;7.30312;1281.4
ENV3;S6;D;8;33.73;34;;14.1809;35.6722;1.9204;0.3646;5.7978;7.29442;1280.5
ENV3;S6;D;8;34.722;35;;14.1588;35.6736;1.6259;0.332;5.1527;7.28369;1280.6
ENV3;S6;D;8;35.714;36;;14.1174;35.6754;1.439;0.3263;4.61;7.27641;1279.8
ENV3;S6;D;8;36.706;37;;14.1171;35.6755;1.5022;0.3357;4.2814;7.25101;1279.3
ENV3;S6;D;8;37.698;38;;14.1145;35.6755;1.5796;0.399;3.9551;7.25128;1278.2
ENV3;S6;D;8;38.69;39;;14.0959;35.6757;1.4589;0.355;3.5284;7.2616;1277.3
ENV3;S6;D;8;39.682;40;;14.0835;35.6763;1.4179;0.3387;3.1139;7.22678;1278.4
ENV3;S6;D;8;40.674;41;;14.0565;35.6767;1.3774;0.3246;2.9105;7.22877;1277.7
ENV3;S6;D;8;41.666;42;;14.0325;35.6789;1.3474;0.3411;2.6762;7.23843;1276.3
ENV3;S6;D;8;42.658;43;;14.0167;35.6785;1.2193;0.3574;2.4107;7.21544;1275.8
ENV3;S6;D;8;43.65;44;;13.9943;35.6796;1.2074;0.2785;2.1586;7.19569;1277.1
ENV3;S6;D;8;44.642;45;;13.9671;35.6795;1.143;0.346;2.0013;7.2002;1274.9
ENV3;S6;D;8;45.634;46;;13.9435;35.6804;1.2466;0.3117;1.8414;7.19178;1275.4
ENV3;S6;D;8;46.625;47;;13.924;35.6807;1.1557;0.3019;1.691;7.19166;1275
ENV3;S6;D;8;47.617;48;;13.8996;35.6815;1.0124;0.2884;1.5448;7.17951;1275.9
ENV3;S6;D;8;48.609;49;;13.8656;35.6823;0.9877;0.2948;1.4023;7.16425;1276.8
ENV3;S6;D;8;49.601;50;;13.8374;35.6835;0.8868;0.2752;1.2877;7.17784;1278.9
ENV3;S6;D;8;50.593;51;;13.7812;35.684;0.9441;0.3057;1.1906;7.17746;1278.4
ENV3;S6;D;8;51.585;52;;13.6656;35.6845;0.9019;0.2878;1.1066;7.17713;1276.9
ENV3;S6;D;8;52.577;53;;13.5296;35.6913;0.8426;0.2557;1.0269;7.16251;1278
ENV3;S6;D;8;53.569;54;;13.4933;35.6934;0.9623;0.2386;0.95488;7.12181;1281.8
ENV3;S6;D;8;54.561;55;;13.4733;35.6962;0.7733;0.2376;0.88735;7.11565;1283
ENV3;S6;D;8;55.552;56;;13.4549;35.696;0.6607;0.2384;0.81685;7.1294;1282.8
ENV3;S6;D;8;56.544;57;;13.4264;35.6997;0.6966;0.23;0.75962;7.13553;1283.8
ENV3;S6;D;8;57.536;58;;13.4154;35.7002;0.6603;0.221;0.71881;7.12806;1285.2
ENV3;S6;D;8;58.528;59;;13.3925;35.7037;0.5579;0.216;0.67536;7.11957;1284.1
ENV3;S6;D;8;59.52;60;;13.3877;35.7049;0.521;0.2225;0.62933;7.11168;1285.6
ENV3;S6;D;8;60.512;61;;13.3849;35.7051;0.4906;0.2179;0.5871;7.11935;1288.4
ENV3;S6;D;8;61.504;62;;13.3798;35.7055;0.5102;0.213;0.54192;7.13091;1291.6
ENV3;S6;D;8;62.496;63;;13.3711;35.7059;0.4701;0.2167;0.51075;7.11683;1295.4
ENV3;S6;D;8;63.487;64;;13.344;35.705;0.5491;0.2088;0.4804;7.13418;1295.6
ENV3;S6;D;8;64.479;65;;13.2638;35.7041;0.4702;0.2073;0.45151;7.12025;1298.3
ENV3;S6;D;8;65.471;66;;13.2116;35.7053;0.3504;0.1881;0.42492;7.10702;1298.9
ENV3;S6;D;8;66.463;67;;13.2008;35.7034;0.276;0.1832;0.3985;7.12281;1300.3
ENV3;S6;D;8;67.455;68;;13.1815;35.7;0.2674;0.187;0.3724;7.15188;1301.8
ENV3;S6;D;8;68.447;69;;13.1677;35.6982;0.2583;0.184;0.35091;7.14396;1304.9
ENV3;S6;D;8;69.438;70;;13.1375;35.6938;0.2204;0.1812;0.3352;7.1369;1308.6
ENV3;S6;D;8;70.43;71;;13.1219;35.6929;0.2037;0.1711;0.31787;7.14983;1311.3
ENV3;S6;D;8;71.422;72;;13.1105;35.694;0.2026;0.1826;0.29951;7.16906;1311.3
ENV3;S6;D;8;72.414;73;;13.0934;35.6925;0.1852;0.1846;0.28342;7.16247;1311.3
ENV3;S6;D;8;73.405;74;;13.0789;35.6932;0.1724;0.1708;0.26432;7.15587;1314.7
ENV3;S6;D;8;74.397;75;;13.0781;35.6951;0.1446;0.1658;0.24725;7.14331;1318.4
ENV3;S6;D;8;75.389;76;;13.0679;35.6942;0.1512;0.1626;0.23269;7.14913;1321.5
ENV3;S6;D;8;76.381;77;;13.0513;35.6921;0.1334;0.1663;0.21873;7.1534;1322.3
ENV3;S6;D;8;77.373;78;;13.0396;35.6914;0.1326;0.1662;0.20411;7.14694;1321.3
ENV3;S6;D;8;78.364;79;;13.0315;35.6903;0.1227;0.1641;0.19546;7.14879;1323.4
ENV3;S6;D;8;79.356;80;;13.0274;35.6904;0.1191;0.1597;0.18392;7.14822;1326.7
ENV3;S6;D;8;80.348;81;;13.0163;35.6886;0.1243;0.1623;0.17408;7.15112;1331.5
ENV3;S6;D;8;81.34;82;;13.0055;35.6881;0.1178;0.1686;0.1608;7.1582;1331.9
ENV3;S6;D;8;82.331;83;;12.9974;35.6874;0.1054;0.1695;0.15183;7.15475;1332.7
ENV3;S6;D;8;83.323;84;;12.988;35.6883;0.0832;0.1628;0.13983;7.15926;1336.2
ENV3;S6;D;8;84.315;85;;12.9706;35.6875;0.0901;0.1592;0.12924;7.15795;1339.2
ENV3;S6;D;8;85.307;86;;12.9524;35.6858;0.0714;0.1539;0.12238;7.16771;1340.6
ENV3;S6;D;8;86.298;87;;12.9377;35.6835;0.069;0.1576;0.11726;7.18186;1341.6
ENV3;S6;D;8;87.29;88;;12.9076;35.6806;0.062;0.1552;0.11011;7.18122;1342.6
ENV3;S6;D;8;88.282;89;;12.8894;35.6798;0.0368;0.1493;0.10391;7.17191;1344.8
ENV3;S6;D;8;89.274;90;;12.8861;35.6798;0.024;0.1581;0.096837;7.17164;1348.1
ENV3;S6;D;8;90.265;91;;12.8822;35.6798;0.0276;0.154;0.089438;7.16616;1351.3
ENV3;S6;D;8;91.257;92;;12.8601;35.678;0.0256;0.154;0.086353;7.17534;1351.7
ENV3;S6;D;8;92.249;93;;12.8395;35.6764;0.0137;0.154;0.080117;7.1939;1353
ENV3;S6;D;8;93.24;94;;12.8142;35.6744;0.0104;0.1553;0.075334;7.19727;1357.4
ENV3;S6;D;8;94.232;95;;12.8049;35.6748;-0.0058;0.158;0.071767;7.18219;1360
ENV3;S6;D;8;95.224;96;;12.7798;35.6724;-0.0148;0.1541;0.066145;7.1944;1362.9
ENV3;S6;D;8;96.215;97;;12.7641;35.6704;-0.0012;0.1494;0.062498;7.21449;1362.8
ENV3;S6;D;8;97.207;98;;12.75;35.6688;-0.0057;0.1458;0.055083;7.20704;1365.7
ENV3;S6;D;8;98.199;99;;12.7444;35.6687;-0.0151;0.1481;0.050932;7.21711;1368.6
ENV3;S6;D;8;99.19;100;;12.7418;35.6687;-0.0098;0.1503;0.048535;7.22322;1370.6
ENV3;S6;D;8;100.182;101;;12.7408;35.6685;-0.0186;0.1386;0.043322;7.1859;1372
ENV3;S6;D;8;101.174;102;;12.7363;35.6683;-0.021;0.1415;0.040325;7.18895;1374.9
ENV3;S6;D;8;102.165;103;;12.733;35.6679;-0.0207;0.1381;0.037406;7.19686;1376.4
ENV3;S6;D;8;103.157;104;;12.7311;35.6675;-0.0332;0.1407;0.035319;7.20457;1378.1
ENV3;S6;D;8;104.149;105;;12.7272;35.6669;-0.023;0.1468;0.031225;7.21526;1381.4
ENV3;S6;D;8;105.14;106;;12.7231;35.6667;-0.0302;0.1479;0.02825;7.20069;1384
ENV3;S6;D;8;106.132;107;;12.7226;35.6665;-0.0158;0.1461;0.023169;7.20597;1387.5
ENV3;S6;D;8;107.123;108;;12.7185;35.666;-0.0216;0.1498;0.022689;7.21708;1390.1
ENV3;S6;D;8;108.115;109;;12.7137;35.6657;-0.0083;0.1414;0.018142;7.21526;1392.2
ENV3;S6;D;8;109.107;110;;12.7111;35.6653;0.0033;0.1421;0.016586;7.20242;1394.7
ENV3;S6;D;8;110.098;111;;12.7031;35.6649;-0.0218;0.1509;0.01268;7.20355;1398
ENV3;S6;D;8;111.09;112;;12.6981;35.6646;-0.0217;0.1417;0.011603;7.19327;1401.3
ENV3;S6;D;8;112.082;113;;12.6955;35.6642;-0.0228;0.1418;0.0077086;7.21845;1402.1
ENV3;S6;D;8;113.073;114;;12.6788;35.6625;-0.0115;0.1528;0.0052912;7.22391;1405.5
ENV3;S6;D;8;114.065;115;;12.6507;35.6615;-0.0282;0.144;0.0045194;7.22087;1411.1
ENV3;S6;D;8;115.056;116;;12.6384;35.6624;-0.0309;0.1525;0.0017459;7.21048;1415.1
ENV3;S6;D;8;116.048;117;;12.6353;35.663;-0.0216;0.1481;0.0022366;7.18793;1419.9
ENV3;S6;D;8;117.039;118;;12.6078;35.6593;-0.0212;0.1479;0.00045851;7.16974;1425.2
ENV3;S6;D;8;118.031;119;;12.5864;35.6588;-0.0341;0.1533;0.00020252;7.16266;1430.1
ENV3;S6;D;8;119.023;120;;12.5795;35.6572;0.0809;0.155;0.000002581;7.15322;1440.1
ENV3;S6;D;8;120.014;121;;12.5729;35.6558;-0.0524;0.1475;1.00E-12;7.16243;1453.2
ENV3;S6;D;8;121.006;122;;12.5675;35.6551;-0.0392;0.143;1.00E-12;7.1755;1466.5
ENV3;S6;D;8;121.997;123;;12.5626;35.6543;-0.0474;0.1506;1.00E-12;7.16962;1483.5
ENV3;S6;D;8;122.989;124;;12.553;35.6531;-0.0386;0.147;1.00E-12;7.18935;1500.8
ENV3;S6;D;8;123.98;125;;12.5358;35.6498;-0.0417;0.1495;1.00E-12;7.18543;1517
ENV3;S6;D;8;124.972;126;;12.4978;35.6457;-0.0502;0.1491;1.00E-12;7.1931;1539.7
ENV3;S6;D;8;125.964;127;;12.4872;35.6452;-0.0516;0.1519;1.00E-12;7.20951;1573.4
ENV3;S6;D;8;126.955;128;;12.4749;35.6429;-0.0455;0.154;1.00E-12;7.23538;1581.3
ENV3;S6;D;8;127.946;129;;12.4584;35.6409;-0.0451;0.1481;1.00E-12;7.24007;1587.9
ENV3;S6;D;8;128.938;130;;12.4533;35.6405;-0.0455;0.1426;1.00E-12;7.24103;1610.3
ENV3;S6;D;8;129.93;131;;12.4466;35.6389;-0.0461;0.1495;1.00E-12;7.24795;1636.7
ENV3;S6;D;8;130.921;132;;12.4357;35.6369;-0.0462;0.1532;1.00E-12;7.24917;1657.4
ENV3;S6;D;8;131.913;133;;12.3984;35.6312;-0.045;0.1483;1.00E-12;7.2471;1649.8
ENV3;S6;D;8;132.904;134;;12.3795;35.6306;-0.0489;0.1536;1.00E-12;7.25251;1644.5
ENV3;S6;D;8;133.896;135;;12.3699;35.6292;-0.0586;0.1475;1.00E-12;7.26093;1641.6
ENV3;S6;D;8;134.887;136;;12.3617;35.6281;-0.0467;0.1505;1.00E-12;7.28108;1656.1
ENV3;S6;D;8;135.879;137;;12.3519;35.6267;-0.0469;0.1475;1.00E-12;7.26796;1604
ENV3;S6;D;8;136.87;138;;12.3429;35.6255;-0.0464;0.1442;1.00E-12;7.29241;1549.2
ENV3;S6;D;8;137.862;139;;12.3352;35.6243;-0.0525;0.1479;1.00E-12;7.29714;1524.7
ENV3;S6;D;8;138.853;140;;12.3204;35.6235;-0.0516;0.1514;1.00E-12;7.30136;1509.7
ENV3;S6;D;8;139.844;141;;12.3282;35.6267;-0.0468;0.1538;1.00E-12;7.29508;1501.3
ENV3;S6;D;8;140.836;142;;12.3578;35.6357;-0.0476;0.149;1.00E-12;7.28632;1492.6
ENV3;S6;D;8;141.827;143;;12.3705;35.6378;-0.052;0.1479;1.00E-12;7.23964;1479.4
ENV3;S6;D;8;142.819;144;;12.3532;35.6344;-0.0482;0.1464;1.00E-12;7.16355;1469
ENV3;S6;D;8;143.81;145;;12.3581;35.643;-0.0506;0.1644;1.00E-12;7.16083;1463
ENV3;S6;D;8;144.802;146;;12.3726;35.6479;-0.0595;0.1601;1.00E-12;7.173;1458.3
ENV3;S6;D;8;145.793;147;;12.3749;35.6496;-0.0596;0.1578;1.00E-12;7.14698;1453.7
ENV3;S6;D;8;146.785;148;;12.3764;35.6516;-0.0517;0.1477;1.00E-12;7.0725;1447.3
ENV3;S6;D;8;147.776;149;;12.3784;35.6531;-0.0672;0.1485;1.00E-12;7.01819;1444
ENV3;S6;D;8;148.768;150;;12.3751;35.6533;-0.0475;0.1522;1.00E-12;7.01556;1441.4
ENV3;S6;D;8;149.759;151;;12.3745;35.6543;-0.0407;0.1452;1.00E-12;7.01239;1436.9
ENV3;S6;D;8;150.75;152;;12.36;35.6548;-0.052;0.1459;1.00E-12;7.00008;1433.7
ENV3;S6;D;8;151.742;153;;12.3441;35.6583;-0.0481;0.1487;1.00E-12;6.97969;1431.8
ENV3;S6;D;8;152.733;154;;12.3373;35.6598;-0.0557;0.151;1.00E-12;6.93408;1428.9
ENV3;S6;D;8;153.725;155;;12.3232;35.6627;-0.0465;0.1433;1.00E-12;6.90676;1424.8
ENV3;S6;D;8;154.716;156;;12.323;35.6639;-0.0545;0.1477;1.00E-12;6.87186;1422.5
ENV3;S6;D;8;155.707;157;;12.3218;35.6641;-0.0569;0.1528;1.00E-12;6.83573;1419.9
ENV3;S6;D;8;156.699;158;;12.3204;35.6642;-0.0236;0.1618;1.00E-12;6.82045;1417.4
ENV3;S6;D;8;157.69;159;;12.3204;35.6641;-0.0609;0.1519;1.00E-12;6.82601;1415
ENV3;S6;D;8;158.681;160;;12.3186;35.6638;-0.0527;0.154;1.00E-12;6.81567;1414.7
ENV3;S6;D;8;159.673;161;;12.3149;35.6634;-0.0451;0.1456;1.00E-12;6.80372;1411.5
ENV3;S6;D;8;160.664;162;;12.3127;35.6633;-0.0542;0.1418;1.00E-12;6.81605;1410.6
ENV3;S6;D;8;161.656;163;;12.3065;35.6626;-0.0552;0.1487;1.00E-12;6.82927;1409.5
ENV3;S6;D;8;162.647;164;;12.2952;35.6621;-0.0458;0.1415;1.00E-12;6.83061;1406.2
ENV3;S6;D;8;163.638;165;;12.2895;35.6624;-0.0503;0.1418;1.00E-12;6.80598;1404.7
ENV3;S6;D;8;164.629;166;;12.2831;35.6662;-0.062;0.1418;1.00E-12;6.80958;1403.8
ENV3;S6;D;8;165.621;167;;12.2881;35.6698;-0.0601;0.1418;1.00E-12;6.80573;1403
ENV3;S6;D;8;166.612;168;;12.2922;35.6712;-0.0534;0.1444;1.00E-12;6.7644;1401.7
ENV3;S6;D;8;167.604;169;;12.2983;35.6743;-0.0466;0.1564;1.00E-12;6.71376;1400.7
ENV3;S6;D;8;168.595;170;;12.2928;35.6747;-0.0487;0.1553;1.00E-12;6.70669;1401.7
ENV3;S6;D;8;169.586;171;;12.2793;35.6734;-0.07;0.1538;1.00E-12;6.66678;1399.7
ENV3;S6;D;8;170.578;172;;12.2693;35.6713;-0.0728;0.142;1.00E-12;6.65164;1399.3
ENV3;S6;D;8;171.569;173;;12.2521;35.6674;-0.0623;0.15;1.00E-12;6.67217;1398.3
ENV3;S6;D;8;172.56;174;;12.2315;35.6656;-0.0591;0.1439;1.00E-12;6.6991;1398.4
ENV3;S6;D;8;173.551;175;;12.2316;35.6667;-0.0527;0.1447;1.00E-12;6.73211;1398.4
ENV3;S6;D;8;174.543;176;;12.2318;35.6668;-0.052;0.1419;1.00E-12;6.73383;1396.2
ENV3;S6;D;8;175.534;177;;12.235;35.6682;-0.0662;0.1454;1.00E-12;6.7138;1395.1
ENV3;S6;D;8;176.525;178;;12.2385;35.6693;-0.0513;0.149;1.00E-12;6.691;1396.2
ENV3;S6;D;8;177.517;179;;12.2349;35.6692;-0.0558;0.1541;1.00E-12;6.68773;1396.4
ENV3;S6;D;8;178.508;180;;12.2292;35.6685;-0.0533;0.15;1.00E-12;6.68684;1395.8
ENV3;S6;D;8;179.499;181;;12.2205;35.6671;-0.0492;0.1427;1.00E-12;6.68721;1395.6
ENV3;S6;D;8;180.491;182;;12.215;35.6665;-0.0662;0.1435;1.00E-12;6.66728;1396
ENV3;S6;D;8;181.482;183;;12.2131;35.6664;-0.0601;0.1527;1.00E-12;6.66885;1394.9
ENV3;S6;D;8;182.473;184;;12.2085;35.6663;-0.0721;0.1514;1.00E-12;6.69177;1395.9
ENV3;S6;D;8;183.464;185;;12.2055;35.6673;-0.0692;0.1455;1.00E-12;6.69568;1396.8
ENV3;S6;D;8;184.455;186;;12.2049;35.6674;-0.0677;0.1523;1.00E-12;6.68169;1398.5
ENV3;S6;D;8;185.447;187;;12.2019;35.6673;-0.0638;0.1593;1.00E-12;6.66366;1400.7
ENV3;S6;D;8;186.438;188;;12.1966;35.6668;-0.0605;0.1528;1.00E-12;6.65688;1399.7
ENV3;S6;D;8;187.429;189;;12.1929;35.6663;-0.0581;0.144;1.00E-12;6.6377;1400.6
ENV3;S6;D;8;188.42;190;;12.1822;35.6649;-0.0475;0.1594;1.00E-12;6.65168;1400.7
ENV3;S6;D;8;189.412;191;;12.1718;35.6641;-0.0594;0.1425;1.00E-12;6.67191;1396.9
ENV3;S6;D;8;190.403;192;;12.1524;35.6625;-0.0704;0.15;1.00E-12;6.66277;1396.2
ENV3;S6;D;8;191.395;193;;12.14;35.6616;-0.0684;0.1422;1.00E-12;6.64273;1399.9
ENV3;S6;D;8;192.386;194;;12.136;35.6613;-0.0552;0.1461;1.00E-12;6.67255;1397.1
ENV3;S6;D;8;193.377;195;;12.1337;35.6609;-0.0468;0.1539;1.00E-12;6.67146;1399.2
ENV3;S6;D;8;194.368;196;;12.131;35.6608;-0.0591;0.1468;1.00E-12;6.67003;1397.8
ENV3;S6;D;8;195.359;197;;12.1294;35.6606;-0.0609;0.1391;1.00E-12;6.66674;1400.2
ENV3;S6;D;8;196.35;198;;12.1283;35.6603;-0.0455;0.1457;1.00E-12;6.66588;1399.2
ENV3;S6;D;8;197.341;199;;12.1257;35.66;-0.0457;0.1518;1.00E-12;6.67278;1400.2
ENV3;S6;D;8;198.333;200;;12.1224;35.6598;-0.0567;0.1512;1.00E-12;6.67668;1400
ENV3;S6;D;8;199.324;201;;12.1203;35.6597;-0.0629;0.148;1.00E-12;6.65268;1399.1
ENV3;S6;D;8;200.315;202;;12.1184;35.6595;-0.0519;0.1466;1.00E-12;6.66603;1401.1
ENV3;S6;D;8;201.306;203;;12.1021;35.6565;-0.0667;0.1415;1.00E-12;6.67118;1399.6
ENV3;S6;D;8;202.298;204;;12.0883;35.6547;-0.07;0.1519;1.00E-12;6.67301;1402.7
ENV3;S6;D;8;203.289;205;;12.0754;35.6528;-0.0625;0.149;1.00E-12;6.68755;1401.4
ENV3;S6;D;8;204.28;206;;12.0588;35.6505;-0.0694;0.1527;1.00E-12;6.70097;1401.9
ENV3;S6;D;8;205.271;207;;12.0467;35.65;-0.0614;0.1463;1.00E-12;6.70705;1401.3
ENV3;S6;D;8;206.262;208;;12.0454;35.6499;-0.0654;0.1454;1.00E-12;6.71543;1401.1
ENV3;S6;D;8;207.253;209;;12.0451;35.6496;-0.0616;0.1473;1.00E-12;6.70216;1402.1
ENV3;S6;D;8;208.245;210;;12.0432;35.6494;-0.0688;0.1437;1.00E-12;6.70753;1401.4
ENV3;S6;D;8;209.236;211;;12.0392;35.6492;-0.0564;0.1538;1.00E-12;6.72559;1402.2
ENV3;S6;D;8;210.226;212;;12.0359;35.6486;-0.0535;0.1481;1.00E-12;6.71775;1403.2
ENV3;S6;D;8;211.217;213;;12.0333;35.6484;-0.0507;0.1459;1.00E-12;6.70626;1402
ENV3;S6;D;8;212.209;214;;12.032;35.6483;-0.0561;0.1529;1.00E-12;6.71036;1404.4
ENV3;S6;D;8;213.2;215;;12.0298;35.648;-0.0614;0.151;1.00E-12;6.73541;1404.2
ENV3;S6;D;8;214.191;216;;12.0281;35.6479;-0.0736;0.1418;1.00E-12;6.72894;1403.3
ENV3;S6;D;8;215.182;217;;12.0249;35.6477;-0.0705;0.1381;1.00E-12;6.72073;1404.3
ENV3;S6;D;8;216.173;218;;12.0228;35.6479;-0.0715;0.14;1.00E-12;6.71849;1404.8
ENV3;S6;D;8;217.164;219;;12.0164;35.6482;-0.0566;0.1469;1.00E-12;6.70423;1404.9
ENV3;S6;D;8;218.156;220;;12.007;35.6488;-0.0632;0.146;1.00E-12;6.69893;1405.4
ENV3;S6;D;8;219.146;221;;12.0062;35.6489;-0.0583;0.1457;1.00E-12;6.6853;1405.2
ENV3;S6;D;8;220.138;222;;12.0054;35.649;-0.0577;0.1478;1.00E-12;6.65775;1405.5
ENV3;S6;D;8;221.129;223;;12.0048;35.649;-0.0611;0.1463;1.00E-12;6.65482;1407.4
ENV3;S6;D;8;222.12;224;;12.0047;35.6491;-0.0538;0.1475;1.00E-12;6.67435;1409.3
ENV3;S6;D;8;223.111;225;;12.0026;35.6487;-0.0607;0.1474;1.00E-12;6.67338;1407.4
ENV3;S6;D;8;224.102;226;;11.9959;35.649;-0.0708;0.1513;1.00E-12;6.66828;1405.8
ENV3;S6;D;8;225.093;227;;11.9955;35.6489;-0.0564;0.1568;1.00E-12;6.65685;1407
ENV3;S6;D;8;226.084;228;;11.9955;35.6489;-0.0679;0.1557;1.00E-12;6.65128;1407.2
ENV3;S6;D;8;227.075;229;;11.9952;35.6489;-0.0594;0.1481;1.00E-12;6.66843;1409.9
ENV3;S6;D;8;228.066;230;;11.9953;35.6488;-0.0598;0.1479;1.00E-12;6.66572;1410.5
ENV3;S6;D;8;229.057;231;;11.9942;35.6488;-0.068;0.1434;1.00E-12;6.65959;1407
ENV3;S6;D;8;230.048;232;;11.9925;35.6488;-0.0725;0.1514;1.00E-12;6.65887;1404.7
ENV3;S6;D;8;231.039;233;;11.992;35.6486;-0.0647;0.1514;1.00E-12;6.66155;1405.2
ENV3;S6;D;8;232.03;234;;11.9854;35.6482;-0.0563;0.1433;1.00E-12;6.65453;1406
ENV3;S6;D;8;233.021;235;;11.975;35.6481;-0.0481;0.1537;1.00E-12;6.63649;1406.1
ENV3;S6;D;8;234.012;236;;11.9703;35.6482;-0.0651;0.154;1.00E-12;6.64131;1406.9
ENV3;S6;D;8;235.003;237;;11.967;35.6481;-0.0758;0.156;1.00E-12;6.64709;1405.5
ENV3;S6;D;8;235.994;238;;11.9647;35.6479;-0.064;0.1601;1.00E-12;6.6373;1402.8
ENV3;S6;D;8;236.985;239;;11.9635;35.6478;-0.0644;0.1531;1.00E-12;6.62832;1401.2
ENV3;S6;D;8;237.976;240;;11.9572;35.648;-0.0715;0.1541;1.00E-12;6.62046;1401.6
ENV3;S6;D;8;238.967;241;;11.949;35.6471;-0.0624;0.154;1.00E-12;6.62308;1402.5
ENV3;S6;D;8;239.958;242;;11.9428;35.6462;-0.0685;0.1583;1.00E-12;6.61367;1401.3
ENV3;S6;D;8;240.949;243;;11.9359;35.6457;-0.0551;0.1515;1.00E-12;6.61222;1399.5
ENV3;S6;D;8;241.94;244;;11.9312;35.6453;-0.0661;0.1523;1.00E-12;6.63036;1398.9
ENV3;S6;D;8;242.931;245;;11.929;35.645;-0.0768;0.154;1.00E-12;6.63311;1399.5
ENV3;S6;D;8;243.922;246;;11.9176;35.6437;-0.0612;0.154;1.00E-12;6.61777;1399.1
ENV3;S6;D;8;244.913;247;;11.9124;35.6436;-0.0718;0.154;1.00E-12;6.62831;1399.2
ENV3;S6;D;8;245.904;248;;11.9098;35.6431;-0.0616;0.1593;1.00E-12;6.63459;1399.2
ENV3;S6;D;8;246.895;249;;11.9042;35.6429;-0.0614;0.1501;1.00E-12;6.63687;1398.2
ENV3;S6;D;8;247.886;250;;11.9023;35.6425;-0.0642;0.1542;1.00E-12;6.63546;1395.5
ENV3;S6;D;8;248.877;251;;11.9004;35.6424;-0.0713;0.15;1.00E-12;6.61799;1397.1
ENV3;S6;D;8;249.868;252;;11.8987;35.6421;-0.0667;0.1589;1.00E-12;6.6366;1397.6
ENV3;S6;D;8;250.859;253;;11.8966;35.642;-0.0511;0.1528;1.00E-12;6.64504;1397
ENV3;S6;D;8;251.85;254;;11.8945;35.6421;-0.0649;0.148;1.00E-12;6.64504;1394.8
